device_id,temperature,pressure,vibration,load,failure
38,60.412874555874396,21.514519283552723,4.675698114679797,0.33051008180419306,1
28,70.37158898658242,35.20833366541675,5.0754980089994035,0.40823021310325314,1
14,63.344385148485216,21.01861716611232,6.021363234899671,0.9978485195589413,1
42,74.78071898356444,28.296979611281166,5.911213103795377,0.7751346991962201,1
7,50.06410484405964,28.87846586028177,4.449906708143923,0.877407955988225,1
20,61.35924567218348,29.652724310744905,5.486031602287086,0.3685745642456141,1
38,60.844667863899474,30.1790130001792,3.8721437538542443,0.23956044000617682,1
18,49.3074550624492,30.690737781837875,5.450414161315705,0.7679904683224461,1
22,69.56295002091346,17.923183689607352,5.148495305801106,0.8075760942571126,1
10,83.24673305852818,30.073279549350634,5.378979362363431,0.5498984459741876,1
10,59.82993925516169,18.852122129440616,4.702555245355767,0.8959415146473043,1
23,65.05021088273767,33.661090365454974,7.08407127365249,0.9673252567953258,1
35,60.84518475815327,27.22437422098194,4.098700292379686,0.4710206784313101,1
39,52.864153300928244,19.21481637388325,5.971551710968462,0.22266666778073219,0
23,41.79239722197984,25.92897661307312,3.9683016802316686,0.5171131070513137,0
2,52.94226516904635,27.14962330407673,5.504344174629321,0.9895332236756368,1
21,46.08041619048269,35.953498087775024,5.575789977251783,0.29292685968307997,1
1,77.04102078059118,30.983188708751225,5.054975871562285,0.617599323732801,1
23,58.84890306076761,31.7222247217529,4.504675589456296,0.6939836640699472,1
43,56.54080670952829,35.90610817110301,5.141134890745299,0.213928794345277,1
29,68.89153824787806,29.519278560377554,5.267010333430174,0.5884591228221657,1
37,48.78248897144112,33.770939805162016,6.789936486306282,0.3145070059691154,1
1,52.331359619954476,33.41930556965996,4.127659714699704,0.8542096090867421,1
20,60.68072269248621,23.567652532152938,4.444086503685998,0.7147535707060442,1
32,70.2876899142348,37.36491788814915,5.284735557069336,0.8262664274789908,1
11,65.01685045168789,22.898491099646527,4.743946209604748,0.19968239459195536,1
21,62.48325142515882,34.58683324738924,4.8999589622694,0.03457470568556764,1
43,60.78117735236016,22.414634815471835,6.070351835363761,0.8505256848098749,1
24,64.00235855526775,33.00618394075837,2.179733496570765,0.38675420041642994,1
48,62.016529051292544,39.30957439075087,4.4020506549821885,0.17972241191214866,1
26,49.70027725223064,28.935106717248942,3.2576307737487507,0.09189536526730491,0
41,60.46079221633151,28.71822178573427,3.8041835630959295,0.5165008060570913,1
27,49.26311341082247,33.05219999658425,7.40462449207247,0.15012795261194578,1
15,60.81082542900824,28.353017720187285,5.598168133952756,0.5666920244412568,1
14,55.19352058511758,39.091393518714106,5.951564925058104,0.7273065425127446,1
46,85.39381622782861,30.96096124729348,4.919470350213569,0.5350581715162521,1
43,59.601056162482884,28.39915245889637,5.75871382483191,0.903699782688481,1
2,45.95760433738411,27.298572360521582,3.233435492479751,0.1555696243356378,0
36,58.658197893230756,25.335257649134896,6.038298411769601,0.493953473250499,1
6,65.19358745637888,26.86122506621255,4.1801558814401005,0.16319045938663224,1
20,76.73363946152523,28.246633031707017,4.468684180674087,0.8759019264465465,1
8,54.10547600061282,27.561804632507098,5.5051510704546525,0.9322392763511381,1
38,44.1757202597636,26.70912362931448,5.316446758582215,0.39999588164284783,0
17,68.16837011430981,40.4942061517622,5.084620048393549,0.30574825784867465,1
3,46.19401294100349,24.84952461755255,3.6369038464196812,0.27931609542924873,0
24,55.63844558492515,30.733162938230873,5.099813668821642,0.8597273459907343,1
13,57.42379514489006,32.96260504880436,5.960561353483229,0.6824419246266452,1
49,59.30366546699892,33.15053997791866,4.4675129039002055,0.8805930546538343,1
8,66.89164457074335,29.70696462108764,6.3149370453402955,0.11751682948378306,1
25,53.16365717713612,28.796487140763453,4.127308064085991,0.47602792786407,1
1,57.262707478332395,32.25773745619753,5.006547891718374,0.6761790944650958,1
19,59.857296470506114,31.332608249891003,6.535327733376613,0.897090760752795,1
27,61.49597957518788,28.705205826162434,4.318600087300391,0.38201921391298865,1
46,60.978271747079226,22.190607141377846,6.053985483377074,0.3130900727102779,1
6,64.3600577522258,27.66038138833376,6.974652362221809,0.9129657091858457,1
43,68.43839509641737,24.26724918146271,5.17104406892415,0.04753326983016248,1
7,63.92634115650968,26.664202249668367,4.472983012616693,0.4795954898555801,1
46,64.53585523509219,30.1661161925848,4.227261197049977,0.45862656060658313,1
34,44.17776833253522,31.79368071998308,6.304602703347325,0.14605641389081214,1
13,60.50227699165681,38.902263756462034,6.276694199339649,0.3949501111813781,1
16,64.79507548001608,27.31296810548093,6.449309122868676,0.7225997399834834,1
35,67.2894119457045,33.87312817637575,4.967161649344053,0.36686844455425394,1
49,53.07649225766206,31.529800122189183,6.037806941527105,0.3096604796097795,1
39,53.40960725111355,36.47998835319895,4.95116060887393,0.7818954979063462,1
3,54.258993247164014,32.88114359797813,4.1169448783916405,0.9887154110274019,1
1,65.36413899891343,24.95759286356842,6.124176785112353,0.7793523739302797,1
5,70.33881054924208,21.384769853543844,6.633870278278205,0.8463432881590819,1
41,55.92539892708398,31.556308498337525,3.9793980272186804,0.939500749812513,1
3,69.07962313627048,27.357745010498046,3.9605690370993303,0.8017724660760315,1
28,61.23479809164594,25.098431270247012,5.039981934230124,0.980354289816708,1
17,58.757142228375635,23.662111477334612,5.956128605741,0.7472842547570616,1
25,57.88615770182031,30.804877487935777,3.8661808062460468,0.6615225511672419,1
43,67.46611364602157,37.53853849656682,5.227015736955906,0.6933485492496247,1
33,63.2557781678707,27.956638271469792,4.409573045940248,0.900081826774984,1
9,82.75825427647638,32.95135155537661,5.700829099825002,0.6830081508617984,1
35,51.477753570026756,29.488668248912038,4.20211317850411,0.7612051709476738,1
13,65.18101702029976,23.553089554483037,5.771803000274179,0.21600993369706023,1
30,54.70798990188487,33.674056717552084,4.841785189182292,0.9126496129348101,1
47,51.30713013011356,24.526539779863143,4.062859476318957,0.44721324217921077,1
14,59.89132862965028,30.108133152967824,5.063689955426889,0.16106733091280478,1
7,61.37352479407036,28.292397924973475,3.0620266855116474,0.7997871914274612,1
13,89.18173555060093,34.46538717282846,4.440905427895061,0.35639301763297415,1
22,58.15854184316798,24.709245037646568,5.3374010703246615,0.18411914296162124,1
39,48.69821270515317,31.954349539009797,3.2282452209681045,0.25625115917059504,1
20,62.73010717494385,25.801012963256497,2.4288631468945887,0.03494898039047023,0
15,39.25359962453632,27.444473938356076,2.6606326801868327,0.090622982893385,0
44,59.08043217395734,11.82399886229949,6.32712855550037,0.5926247353861251,1
17,60.160252822951605,40.460492858089545,4.92324098723727,0.8662178280944557,1
46,67.94600382945211,32.752784664131156,4.467534605992813,0.44853041339882616,1
23,69.73622249427846,26.16326257030918,5.945154735666829,0.6260581422997227,1
25,54.96430381092283,24.37672155833503,4.595550317530889,0.8097331012292842,1
24,58.49385985370067,27.5217562356033,5.268461899866732,0.35676891045806935,1
44,52.33879169389329,33.58439767409726,5.025755350923263,0.6543140703513343,1
40,48.71937445192306,20.539575372075372,4.529000579247022,0.350432425790954,0
28,63.098947793806346,29.29207790352831,5.294145883889106,0.6427153547720692,1
14,47.26414451403401,38.853209362313365,5.773261221420144,0.217607720139248,1
44,55.85373099428137,24.33026832016098,4.8150933829830125,0.97783965427042,1
0,50.048260401007624,30.401925193818276,4.539444426845385,0.07617776855654335,0
24,65.4968318629026,41.01654907628879,4.657487592000547,0.5052328495225576,1
6,78.01430099266489,33.160758148453866,2.7020874672142683,0.286296413052077,1
8,46.98412017196669,30.629619102427277,5.283059546508912,0.6008378348160848,1
23,41.46981517102431,32.53318227454501,3.7908887110114486,0.42830697991091105,1
0,58.751131146499326,27.99567332495149,5.629718724118924,0.306665587609927,1
43,60.15697795957758,36.4981564265172,4.9095758993247065,0.25003763828293546,1
7,62.18659306757298,28.00334988549894,5.105121096530441,0.18249861419761482,1
23,55.53679484765655,20.204091956320113,5.700329170606202,0.7828793161887624,1
10,57.99360701174568,28.0434844802977,4.073476233659065,0.22219993709364605,1
16,63.67510410540602,25.166327350616484,5.369248443350957,0.7735261963759154,1
7,70.4043089264484,28.594029939012852,5.2676210525626646,0.4850386091543447,1
34,40.449512296817176,28.704579704596846,4.815219167357207,0.07222802135619821,0
34,56.310605609685375,35.98711599902454,4.0718137992364625,0.16544267765373588,1
32,62.13808793941063,33.47646363332193,5.595238364055164,0.8929046441221986,1
4,50.82023895389264,31.316327437876982,5.703454544419316,0.6028158220051297,1
41,77.311696317673,29.985272943337023,5.113602025977884,0.18433317872168442,1
38,53.64590119771263,24.705709955710027,3.929697584285355,0.7037649152008011,1
40,59.58707312992717,19.094123811671615,4.472550967074546,0.82326174442849,1
27,65.56022096842291,30.565800056963916,4.939667277579933,0.33065314755847486,1
6,54.087152111981055,33.97320601786829,5.688494549982093,0.5565952128107126,1
8,41.53426952195583,29.458330583777055,3.4165105988868834,0.293449970283137,0
7,55.71345473083467,27.325728386066498,4.436196535695624,0.08006171772058623,0
11,70.2944055592704,32.32251082607106,4.597327440057797,0.3995090777369359,1
33,56.631048732148614,29.583338996878265,4.9167784205969705,0.7514320191148862,1
32,51.53565698541021,38.42872095986981,3.6986747159751534,0.4586802788882769,1
47,69.25672209502721,36.16364171034142,4.782467221626667,0.4052690080201573,1
22,56.692251039769474,34.797540285116646,4.68951643568741,0.3660071888394212,1
23,54.89839186349783,33.78867057104952,3.9624081285103436,0.4589168226695497,1
36,61.4945608966331,23.549162927742714,4.882032415831316,0.31822895213266544,1
34,67.70750209618788,33.314968510263,4.458830903214498,0.6121841949118747,1
43,83.81713531732547,31.881629788232875,5.4955861425097075,0.063565979524695,1
39,68.27236107657423,33.03212364195582,4.114672438995662,0.8073881734473142,1
21,71.59839966388344,32.46304743406526,5.0898341221284555,0.17316694715333758,1
26,54.940338010121444,32.263812939240324,4.191611162770732,0.6334447282887445,1
34,49.741318940305234,43.504332347747976,4.400245761841187,0.44988252305224075,1
0,60.62331349619123,29.619071650240404,5.297291627705405,0.7734935468788069,1
34,61.07169915259596,34.68168690414665,5.234717732842156,0.8261399868210566,1
36,49.214872586354026,27.645050948679984,4.582977817421639,0.2042003721856671,0
46,58.24705470095987,33.95320791943836,4.730589381667333,0.6771791474377556,1
13,63.99317601719131,34.69659945116228,3.546393554890476,0.18990750676750623,1
2,63.6039339501808,31.82213038567674,6.4027643105807,0.12399826083488463,1
0,65.04287853384272,38.3462347118825,5.687456397878028,0.9302961014712511,1
4,62.90964730137443,25.578619818197915,5.651448050871107,0.16438907044134288,1
25,54.929913407299445,27.563895291658888,3.4049677830437846,0.22813193258273334,1
13,54.86099373351157,31.061900430117447,4.404510007510713,0.13032400778796893,1
38,48.010486020061236,34.40403426742111,4.665453971076377,0.47029188937145583,1
26,77.84775039185095,30.897147606474665,3.0689385079659877,0.9196073225243904,1
8,60.13450364619293,36.42879518255283,5.889950096076086,0.2640557387122444,1
14,57.75146944205148,26.6915506451684,6.453884488548136,0.5418521307492897,1
14,50.71207918547541,24.29710755255723,7.061934956003614,0.4114587370927649,1
25,89.35657902327779,31.540641682682523,3.9541161724822635,0.336009410840477,1
41,49.26671967777104,29.61409861943152,5.117323496834274,0.5721526912635747,1
12,55.71152074393927,32.7143186017911,6.322818269150421,0.5588929011688109,1
31,64.1583683628606,29.86298854566748,4.7463815210530464,0.35936660088400063,1
38,66.00212965744278,28.299901046882717,4.433012086157322,0.8505632965660417,1
48,69.57932055215684,29.625312141381382,3.1339823264555093,0.05317210774952519,1
31,78.07608507769262,30.144244473965923,6.132622457771749,0.08523839516730791,1
3,65.06157655460713,28.475093500758348,4.980739243926635,0.9907812599667379,1
29,49.439692000333324,28.98433976838286,4.270658141036938,0.7476829120511791,1
36,57.430548748782186,27.98203331506545,5.28385728982886,0.8039289034300985,1
22,63.07832372513885,34.28332559934703,5.153005373178665,0.6027010751387972,1
38,80.68226041505824,30.970105022528998,5.168259102354591,0.4198604260264598,1
44,46.02194521575703,41.28376236084383,4.782901937673325,0.6292268787323075,1
14,72.02576505225227,30.803522756392308,6.622358158763365,0.09258470560871301,1
42,61.79914369546417,27.24571264835669,4.866340266737578,0.7577691683021629,1
28,68.3783053522948,43.35337687431532,6.6193220763233045,0.5407430471438495,1
35,58.98005283364068,32.06813188857168,5.564116926400198,0.9567318905380923,1
12,51.575673698736736,34.95062393446408,5.351170142761731,0.6374752577076498,1
31,67.50872779401332,32.96051491601246,4.886725246721845,0.1516925371784511,1
6,66.54431027105622,33.11505514648874,5.9739566935459205,0.47755011497804667,1
21,69.72056965739722,32.678270256762374,5.112991767577995,0.05782224921932111,1
27,59.866953646213645,24.489577176119674,4.0678687848864685,0.7454295592918714,1
1,54.001779766801505,31.83764523780706,4.034507809001965,0.5018315215683176,1
41,44.412130049761586,23.375693480748804,5.422484621934272,0.3696533697923695,0
44,68.19373268139407,29.12818581793733,4.092621114833504,0.9685493816720391,1
5,64.23889482443985,26.371912717183562,4.937768943027501,0.9405985189673799,1
27,50.342173671360406,31.78735092924362,6.057184538551091,0.9528319968261196,1
27,54.614263267033756,31.67063123669117,5.303970177894334,0.2209702422169102,1
43,55.332411880485594,32.405729453825934,4.277865129671253,0.7285695957189922,1
43,45.17015568017582,31.436482863745436,6.40998751161614,0.9453821372024561,1
19,51.82317603394866,26.965873291068007,5.5478752369947015,0.5708702567066337,1
29,48.66169643193646,28.6949825532416,6.017792987204089,0.21416034393317118,1
10,55.87520988112063,34.60198080627242,2.7324416567906975,0.8178124638822623,1
27,52.61302501670437,35.339283386472,5.330852878262746,0.8799182473267118,1
24,43.72995079133251,24.26608450686725,5.842157836379894,0.703235386386514,1
38,80.22590230569482,22.34536183743677,6.700288642297992,0.2935528775355962,1
32,72.52540731029231,26.36555308397644,3.5361814158489584,0.19069389865445274,1
0,52.209805784800146,35.22603791016125,6.206114589194533,0.6242698011967175,1
26,62.7242139665361,36.074420150915174,6.644380285701245,0.48280052480244795,1
12,64.17465089821295,25.37644059799414,2.9827110227210207,0.6687827244132721,1
40,71.91085854773476,31.536546768681692,5.478591109869742,0.11169966546236598,1
2,51.81394973339921,39.17215666570044,5.617620814340702,0.1359135510480638,1
38,70.92106783982426,32.07655738620167,4.672992337348094,0.36288955597687156,1
5,54.52094695793065,37.10751642616547,4.50990553993371,0.25876028762887504,1
7,46.641375958313866,34.993632850415494,5.667853913287822,0.6193386310926708,1
26,67.24136559314498,25.449006468860446,4.385018246589368,0.36754052936218806,1
8,72.90758424122428,29.05009288251461,4.782750671581902,0.6839707861478839,1
36,85.87908973530685,30.173772391459238,5.812434900823922,0.7687984021056897,1
32,48.002747349097866,30.5206669401067,6.754043050326864,0.18716757021918173,1
41,66.98919685080789,34.581644767192856,5.537984272542018,0.919823835415061,1
43,55.90198756206467,32.04342381137704,5.133484495414511,0.7871598402865702,1
23,67.83358710524031,15.318995281109425,4.483602515339229,0.6267808021542753,1
14,45.295104487687496,23.43579863453637,3.989399959348944,0.9089288547481374,1
31,47.37230224301436,19.063095425119783,6.10957824150095,0.2658687496191996,0
31,52.24125176833516,30.87682620327667,4.846550148873115,0.421713201972018,1
23,60.78964045668084,31.202438247338804,6.1507032746667285,0.08578698040060162,1
40,53.58918733461645,31.41612479305359,4.670448122004538,0.4561818211571078,1
48,66.5905434391342,25.20535866142692,4.350711338638988,0.5064007295977209,1
48,70.26894618257914,33.370720025599944,5.420798888827516,0.6160669236600617,1
11,65.99577541245355,33.581312482342646,4.9234640607316,0.06403921308436733,1
38,76.18787639660869,23.72425466397421,3.7944713953892624,0.0324660192337024,1
1,64.15826629455343,22.66980899275564,6.817368329781848,0.4198901652810969,1
2,47.83103289659833,29.99934156886531,4.373016226228362,0.18913331227592522,0
48,73.6337651353834,38.958911368066794,5.927591521174214,0.7587883421524628,1
36,53.948437643940025,38.498713710993215,5.8418566293964815,0.6687362841352302,1
48,69.10418499685571,32.81702180224026,3.740537235085643,0.32582697438305186,1
16,75.73734216555107,26.350016642099618,3.9976123553835157,0.045783265163332754,1
48,64.56688010730399,34.43421329744292,4.698490660299872,0.18244362384351764,1
1,45.038411868353506,27.737878675954793,4.134353455421683,0.691679342613111,1
1,50.81787833490208,26.162464816630948,6.7264563718786885,0.9901648933369768,1
27,73.22744466885135,19.280165841890028,4.7998243632014885,0.3264604050995823,1
22,58.308773143571834,30.511910991738265,5.889749042814068,0.8019962869653935,1
36,60.79573534942166,26.850663254313126,5.513637389000204,0.8670964915987571,1
31,67.5882441616361,30.482151897642524,5.264022448996354,0.048180872158477106,1
32,66.96322862080324,18.503211518814695,5.040321210739588,0.9162215979222146,1
0,62.78799812385461,30.849133362918437,6.2371307077886975,0.4662027043699545,1
18,57.91331628779534,17.84439418014186,4.174907026664983,0.9642422065371677,1
1,56.87331554267643,35.43970126634276,6.726335310456586,0.5385558274531159,1
43,68.57898825291343,32.60945617067542,3.7127768194959048,0.23514350989864785,1
25,65.53569531067794,28.60667614287706,5.7815117256224235,0.9746683074076278,1
31,57.4269999938221,32.813599300410395,3.5948361400602176,0.24330491411596689,1
5,70.82112312993141,25.10962868668224,4.68429444777304,0.8824782275975037,1
31,58.70965884870216,30.361877578074463,5.093309938060967,0.17312849471855007,1
3,51.48337825665607,33.973870192301675,4.513304651170486,0.674767572756628,1
10,52.410293010966555,14.528553754543053,4.818330430383109,0.411291608886194,0
16,50.21259163690234,27.763878201612382,3.6130295520692064,0.972018173151445,1
37,57.27589983396313,29.88677934931813,4.0125495312764485,0.18477263113925457,1
23,72.33724278336193,29.018531911271168,5.498264707195882,0.40879467300808103,1
4,51.94904818969491,37.285509131137026,5.029671824977445,0.6397763240437412,1
33,61.884757610181026,24.380494375385577,4.309471974178493,0.9776204232754402,1
5,53.43310654372587,26.894203782773854,6.324277763129672,0.3038630766313405,1
21,57.39690958728563,20.42065486845776,3.780069100009784,0.3968710510447775,0
10,44.89958788014748,37.551433256365726,4.6384095341359375,0.4617919873223596,1
47,57.79461770843463,28.768549286956,4.4943437218215285,0.2527004912961761,1
15,58.06294620195038,27.807955559816463,5.615037627761044,0.8173547004036422,1
32,65.40287944035695,29.73758658844643,5.048163691137194,0.0919956057523027,1
8,62.232809132553705,33.18117914215162,4.891834753465403,0.7047899317063026,1
5,48.01607875047955,31.736817017580623,3.155783296132761,0.5339289699575355,1
15,70.84198244043543,43.239421067785436,5.865034480632093,0.24192695598571246,1
28,62.10303040221996,32.26967944201887,4.782174185168263,0.49283047353404874,1
2,61.98393517177487,27.673772854154596,5.11566101761042,0.8299490921942051,1
19,59.90817646614861,27.193216312380265,4.251436779906123,0.4454416039221264,1
35,54.8224255277778,28.036205237915954,4.094171237182927,0.12189776491497717,0
18,62.17802339748726,22.49081537685081,6.4992877584756865,0.040801962131519764,1
25,64.75588435928583,30.19932103745793,3.2267614217375873,0.7777962941135569,1
2,42.53104308654445,33.91734053104459,3.9458009722172283,0.3304331458340406,1
18,54.61239162653904,26.93318199688382,6.480492152669081,0.9312446965741359,1
19,57.45053029596411,25.963099718579443,5.640746380998654,0.6171471810005225,1
31,62.56170605694278,37.57972573147117,4.67453746825758,0.4362838911681629,1
6,71.93311005927126,22.867584216894173,6.246596314288653,0.5644649201507126,1
40,52.28259185403218,19.660908117613495,5.446860116396008,0.4571326449126326,0
32,55.02038153182158,24.235490281763088,5.232660091974419,0.9058110823832864,1
39,54.8746588935345,22.297836414378516,5.225562017102417,0.45802186936729083,1
38,51.98472409895459,31.93113032052291,5.465238217214494,0.10406450858874738,1
17,56.528135048877374,28.19647749775213,5.505692501297453,0.5970880391584586,1
39,67.70802219987971,28.9015647748808,7.1959730528959565,0.622981046150319,1
0,49.461645046356544,35.764670884873865,4.8051071883273275,0.7653300727930347,1
10,64.27814395152903,26.543325694186116,4.835952811851796,0.9332841415510088,1
27,42.98097769981665,33.875447058728206,3.763106812429286,0.44308168212345045,1
24,54.38662003557794,37.55661399601601,4.948102613178982,0.3520766066073058,1
49,56.70510699782014,27.721687509931698,6.862886899544819,0.49077101574749926,1
22,76.74859672914064,33.685114277781565,5.984485002434656,0.9001989019112971,1
30,57.25197695247312,28.790910437355098,4.456332256124672,0.9799823818365201,1
29,37.987565265490815,34.62049064420395,5.030041364521285,0.9712350066137421,1
41,40.011110931387506,22.142554062118634,3.7035616244150056,0.22969551280522804,0
34,60.34029586346681,21.77243877437327,4.030880655701694,0.4968953615618763,1
6,66.13770855789909,28.043661425462297,5.149441152613718,0.25947402585501145,1
15,63.75455857627253,25.555375954701148,4.505545397179548,0.36798278236704707,1
25,61.675701058009906,27.416454452850573,3.9554002106215815,0.0316841055415471,1
47,71.62259597505667,28.9023670877643,5.489840764737892,0.16060117927158346,1
48,54.60408779262868,33.600067659181256,4.917749913346676,0.39707595468702717,1
1,68.94910556026825,27.961697107170327,3.4324496283089605,0.3647046322230644,1
0,43.679851149735825,25.880693446884568,2.924853033832212,0.2788325511313381,0
47,50.95052167061934,28.242433116205504,4.429988501425746,0.2303095770863034,1
11,41.929586050681834,26.15427360096691,3.411734856558472,0.7489557144473902,1
4,57.25154699330208,25.329972489686426,3.131088593529346,0.2945496998113911,1
36,59.53738782733657,21.934915932115153,6.128969201402086,0.7065436314627433,1
31,61.1410149222652,30.347390581105394,4.902289110134707,0.3686251090816638,1
8,60.61883352887135,27.156471467014732,4.734553621774497,0.8019792390755577,1
40,50.72446669188272,34.83139369617336,4.811594183849251,0.16723334873534212,1
34,58.097591555867844,22.763019539705297,3.8621678492070304,0.15760388036957818,0
18,45.02553331394252,27.289582224760608,5.410976165014168,0.6796722670410044,1
47,73.6322897513225,39.06453610329375,4.869299673267459,0.9149152418088552,1
15,56.96373927101999,25.30195241451075,4.242591344020588,0.14298670483287135,0
2,55.11113880956309,28.81733373951938,4.392371315475001,0.07370461784381699,1
19,75.88940328444083,23.920780085873158,3.7725412867877046,0.9346372068218237,1
23,47.57753466450771,23.257862436095095,4.593757127098165,0.11732694386581943,0
32,48.74412885968031,37.73655491543839,4.760372119217486,0.2503669197656827,1
23,49.037796751314346,30.855197463185736,4.567716670870036,0.9294941674200807,1
10,59.32128618300518,30.668394191188117,5.055154557341586,0.8029178929602216,1
48,64.31631629637597,21.518418824418887,4.921488295238244,0.34275781365729385,1
7,67.39675468117834,31.793706940541515,5.2307685386646074,0.9545277196565934,1
35,85.7199531749497,35.78710972996913,5.9430970369215945,0.5680485131987375,1
37,37.50567545799236,35.74738530414265,5.59302347721308,0.07224826262769324,0
39,66.08735589124417,33.341666148030804,5.9545898405103355,0.7030668772678146,1
19,54.42869427427769,24.35257211202298,4.152265770173771,0.5372773578233019,1
34,54.135848511112265,31.56561708596496,4.491385105911343,0.5725880505191555,1
47,53.80227871746122,33.337924802383036,5.653596683945968,0.994104244325465,1
24,50.91230329192027,21.027782074555493,5.671477671432086,0.15251428329954153,0
34,76.84524834603451,24.393602042591077,4.321379382463118,0.6567959002878923,1
24,68.42297327013902,34.44078660871721,5.611583925781742,0.4587410972296917,1
28,60.23195978557375,34.38022888335964,4.056467883354058,0.27189312488799566,1
17,73.51015752487001,22.25708483189304,5.481055724141794,0.6935447916629628,1
45,44.874710347011245,33.97510729634586,4.973703799134359,0.6682128072499999,1
17,46.69294868669074,30.47651699576809,3.6155643960936636,0.8564951081235301,1
1,38.22032267805312,33.905044773035755,4.565926178240593,0.878869235186504,1
34,53.00585459876712,26.827393382830294,7.182267809695493,0.5618194530492381,1
15,61.61698526704753,33.22591748240451,5.202780362804995,0.32557256606771745,1
40,61.02858577932334,34.21914387242812,7.3004499767182605,0.5295804504381451,1
35,61.49341911059881,28.243325322721443,3.5560734701249634,0.35925512670286286,1
32,45.88943168933918,30.08876273086643,5.750741792663842,0.2773560840296114,1
3,68.03154742614022,26.757391852476733,2.4656638081928843,0.5515753777771667,1
32,62.39627518238998,38.2581947434294,4.999764515085217,0.6579341741630693,1
13,67.33054281465999,29.39864030337117,5.631217377651321,0.5905712869103942,1
20,41.07237822409948,25.38987837411409,5.837890094996276,0.9544195213633195,1
47,63.1149085879779,26.42087043062625,4.200730275419587,0.2986361185539649,1
19,48.12234760082473,30.633853005710566,6.039090421976736,0.37234168505467413,1
7,56.026767474486384,33.766655858891056,4.4662852399553055,0.6676428232235537,1
6,65.34364898636383,23.32086577424739,4.835902748887603,0.6003586275036069,1
2,60.91093606255913,39.238300014712244,4.566677780643366,0.0018633853373635212,1
16,51.48460020220681,31.543376470278083,3.8636106492676685,0.3122854685267412,1
32,60.06273156184418,32.33227986484706,6.569719587420859,0.25376185246863747,1
47,44.68464684756357,29.51405228088282,5.048017817158077,0.8399148866460157,1
11,71.50267395898297,30.09629483675563,6.087318378658628,0.866248730884929,1
21,57.94715980503749,29.258584310362984,6.044711241764601,0.28389314103115826,1
21,71.18549944255327,35.0889798451798,4.032059785727017,0.10207115362753638,1
45,54.73468312903957,29.96035706273315,6.216127247671602,0.20520194705869943,1
29,54.76424011593417,33.83525109246355,5.503414243549322,0.17656839891905896,1
37,52.35813213362154,27.83076238323714,3.959098135527111,0.23743535928508963,1
37,68.76173931693076,30.97820264156158,5.448850831341504,0.2346449022974153,1
44,52.905688426715244,25.980398278802895,3.9770321151319323,0.4798386489009734,1
7,66.44595432415177,36.082641162747684,6.60645836797864,0.31964138073756454,1
26,56.1754760233071,25.83126379640442,5.813786744922097,0.5598217508554438,1
26,40.240367001083804,28.375102778693368,4.928851437808965,0.3441346243408415,0
33,54.29685932213534,28.425197937726274,6.264803618217184,0.8146769299652705,1
20,48.208917856371514,28.230243061631157,3.4180123552964625,0.9507924777837377,1
29,60.33902723682338,33.61247884721469,4.250658699879959,0.40391845335502474,1
32,48.09592264325509,28.41671117631678,4.747580278259629,0.049468534786554885,0
27,69.25975100714616,36.96962265270536,7.235684681425518,0.2395782473678394,1
46,59.08924139646973,25.90762456934916,3.9295170991265946,0.10185816420304172,0
32,58.22404005241261,30.846887349713533,3.2926940582593263,0.3447639098129067,1
4,66.55892137787583,26.121070053437002,3.5556144855017293,0.6451142341801696,1
47,69.63906934075862,32.104863912657336,5.906215869205601,0.5189079089445107,1
18,59.79901248230348,29.92025136511615,4.405807729461143,0.24287567802763843,1
3,52.28799700450709,29.224689776507606,4.840913335631386,0.7672590526426567,1
34,42.260303838878706,35.94237483251762,5.762832641674485,0.1314807293797291,1
48,53.1395024296482,26.72829064472448,4.841915372042088,0.22819597512470113,1
16,53.827877533520386,32.93257578809,5.204146604508056,0.6760471505926748,1
43,61.070574529922965,26.15520043662604,5.535215147609695,0.19723438668886684,1
27,56.54853118861973,30.56342600080187,4.5693236080397845,0.6787627158785893,1
29,66.87932972051428,24.022123358882773,4.833682940070316,0.9769413502961499,1
28,53.87016728729311,26.6874142684663,5.241955402321011,0.8313532871961532,1
45,59.42958833147058,29.589284772135674,5.8681792730532205,0.16001054036292384,1
5,71.8398744319689,39.073245836615385,4.207630735819351,0.5204984215032535,1
34,63.418252139549665,30.504019352298872,1.9794240781702204,0.4223215634324846,1
40,59.39962458311435,38.27334157933353,5.679583149385647,0.9916694132333971,1
36,53.98055558064823,31.10161645845459,5.927715918750085,0.9644007017405828,1
23,53.66768603285023,28.064578777625304,5.200034162130172,0.12711205277090487,1
28,51.493867470480524,37.696782613003464,5.2682932189565355,0.9087308720163334,1
48,54.589931342171006,32.1850881103671,4.4356901058598295,0.19341833803845876,1
45,67.55665838744315,26.78639203058643,5.500183421534924,0.3194515017127493,1
30,57.781117287077315,32.352857297001485,5.853166819684189,0.3534079797309434,1
34,46.502269306187685,28.53702625046195,5.056496341418485,0.2868220451218215,1
32,77.68169293059783,20.05482901914352,7.4912483300072665,0.8532437931669293,1
20,63.19965191145163,34.67986579632809,3.4362589123286202,0.32993240587637496,1
31,45.9305659948683,35.47467027820964,5.162961670856347,0.8167384190851912,1
22,55.58151072759176,39.18971014996138,3.8256470376826854,0.9943768165049572,1
32,61.10886382828418,32.110718460976315,5.87984592395689,0.8407615378270457,1
2,77.04592093297377,28.75638287958734,3.4185245719578186,0.34614292643429223,1
17,48.91887541741131,34.17494713689293,3.6660784572823015,0.7112523934128624,1
24,69.76040719355947,34.24910182659453,4.366813059450795,0.5339234469910733,1
41,73.99486426972344,38.19140591568211,5.2658321698554,0.7865177838834085,1
30,53.7134569492543,29.776861884667788,4.404528611338383,0.15309739464624172,1
2,57.22486381139767,29.172105137162028,4.414558737400907,0.6381345926459039,1
39,49.6369075262623,26.422277901207362,4.819109545073915,0.7736667733417346,1
45,57.96538858919695,32.68731043362601,4.757759840938494,0.7612313354066401,1
23,59.63410025657069,22.258691658845823,6.487449388318524,0.9635930056037816,1
49,66.59649998082371,33.88043686431282,5.685911119668968,0.058411380784320066,1
31,70.90183471020447,32.93917560932895,4.675423260215356,0.34577936909229057,1
46,52.519039353783526,32.92535101229186,7.097011911213614,0.4765535817914388,1
21,40.326749357740056,30.6911261825092,5.491661174856009,0.3097635283920812,0
22,59.78755220723758,37.664891237655425,4.031037944686451,0.3097895136724709,1
1,62.935375299686406,34.359967327134314,5.256513739991844,0.17612860668992636,1
26,62.49417687685042,26.9646140431215,5.535512544865314,0.8129514030252077,1
41,56.73326752490956,27.054104751511765,4.312375280938651,0.9080690443845424,1
1,61.247520996639345,25.601630932926817,3.947491089193961,0.08232735957175052,1
25,75.15444808352248,32.756416663877935,5.086459090042442,0.15489891175829862,1
16,63.817341689625096,24.999305393800217,4.639778228693965,0.2284529998718532,1
39,56.26631574996915,35.41696071791676,6.479127888455443,0.5089874838541691,1
32,54.99802182904004,36.614866541727714,5.741155824084915,0.7911720333009671,1
8,58.301476423222695,25.604918655247744,4.359224725913419,0.0714555247649502,0
42,76.3673996183064,29.072257327035732,5.4259381109485885,0.6368129856584286,1
47,58.166992904738024,30.083104906812068,6.26712814272474,0.14933545627041978,1
38,59.80205655479292,34.41991580234834,3.60619555410035,0.9714570678762653,1
28,55.17686429063697,38.04671687804938,3.977221759012248,0.8987734308517418,1
41,70.98983357441965,21.57253803565711,4.988831382720469,0.949582848945752,1
25,79.59837254744676,28.409096412366587,5.035601967905034,0.10616387758270807,1
34,64.50613049431388,28.669916522198264,4.9478024945371395,0.48803638285419193,1
49,60.827729037854255,22.99665072556726,4.689222821212322,0.16524656699837525,1
24,60.367828331742345,27.574449903479692,4.67393967754798,0.6003555507831663,1
23,36.15693211214254,32.13884472175305,5.384258136821629,0.2327391126618641,0
12,67.45150864284817,28.606605485802213,6.133942553639173,0.7706309833689707,1
6,61.341664159958434,22.276894156962932,4.519047270311574,0.6440026006496677,1
35,64.28342050660726,44.37041349004957,7.438399345170653,0.5716045942872687,1
44,52.88537805916295,31.330889326020902,6.9606914357403165,0.8252271579653299,1
19,56.15543121022908,30.558470650533376,6.329255629580081,0.5002730308349489,1
0,55.88975063496827,24.51036818466477,5.6224833345615615,0.2698517403456846,1
7,70.21622984073039,31.303530809856376,7.007988106470156,0.6207054968000881,1
45,56.212401633969066,29.178931079792527,4.709884635000591,0.9570626321978061,1
15,80.82660322109797,20.557382936422968,4.167395588009765,0.6011593633442057,1
13,64.30862419015037,24.648722799927917,4.474027940596016,0.6296194490394307,1
11,47.243173400042686,33.97463008836972,3.9970571969099185,0.9347506812596642,1
22,58.71453706748043,39.720088250002206,5.121801322313369,0.5152751003077449,1
14,53.48324877843584,31.835827025215224,5.299830464127743,0.9963574617147924,1
27,38.056175301799755,35.515416391466836,5.200839838681107,0.15966204353307545,0
33,75.9947094011379,29.22122345708395,4.9875686478182,0.5370398430123202,1
1,67.03142542220004,29.567269196596985,5.133154528171615,0.21290084101438145,1
31,65.33207317899313,35.45489513809733,6.736323808849889,0.4533263683406926,1
22,61.654036602997046,38.313886445897346,5.620051867639084,0.1705739095017681,1
21,46.17982431307563,36.505483467328105,5.922508796604822,0.22252877152580608,1
24,55.163828604445634,24.668184623075906,5.190789936686788,0.2108000496322635,1
21,68.41780774784013,29.66520554842377,3.3844113015319226,0.32003133902400793,1
21,49.487799702174975,31.387623422381477,3.186117529530489,0.13460503451883643,0
48,34.682306837491865,28.701610182462353,7.082809990208515,0.8093421749750161,1
41,57.72893992219074,31.939287717077978,4.468177724768779,0.22067559729221353,1
5,58.58242445972461,34.102884058344735,4.383248655848067,0.4165689951433751,1
14,61.35563416414709,35.014048759775704,5.245663241377249,0.016057138230024304,1
42,67.28518643514536,38.429350761107614,5.550402978329927,0.10488154328178212,1
36,66.37605812231209,28.352794476375827,5.676862137334413,0.8962719004132516,1
32,62.587698052439215,23.17983417580343,6.774418532880004,0.8371602038404454,1
7,71.9553138808671,31.791172970072264,6.500736382657942,0.8409224524551946,1
43,44.81030219186685,39.41905515592401,4.189066775361178,0.4113534172548571,1
43,65.0458181447739,27.615120700229703,5.96873457342179,0.1415307988516642,1
4,66.26538363336942,33.434234885318595,4.6159090817892015,0.10789452149431611,1
38,47.6043771391976,33.47872896236321,4.862491255569223,0.6056027248007154,1
3,44.971293913176105,30.957210236723046,3.9060107940486377,0.8281932549086296,1
5,52.54057873524398,30.03462360521857,3.3069271461685905,0.900114482140243,1
44,53.38458557484708,25.382853971393036,4.968438287367711,0.28873165056022654,1
31,67.5341946350243,18.59168963789711,4.044018083888754,0.32102656983345357,1
29,53.85461216308905,24.440746466679855,5.927813678572036,0.10087665686142466,0
46,51.43651481718796,28.048479254441503,4.718921756479879,0.774409789268012,1
34,53.883662633054406,35.487113437113535,5.308590218949873,0.27569027112113886,1
39,71.18632334154212,29.48435968824312,6.367525753915432,0.48092946956342963,1
15,60.13043374376952,27.404871405409256,3.5147048182178917,0.9288973045288323,1
12,58.20748974643088,25.545072790232847,4.275382611450313,0.7522157303249369,1
49,58.899945012989484,33.2840291425474,5.18088362456585,0.05273789628907177,1
41,72.92060334326523,36.791785832153025,5.31252481582326,0.008154594459429676,1
29,52.50828273396758,35.3171786093373,6.103497501272326,0.787407925880408,1
18,73.15508290940105,33.03074849879235,5.867153129040598,0.5525002369786957,1
16,62.10496298921504,22.6219362680853,5.096933625730739,0.7203344093627009,1
18,58.395806180246524,28.241628785781142,5.3034046705972555,0.1568153218266135,1
27,85.00900497934282,39.736521144448375,5.33107589099049,0.8720478499706201,1
25,49.44360510201403,35.60975245957612,3.5302876353262445,0.773324979014462,1
36,56.46314240432994,22.312483908826373,4.8436245226450385,0.8908389140546137,1
25,47.67568760835999,29.722047384003645,5.248473217997092,0.3410960826574708,1
22,69.52461970536169,31.815492163305194,5.458550858785107,0.27570519528324633,1
8,76.89188933651678,26.1892076848689,4.075636559935841,0.1517314399239269,1
11,76.6992278140464,18.453979892955758,3.731202087471109,0.930088507946997,1
0,72.23948753146004,30.49412022508216,4.765467407481919,0.1768292035578407,1
0,58.02379532204034,26.061208711897805,6.9673661110914935,0.11931723371150504,1
46,56.347590225101534,26.08079130457658,4.180752487271331,0.19267820898678234,1
33,43.28830227505935,28.22659820034621,6.17392824735481,0.7713817267601133,1
31,80.35873535181793,29.33162042672594,6.58473964304512,0.889529234982881,1
47,64.68978078148467,29.95458602952157,5.045466526233193,0.8109134564964243,1
24,55.08043095130517,25.58005050538999,4.320152065346549,0.5632385528712848,1
39,73.28056888986967,28.898952351829614,5.512819563658225,0.9938842507777231,1
44,50.27235483239999,21.212883147986226,5.1949902920994955,0.06885406449344877,0
0,64.06622034222674,31.55519532684039,4.140896019809691,0.8671916778216255,1
15,58.27370865709165,15.718622933294213,4.341197173628224,0.4277138617137689,0
38,66.386771398803,28.552549597831902,5.453579852145331,0.4551223487054664,1
4,59.36426460813878,34.59593076838477,5.933440408168548,0.12759489365128052,1
21,45.49072108888776,24.70329656362587,4.677209798684612,0.033432974353828415,0
28,60.75576372670038,33.582151018287,4.9308664351119464,0.31662832606943325,1
2,70.48864141875362,35.778663560604464,5.66863857051108,0.17485353311392926,1
11,59.70783594146015,13.46050023751306,4.827513115826065,0.4833387560713116,0
25,67.75115121589086,29.243185482121287,4.7006730267041155,0.14733052605377195,1
15,49.54470514325947,15.621132861858625,4.244659180272774,0.13792773650227574,0
36,59.73739206730148,29.40895777214527,4.227315376625969,0.8769789841038494,1
21,53.75489544911423,29.964143945093365,7.668882758223256,0.921294701326409,1
28,67.4698084010471,17.587280070445807,4.8037983399209185,0.9642162085879099,1
13,60.31491562261996,39.624191810399324,6.365058321512224,0.6805024428739119,1
27,66.90073676336613,31.430079038173126,6.6839933375190705,0.7710165047958694,1
4,70.87710426157867,25.754882839589825,4.81641771050684,0.8357847552426292,1
46,66.91618575121389,37.326897137492594,5.368429808434769,0.6589220591206645,1
48,62.731184342936444,21.02193389678842,5.102478482033032,0.33024310470252916,1
29,50.017877414885945,23.854144832408416,3.387817649341323,0.1563869984335241,0
45,59.972138893330985,18.502722381650507,3.4480269877518377,0.2372733071581501,0
4,54.66909597984167,39.00522598269667,5.048848466904273,0.8404140514049626,1
11,56.55936043295773,31.661731857360017,4.575086461391404,0.6960972382868412,1
15,56.25465849249749,33.297008949242475,6.89158033839359,0.4557957635261516,1
25,50.20074425217756,31.505006169592377,4.763427061305381,0.02940507718045271,0
25,40.426614108660104,32.86883880572292,6.950928997068125,0.2662043704338831,1
47,53.318569516722334,30.390388569479946,4.523608603864456,0.7288974931257638,1
20,61.93379451924159,31.35460671353721,6.912200420608934,0.5123872350950229,1
38,46.5182295457251,30.538017181114753,5.506424496947346,0.43553249448245,1
35,60.15682236471624,26.957040972153607,5.563291895771197,0.31367940077990775,1
32,79.00268424310966,29.766876173926654,4.488236043266351,0.6069318305770239,1
29,70.23056555252239,31.36797286630839,5.576917180403688,0.9663853853716892,1
36,76.4354150912053,30.552745597760655,6.69271343308125,0.901123643297506,1
22,63.91127876932726,22.611139461233414,4.855172505939862,0.030497938084282028,1
9,71.67509822986446,23.275066656957954,4.660603184633382,0.48095382258344577,1
4,52.760352695322126,35.41420716958196,4.7532374611399115,0.3294692980469477,1
35,53.55659732978016,28.46502977058299,6.6201116050064375,0.510604662339801,1
33,32.60859793862527,32.9236267351797,5.855351207001086,0.6062136898717148,1
30,71.86145474042299,24.53940045138802,6.447679990471118,0.2000280679975468,1
9,75.40323979819885,22.63427061676735,5.313622710484269,0.7815680695482563,1
18,54.4682275465273,25.782016937341435,5.039319356777832,0.4750680500859663,1
31,57.460482936027645,28.887174646142935,5.423944039070633,0.9920060548982461,1
0,52.46137886309039,26.674298503577937,6.07015853441254,0.025127385743561215,0
4,63.82653551477492,36.46966761552857,4.752881757412135,0.1897191761864585,1
44,71.24932545303241,30.897616507687307,6.368676993356786,0.6896298005603981,1
3,42.57228026118959,39.24469309280929,5.365830557065877,0.6951797465255588,1
15,64.09438530642252,32.02204077035709,2.5937218619698217,0.582188224416945,1
23,57.233282282808545,17.937245910400947,5.883493427105194,0.9719600286906287,1
15,61.13394391966689,35.28020803229278,3.7276949867380176,0.41531500871993343,1
1,64.58994001674291,22.452241887650224,5.859172760673987,0.4170368120675194,1
48,58.11797561227179,31.152668336056696,5.901517998238166,0.9104763632241734,1
27,58.964131465942195,26.126579711680776,5.329892597381209,0.5384417819968107,1
31,57.86124832445361,40.71355517232093,5.543680898876694,0.35372766158560043,1
26,69.70316201788282,37.19798963715068,6.098870787843987,0.718937985833859,1
19,64.18759960127497,26.29089679149121,4.504372326189272,0.6196706181875274,1
23,62.20583537737361,29.36321165939444,5.793429659702479,0.3064100502865915,1
11,47.290482789077174,31.222990348246086,6.163023302957036,0.29792879808121564,1
49,56.214202567868455,34.31707035780805,6.760082597538478,0.39561279752725476,1
34,68.98669160339175,30.145759561625063,3.8942197139402968,0.07162006566019363,1
32,60.37696573123923,24.875525503095666,5.408516064987769,0.9426169024876391,1
32,66.59531469589139,26.412206803999737,4.0385108009385355,0.18302004019666507,1
42,77.66511800327633,29.977591018116044,3.996077982298502,0.19382430232772052,1
36,70.38606069208817,36.17228489382346,5.35902777240598,0.6470384050170777,1
11,60.93158337699742,32.13918930268022,5.077455814796139,0.7242470472998113,1
2,54.890108298042726,26.132925366924923,6.145001478521985,0.7368354595998724,1
0,34.46450403944102,33.24186388854895,4.653823550405791,0.37507502350423105,0
32,58.316150775271474,28.0650758056092,4.865948563802989,0.8733289529099255,1
39,56.73987504183151,34.45204002593421,5.211504262338185,0.5439990617480444,1
9,63.90366194395376,42.635052091643026,4.1381711485635435,0.4385875521625555,1
42,58.460947730253125,28.205868145282253,4.276930154984069,0.8103864608656673,1
43,56.79614940563206,34.008025798631856,6.116098665772553,0.2435612492238377,1
28,42.2060106949278,26.273033339811352,4.451044958718891,0.8601854434355192,1
12,50.60032170849934,29.438681164043512,6.182476566449686,0.5388293945649275,1
11,64.76651040800557,30.147811434360506,5.607312580668294,0.9000581576731365,1
30,77.15907631132694,29.031581699778098,3.4524689745110644,0.20161253105575916,1
45,59.024746162543764,42.31506844387512,5.530378691837788,0.9360630760024259,1
1,63.27811073574124,28.46703462660809,5.522479823094128,0.6878767419723901,1
49,69.52478156952806,32.93425769392434,5.4229286085112856,0.6183285268023856,1
34,51.891060637997505,20.34956565338284,4.8581232736169895,0.42206751948300736,0
22,63.66814043285442,32.15998281684805,4.059932544608148,0.9563149999657241,1
16,52.59509893667841,35.710272961761234,6.34621276611262,0.44391962831151277,1
25,68.64824438491011,27.362013287104745,4.898420411277164,0.49854295244757585,1
7,61.514030479517324,17.448889294797937,4.116593839664632,0.7814981085853125,1
28,62.9845181398144,29.806741155863374,5.457468686088008,0.2848424296127061,1
25,52.17401402581411,30.085919251927642,4.257220029266743,0.2914953128137918,1
9,67.07032359610785,33.62037525372152,4.050913971714879,0.77529768762122,1
25,80.84712921231016,40.054515177067174,4.624527387797562,0.12857978919010793,1
33,49.92088304571794,28.099731746998465,4.334602235681926,0.8229645202930234,1
40,56.60240992352476,25.718559381698597,4.0877577480154255,0.6251750083098483,1
6,62.31607474168092,24.165410993142785,5.806411762261759,0.539083766403271,1
3,67.86406211995816,30.990393085157997,4.886172185537601,0.22910938217988153,1
49,54.40453714710531,32.39677129409251,6.252279945515892,0.7863681693444088,1
44,31.6696970985726,27.27172302818708,4.145490522270064,0.8049530895087492,0
10,73.59189494164025,33.89341372862895,3.272438962363664,0.4829418678765178,1
28,67.60506119584143,32.32692038409588,5.148770349249416,0.3891689748572088,1
35,42.57052469513335,30.21615844822445,6.8559789218064155,0.24616183752393983,1
24,53.92431208220444,25.487926396279374,5.530986829362002,0.7542340170891749,1
20,75.68182429527326,27.590678422576385,8.215374196212831,0.6394519231267062,1
35,74.47796418457867,17.851223511587275,5.332059120949088,0.20663102936685773,1
9,69.38640022678945,31.178935320990167,5.23555221128809,0.7944680796849007,1
36,58.238875660401376,30.131706443737176,2.8446373289420825,0.8822053133584595,1
8,60.8298741881251,30.942394955447433,5.427947440588528,0.05924726274824588,1
23,58.69074194873873,32.5215950778228,5.168667760019291,0.7724206380240413,1
34,71.28239783268837,31.929107432161114,4.592578801795463,0.8528019334276525,1
48,51.2415759350489,29.448084096769822,4.86322113294093,0.991507899474547,1
34,51.94200345115795,30.243340215813763,4.931899425657821,0.23760149893736693,1
47,70.10274586836016,22.978417916519152,4.820070847067936,0.3710032052142528,1
35,59.556385444884384,27.08139677155287,7.089714963125961,0.9661910922008791,1
17,73.78467355453807,30.252355268417308,4.629137972194991,0.09401555029358444,1
48,53.28487793019454,26.320732120438198,5.169313723853858,0.5237078439147541,1
38,59.452216396611746,34.30075397936273,4.596098916613793,0.5067445798378877,1
31,50.77587015156047,26.70683959522485,5.78343118664388,0.6065477388811636,1
23,60.07362681423567,31.081527056241583,5.176763699972207,0.3307926148462901,1
22,45.21453063001201,30.58282828407668,4.720089426829518,0.9259180886717914,1
31,55.123665790450374,33.73138796805205,3.074032054092817,0.2700612609590728,1
36,45.63746135071882,34.50395587014151,5.24330822528875,0.6496955175844024,1
11,66.93923233191258,33.470163054839695,4.690423726420249,0.49592702275493616,1
48,67.16589339759652,19.469968993084333,4.939259343112899,0.2666734524800799,1
12,42.697372695156545,35.97074074006564,3.817542052754667,0.188853795722427,1
22,73.33885745500572,37.63654112097299,6.433282172720196,0.956562124257659,1
24,84.97415126419854,27.589378578392655,5.856743175843872,0.5612914615957859,1
34,60.46006386736341,31.18323456336425,6.430705997640632,0.6041909122244418,1
40,53.58885739775355,25.54584159934609,6.146979300780954,0.7828954590419783,1
29,88.24330591003047,20.258107466339244,5.592317302127461,0.08122665859978317,1
16,46.8103150169749,26.30642367228807,3.857717491273557,0.7137642677967787,1
48,60.20106466869098,27.29930480268195,6.843387164071858,0.16514013757232038,1
19,61.796222726319236,28.22574634324092,4.072364849112489,0.7404810850764559,1
47,73.45147620452414,25.20542954997006,4.731592375925039,0.14132867162737728,1
24,63.59738975126788,26.332874165913807,5.706902280626921,0.8324936998735962,1
21,55.01366104211549,29.944968391857962,5.756540787187405,0.6810162607270125,1
12,50.48815629612044,26.14886508444929,5.572236726944558,0.3858902888524204,1
18,56.581781797538646,32.71762166275014,4.59971151867091,0.35883444390258346,1
48,49.93072639054856,33.408303256987196,4.393068372644525,0.14894706355591958,1
35,60.47825319784683,41.90193873082245,7.534532568606137,0.9040533557661166,1
11,54.35803820139513,35.62839966061731,4.960686061500167,0.11852927284881243,1
40,45.059622067102495,31.21551529164207,4.838228615361164,0.4720773885291256,1
18,72.55145788374904,26.898678516661608,4.286443509061247,0.2365184547898035,1
11,55.02327476570961,31.468736758369992,5.244670349070958,0.996327508019026,1
8,47.318631950246875,31.63297979958178,5.19802280057807,0.5858440515186982,1
6,58.31740865512459,27.433434554971697,4.983773791295705,0.1495845033910128,1
27,60.68371565967659,33.918656983764386,5.381726646787886,0.6675639976218071,1
13,42.53533274420967,23.009509926590624,6.763537502442354,0.9916090172225513,1
30,63.316476671257625,28.778000822312446,4.404947293709101,0.605043280615374,1
18,49.528424313097354,32.77929229658703,5.04308374220212,0.4573790945561945,1
46,77.11028809190788,28.562079262039514,4.352151547449444,0.2932701216186546,1
15,65.23960512076735,28.966227982853646,5.2946983608256275,0.09212341482876796,1
4,56.001000098906836,29.311070694038598,4.431530498625581,0.22824629898988757,1
34,52.5483222968265,25.821993796561273,4.47455700856581,0.5536207795648738,1
11,58.95032292436376,35.86950465787104,3.540476625944374,0.7537856986495822,1
24,66.1279074158329,24.909811640385925,5.097794782819674,0.8779308902296497,1
20,59.745058714148,31.590796637049426,5.429769621904978,0.7937122503726705,1
35,57.82841192863143,32.068239491411866,6.860476353192295,0.12546520137241768,1
22,60.58370290817896,25.256890493955165,5.469502481189846,0.7734598850130467,1
15,53.961410687630455,30.365521271903717,4.550315876702681,0.5816045461458056,1
38,56.56794073156962,25.45183913627649,3.64032091231391,0.4691075575048237,1
44,39.14207561094996,36.95521237527973,3.778712994334522,0.5727641184720806,1
41,69.73726230852368,24.306085315118935,3.704371660528028,0.008075328772487511,1
38,62.98797780321762,26.730514528840178,6.878042035449381,0.06773024297102681,1
13,52.265441559665696,23.8788749582221,5.28781049692637,0.5258492790729812,1
30,78.98734981355238,23.21150636566224,4.417033780738107,0.1736192494815576,1
4,60.87016480392386,37.956076454411466,4.040140394846736,0.5455409521334332,1
34,49.63856428024803,32.71387336956281,4.143892159606079,0.35421357187481517,1
22,68.56737421470459,30.70146712850272,4.390700605493621,0.9074120206747527,1
28,63.980482165092624,26.717115183265392,6.316255216255152,0.9496834273044537,1
42,63.94579985484219,34.538059055233845,4.970056552942251,0.9797841130685195,1
10,55.7424439534841,25.878887803162733,3.552533582726051,0.8989379958828186,1
17,64.50495723778035,33.968196471650515,7.310459274730372,0.9858908511923329,1
46,57.38241709778905,25.63744361697182,3.8598388606341025,0.7061471257393618,1
11,65.55941451645842,26.77746149062164,4.409164690076133,0.9605422799010515,1
8,40.95055545989361,33.791411930589604,6.310144387633882,0.6417924654568271,1
9,55.661265370208106,34.319136720778836,5.415149632609067,0.8092142068857202,1
43,77.22155097808195,32.9873646694838,4.53007700037579,0.1319099927237103,1
16,52.32932544599699,24.751629421216027,3.768633073906165,0.682599587602558,1
37,53.961617025068136,27.766365671385856,4.033309891074973,0.9311033093352596,1
6,55.52038661550025,30.784493705992567,4.093503880923534,0.5400482415327627,1
45,47.85193864111356,25.75359519044954,5.0070317978495495,0.18681971353030924,0
12,37.91719223771748,36.85481380064647,5.1910618172813034,0.5268885607250015,1
39,57.69413601476387,17.99026528024727,4.851345371368658,0.7069409940594883,1
41,61.35859424081657,26.106302423154236,4.960786186075671,0.7697884990973979,1
8,59.474949314613475,27.45216748565084,3.949276804805679,0.5237020099319839,1
49,58.55121438052113,15.780281676141161,5.293136106223889,0.2173680242186501,0
26,60.430408708503876,23.018854348819048,6.280518636836996,0.9266887885787474,1
1,70.22841471550764,33.12644756271034,4.837208318250432,0.7736174164533571,1
4,58.09553814070783,30.151418182764818,4.8177132935705265,0.270688400617604,1
28,54.259174229127304,37.86568011021451,5.083001052052849,0.8118129173963744,1
36,57.188745151119136,37.726132229424095,6.118204859759391,0.3478626495180591,1
37,65.79346759756775,32.16523189301974,4.10527700056136,0.31243134466838074,1
18,74.1202687854325,31.56619124500356,6.450847335732135,0.8630766273471442,1
7,53.71856260830822,30.329655542894503,5.421222239435238,0.8732352068171213,1
47,60.989337870288836,16.72458991060255,5.028680695698868,0.39848140281897915,1
44,63.3835744193596,23.027202433369624,6.21323883666432,0.008922805081564511,1
0,50.07421993271177,30.50337751549467,3.817937926123544,0.1865656213999919,0
21,60.20417167212918,33.080128543738354,5.5220455362447085,0.9092963282245586,1
16,45.34326142657905,31.448349060690703,5.430309564506618,0.8987493370550578,1
6,42.30949696260601,25.53767516142171,4.064544935606207,0.4533447480934476,0
24,63.66746407892257,34.68703141234748,5.460638122953821,0.3041167072758786,1
44,56.16125258669217,37.41222014377318,5.283305179380486,0.3027482921051716,1
3,62.02280407621219,34.6899480014567,4.8212618803100655,0.8971948026285381,1
35,59.8210502299165,34.94799664795235,5.8628175552303325,0.3247333109755165,1
5,50.235999513362025,27.203871010223946,4.428245747642335,0.5115802597401096,1
30,59.547456980356635,35.379670613504,5.270321245843369,0.7310110505928978,1
18,47.668986949851444,30.728793196638286,4.8683262175446815,0.20948104160941883,1
43,73.909723580014,32.55777764261003,4.385303176992332,0.25383908158589363,1
38,46.440296551400365,31.827159214123547,5.502884685118771,0.3580618930951268,1
26,58.04214729031418,29.392564472797943,4.792264252650848,0.65422338934739,1
9,49.57728411952752,25.69998762438849,3.5269935412904534,0.8174906511463279,1
25,65.70421173360796,29.589316682229768,3.198933895282016,0.5467057633309995,1
18,56.68568628718497,34.933808087414114,5.789057468083202,0.13292873664962368,1
38,54.8133328037879,27.79262097343545,3.7793998927731693,0.4462455230697211,1
2,68.53201545051554,34.46673631304073,5.279384493400606,0.127690722123194,1
44,60.29430591677552,33.68535335308836,5.05495189362815,0.08829716966669532,1
12,65.16644445935967,28.50531301490085,4.6314682230291,0.5896167698514478,1
49,50.186740634825355,36.94400051809788,6.95666845721534,0.956212111797923,1
27,45.95183056072493,28.22226664404647,5.179674018460446,0.8376118333340594,1
19,61.07207962040134,37.54773431306316,5.755633482682065,0.774471262542493,1
27,56.81153644505269,32.170634907704866,5.284816215339809,0.7270559658653337,1
7,66.26434672453944,29.920670407732434,4.768460576882519,0.8971278571356976,1
40,59.2009154733745,25.56099309831173,4.980911249764058,0.7528350841427777,1
38,62.0507533923463,29.558698849324795,6.458542765660484,0.6268773453007714,1
0,43.76617470058757,28.981202432527898,6.08810529260043,0.36468008027372034,1
2,78.88436939614257,23.708518073745473,6.951986431688601,0.10094388985979275,1
12,58.357580149679684,28.911922886411663,5.221642092972884,0.4610333638440104,1
27,66.975869703392,25.980984099514572,4.123062934299252,0.9247842361453673,1
48,51.63908329780374,32.92995884489391,4.559483055640188,0.5831002653751526,1
24,63.08009902217341,36.53140237864101,3.812221808201409,0.18450417989513357,1
32,46.97155236475255,23.865421618523797,5.767044128875277,0.6490233084808439,1
37,64.52067838259671,38.561538641834616,4.414083683922752,0.46546223408050447,1
5,56.44025915614167,29.35724482807435,1.9446820536804896,0.9313800885829664,1
43,60.291905039355676,25.12489307530743,7.463775698329931,0.1609399100620026,1
44,66.97974030130098,33.78877390104092,4.429398861511684,0.7120117485067625,1
31,47.6745968877972,27.76772760872476,4.423409074514191,0.6816024648068016,1
44,53.15508269387203,29.59131661984253,6.671611692660367,0.9835415785215047,1
46,64.57324281086765,27.978608778939606,3.7917485492024845,0.5649121266184387,1
20,80.98221474546747,25.9163103406755,6.136605886533166,0.87157403593364,1
15,58.61917665338518,33.61998516200952,4.412557556575979,0.024713937531430696,1
20,65.91136117923932,28.568492985529065,3.676204555403141,0.12289196822413262,1
10,58.930285301415196,22.81674103910377,6.7057177613781365,0.3459385728465305,1
36,79.422455947563,32.75530062107966,5.923096947062527,0.6193273971572378,1
35,42.52778333034745,23.972088244881224,5.920000984515043,0.44907934496740864,0
34,60.94621044669358,24.233699136623706,5.367655546788774,0.20269624734658886,1
18,43.744559664379395,35.96303102488658,5.59910163307768,0.5892037398914345,1
19,34.93428429463283,24.01830050394894,3.7678419752519567,0.5666990593413628,0
17,62.97462053117817,18.41777571536255,5.111610857244661,0.5244474785208486,1
46,61.39497796147459,33.11430742480748,4.071236999549155,0.09055611211069814,1
40,57.15163062257798,28.48068285259435,3.6110594809369454,0.9270254927562308,1
48,58.93805909960247,28.911724394309417,5.410953330708032,0.5922553037014364,1
13,90.98299434071258,28.427498033249,6.158149555659545,0.26399174719865726,1
14,57.418248619685656,31.158349695093634,4.616631175771936,0.6874181903945207,1
30,65.10124361250075,26.23640379048466,4.787987107665458,0.3179079908688873,1
0,53.50635180386119,37.380574372828825,3.86184935491696,0.5058560267744259,1
2,62.95232575040603,22.61884759845301,5.007217146087898,0.34113177105898296,1
15,57.61766324944382,32.22437458338562,5.760076112388414,0.8803940265376929,1
22,55.8948151727027,33.21060501938292,5.791527736727773,0.9939805845349302,1
10,78.18898532200325,26.20174119583311,5.545176175630933,0.1611820653278987,1
11,71.7718496318434,24.88132777361091,4.381568832805464,0.023578950556596867,1
9,61.36746647399231,35.08587107085078,4.349870956572849,0.21932250698204248,1
31,36.95788064056033,25.045696229916423,5.795404473240933,0.5899519830976134,0
15,56.389907767474305,26.966680296247166,5.811998932216731,0.17395113957753305,1
7,87.03027564405083,34.436544812298735,4.828005014568107,0.8114844246061533,1
37,57.69338333360292,30.173706167695123,4.573828092434314,0.4086705767944424,1
11,71.03217572053659,21.014281661854476,6.1672470934457,0.6105327407141296,1
23,74.419424019526,38.735295722767574,4.640051335186754,0.4556178416228589,1
27,62.18963915855975,27.34994620610017,5.745932224523782,0.9033279216189536,1
7,51.58178368131848,27.986213550467912,4.8631568251419015,0.03513533706227778,0
27,35.64687668217111,31.278921261631826,3.952467218963,0.7293018956565996,1
35,66.84163208608955,33.12538398502036,6.612312140023702,0.6521721333408667,1
25,51.85243997176452,39.805521456457335,5.120063895731477,0.6495150309857599,1
7,61.76150451887692,21.699659252971518,4.2892560201119165,0.41398939303820514,1
49,47.50179660410636,34.12976104462973,3.6091943322247957,0.01567522847589753,0
27,57.34762459529798,33.71504847025039,3.7099992017631664,0.6892407219679578,1
27,60.33719054901053,29.314175445629417,4.6270885959053984,0.8294712128082533,1
36,62.68593581044298,33.936368474081114,6.925128883533592,0.08523031098734812,1
40,48.85177812647586,34.671370088182734,4.415338121325758,0.4416175042439686,1
35,71.96910948761352,23.090186075064977,6.447454832346205,0.1625948539470542,1
26,54.03105215268029,38.748832529404154,4.869236331396916,0.6109377864296083,1
16,43.255305395467545,22.206188734309293,3.8188496088983177,0.7856048763590366,0
8,58.90976580036536,24.323418593806135,4.526788811549604,0.6667065649274063,1
32,60.3437530902646,28.691061631879517,3.719012076262557,0.31806007048588547,1
19,61.6058943317176,39.62470256593528,4.144031548036146,0.13973270283238381,1
12,73.6213240368508,28.458716851233067,4.114251938124083,0.7942681460504623,1
27,57.6355116326414,29.840330549745946,3.0961961325187337,0.32391685849269214,1
47,58.803803756312284,37.160393019522814,6.512796068814726,0.02213983174442613,1
28,48.96815618766907,28.498409287172635,5.211017030222282,0.5714212143492508,1
12,68.20553502887897,24.10781643534662,4.3137215943818985,0.24667731023337836,1
45,61.843090640781035,27.913825823808427,5.221757746433389,0.8412059983581769,1
34,55.79972272705837,36.85395916902888,4.164519606357938,0.14325520439077855,1
5,40.953253065345365,30.35432498527568,2.3289380346302444,0.4348008490592503,0
17,74.44412195055088,39.6532912952813,7.95669163322655,0.2531302036110118,1
4,47.72320035543943,33.68967463131077,5.189599876677059,0.6896016192210813,1
46,54.08721990630294,26.775955318032583,4.410986960685235,0.5485309093574215,1
24,63.58344511076003,30.255381522325393,3.0660851883225666,0.790987719248596,1
1,48.034420713833136,25.733909409290604,3.50585020485744,0.4586125752236522,0
9,45.064902217468564,26.65783484675615,6.654491929554905,0.004808431544395586,0
29,38.76052417299335,52.39542125512878,6.501938548798467,0.2151964805394957,1
49,67.20996952905635,35.093122550169056,5.753215035998948,0.9991571081942736,1
44,54.54813755273678,34.305489945033365,3.884922961590186,0.40534498930951024,1
4,89.2727009247333,26.88409842345968,6.509973987977011,0.6202351078862255,1
32,50.05644934369127,37.8479203314054,5.4497826179443525,0.9049316080587572,1
0,50.785489765710786,35.497078008964685,5.654924448351535,0.020524182145088443,1
17,54.346070297145985,39.40810644678886,5.446170944443247,0.6596073963973953,1
31,62.43134655138489,39.16557074199225,3.493012815373896,0.28837697397843676,1
46,55.29796661214689,22.60455355951239,3.8018390492531124,0.2792482553524315,0
48,66.12332214002512,24.450802553650462,4.489781833591638,0.22485140324830688,1
10,50.21411610011346,24.98106092268182,5.643639707533113,0.8227292162911598,1
20,46.18408281536419,25.280296783337814,3.6195679177568536,0.3729477324464945,0
25,42.01785260590893,31.617261821301952,4.82465358505581,0.06711653826042574,0
24,37.76425832062803,27.165982739520913,4.8233904898369495,0.09685115788316312,0
21,54.81930980524943,40.362992703812594,5.792739689327577,0.14861436268680206,1
26,56.99019687606778,39.52339941040819,5.674671535607662,0.8989275872509253,1
48,53.68562972516817,29.9676920296048,3.989774070947867,0.42744342650734246,1
12,72.43405797187162,39.77663108074895,6.446686169487302,0.9160493395995208,1
32,72.28030209608136,37.440673136201006,3.83676017124971,0.8174794727621244,1
33,56.65197012555498,27.746467204113706,6.09223944190075,0.837882621257848,1
40,42.060788868080365,19.953923279872193,4.449855101651602,0.28683181113183265,0
34,54.33294891944947,28.910158075196353,5.163925953433372,0.2713144127095357,1
0,54.00178606082939,26.776889344607635,5.225987460104305,0.560068379837828,1
20,53.42865037721942,31.03252812572915,5.197707440708795,0.41792496198995077,1
47,53.022810961017555,30.446141434373747,5.67449919843457,0.5090606883003467,1
5,53.465371042751926,30.315088294496142,5.391459497933533,0.053204201857699474,1
27,56.134583841022405,32.618423706895825,5.783649129870538,0.971590191262528,1
16,53.64458901184443,23.93739026458161,5.464619960345136,0.05816880784012313,0
4,62.08322508625592,32.05680138784854,3.7355447410741562,0.17883129766188732,1
30,63.60368715904861,27.80191923491497,5.269799074557987,0.6782005248352581,1
4,50.8935491281751,30.999910999318434,4.436130097494667,0.15550155172858315,1
37,72.71065326007033,34.787049226160946,3.8907375220927163,0.10686992770778903,1
2,50.19937698159386,23.878001133894852,4.7101601073227,0.15362038137092215,0
22,43.82199386184663,28.593531736652153,5.183235599035091,0.0619202432164091,0
36,63.807780713650516,29.40732882985568,5.249675027987784,0.25131874025834433,1
36,51.825918655856604,27.428655142146795,6.0560247451402685,0.2711192710148146,1
9,63.21291470757388,34.49914748066479,6.3073091189715775,0.4986220875483217,1
9,35.9633139889947,26.398058205997643,5.336280830757356,0.43872251720477506,0
18,73.92455941483067,27.222998002788305,5.5171063770094095,0.47371341514884513,1
16,66.72293408040402,26.45040433523968,5.095309033175655,0.6160395042089026,1
20,44.99523450836998,35.460277057194006,5.767225463649584,0.23096143124954382,1
13,45.21222876153715,27.537779437938916,5.486988138837065,0.13470413109189516,0
8,76.72265904097527,32.30022695441778,4.945511906142196,0.8788782786455436,1
45,52.626200965020416,39.87852550615037,7.1519825670043,0.6339413395689513,1
0,51.65815151267376,29.625907898247075,4.453816636558181,0.060663293934799634,0
44,37.33947905850717,35.560303400165786,6.454456956708338,0.9610516499008203,1
12,56.49221794398446,38.35677042046564,3.645707073673063,0.6930685022684089,1
3,57.722803851642475,35.13595780020207,5.813616536451455,0.15170464208701162,1
0,67.15493096769485,29.9159934201113,6.436568351726837,0.9691344316764007,1
48,46.00921571815525,33.21053879499307,3.09278092899208,0.3654073432496331,1
39,44.7971320775939,23.563107034323274,5.138950573055094,0.9845100798647702,1
31,64.50962634776477,26.09978420925024,5.715414041244044,0.10327562939328849,1
33,70.06730071227065,26.976624091840407,5.251963604128067,0.15996921703549571,1
27,44.28847648882117,41.20306060087141,5.378155935606963,0.6574195508748442,1
30,70.81514086299741,25.937077428723665,5.136223162376663,0.02214346516607324,1
7,60.375418414868214,25.86261624369085,3.905752173638408,0.018689641218235686,0
38,70.91805339074645,24.780395098755083,7.3680455921554415,0.7919828322249004,1
25,59.29779638482383,32.79905880965381,4.496462136684201,0.16778033173982032,1
33,34.777220825120494,30.713106963344416,5.434161238778906,0.9187899925876073,1
2,58.48032617683961,35.433794885132826,4.353160322914572,0.4258961621713717,1
49,70.6014381867127,33.35629833038677,2.7241368099793015,0.8736523542992757,1
11,51.06253980916286,23.098050766379664,4.075487126251031,0.41776358408652847,0
0,56.12035031092548,25.963611149948147,3.552393307724862,0.53023000497214,1
43,58.23866496449022,36.82664374137911,6.0915675392244895,0.3165141616764128,1
4,31.00486120131518,28.983508777115976,4.393131983955545,0.6580764177559352,0
29,76.71347575437477,35.93795909009006,4.485908660820037,0.31820116594306613,1
29,50.98624320102826,29.251595260423414,3.935669287396264,0.22317009785004926,1
16,65.057354324728,25.161717858557395,5.094035398715103,0.08104731196270076,1
47,59.132988638517915,28.483696111666468,4.283541483638719,0.05766934782784672,1
46,72.5761905635936,25.15975102225152,5.992354731246788,0.30597435320228894,1
22,64.0605612242808,27.17223618798788,5.3020393230891605,0.7364733452492555,1
14,57.65075728479025,31.00462853282623,4.428174214275552,0.2056200663436163,1
36,51.0648490748072,32.558025451845104,5.850233051837019,0.2992274501394966,1
20,67.97850701382139,22.04904338372851,5.007940523023238,0.9051714185221239,1
13,41.26558696045383,29.913159962454507,5.021496905689951,0.6391574958113206,1
1,66.45890420275893,27.06692132220124,3.5373650962680743,0.9197223894219765,1
10,49.00955248445128,26.757925955205938,4.928913867214686,0.9112260340036341,1
38,72.5228366195664,30.663423095665383,5.321544639317999,0.06341068248568993,1
37,61.61299542662695,27.24774063655394,6.333566822198345,0.9550093249283648,1
33,66.44123767850108,36.91068997423337,4.248106370096677,0.05117795906125566,1
37,60.819888138247194,35.940309381255304,7.278108623385512,0.9256189177484868,1
49,42.47622904859003,35.9091414697102,5.556868316828986,0.5467334366567159,1
33,51.39270836604662,27.52544902254849,3.480588123966193,0.5331895828773915,1
17,66.72389337611382,25.187505825403388,4.154801885914444,0.713264062619819,1
29,61.66655817359844,30.410149646940578,6.420999164216819,0.87921127076173,1
14,71.80989905305672,29.248258168568665,6.243229142962394,0.6170045556612569,1
26,64.03274563037172,26.955884187883175,5.018093481560503,0.4253998537813215,1
33,50.3329810929734,24.121327766665193,5.149917703057852,0.11188934298477349,0
37,52.03935862279366,29.79241015365964,3.8353897262740286,0.7892093058948786,1
32,61.02917390523237,27.979652748737635,6.321442740235342,0.12829349247080513,1
23,36.859559339998945,33.4417351851901,4.0122329132255325,0.726365861199243,1
14,76.73441885622985,33.3255302576074,5.844741111123417,0.527924945782026,1
29,64.41746736377557,35.503999027113586,6.352042368665138,0.3858359247580685,1
41,72.27034597048872,23.70352224059981,5.048155554219509,0.6129863862533677,1
16,44.19396059190831,32.005291538468164,5.967611366122199,0.772356086074543,1
4,72.44565160355256,26.36267146883164,6.847639708025694,0.941139618450621,1
28,82.31498911027748,23.897928945944578,5.267968799210738,0.2646968828377999,1
3,46.79121644622683,27.85698881525645,4.824698183568054,0.9471301602116983,1
9,67.71401794903767,35.34352490067309,4.933147142448483,0.960948045987792,1
16,60.01109944687293,28.13840823214758,4.2570120973279115,0.8136305144796802,1
9,44.55566151751756,37.827273299795564,4.234416207263127,0.8814371749423491,1
16,64.9288397185187,32.744392577601666,5.442406763825703,0.6924275137171717,1
19,68.33603204837348,28.029547605097115,4.836050177850716,0.03909721993128468,1
23,53.98873447331153,35.80024214453204,5.327569176851266,0.5750785447053921,1
4,71.65916520255223,32.22698386057143,3.5100638501474286,0.747204562960772,1
33,43.33236593210802,25.337203057766473,4.90738117481286,0.941703134706335,1
5,45.052438535503555,39.29401317790258,6.0301178500904635,0.5704518470188736,1
1,61.365973955887526,31.297394115432382,3.881075723023982,0.7942006782573834,1
12,60.25385277972272,30.09398095992746,5.016526414134551,0.705038717544494,1
42,52.834265115758946,25.72233665047192,3.145390689101589,0.28080288854758184,0
42,68.09594435971886,35.89769133803869,3.694537977726826,0.15472807515135856,1
47,65.30894314215949,32.58637713680653,5.8076608876780496,0.7509053286779004,1
10,68.58139070934016,33.1461909014762,4.69071570668705,0.2337683611795074,1
46,58.76863564647732,27.462343282371158,6.8220728655385425,0.24469155463014092,1
22,66.02580267978341,34.17050285955034,5.4324431104243125,0.6439462387006476,1
15,55.54349696970006,34.559067967854006,5.530595664889325,0.7890684640295285,1
30,80.53818690086595,26.656108806094387,3.9235179501051007,0.5823320928612362,1
10,51.87454229878014,22.915049301595047,4.614894623155547,0.8849831538790712,1
15,81.05297429458312,32.90686529669462,4.267363817952388,0.21144326925067447,1
7,60.34887947089408,22.133265251971302,3.934558260449414,0.25241442954073956,1
3,46.24489110431257,30.760078889188897,5.663893126096135,0.6369555041574445,1
39,73.68079350488601,27.763774476063464,5.86451586576868,0.829368184618297,1
3,61.25901388394959,36.09332605394461,5.398937194167448,0.5393518016782335,1
24,68.51124098380238,28.035780546163963,4.171932806774013,0.010381573302546188,1
2,72.23855918542593,35.53636486001902,5.330730035097463,0.6769431292069411,1
31,63.37955554145025,27.42895277818487,3.0873215985343436,0.8135824330179348,1
2,54.077591551871855,34.99995502529806,6.32300926870804,0.2765436278959741,1
26,69.7571337766925,40.30170771918416,3.7018498243625633,0.05419822888226744,1
28,60.007555074545955,24.659764308168796,3.879541017561537,0.5179519781075482,1
31,66.85857818608419,31.46017860865454,5.115292269570192,0.042155220350953426,1
49,38.462694262085385,43.74391207955033,5.204159560242045,0.41601674391524435,1
18,64.46981717009852,30.33294413451461,4.927251401548215,0.01781784447029544,1
20,53.6141417485497,30.308941351148242,3.889872059017703,0.2249667229079365,1
4,76.5330963717853,33.9424947367551,6.133347993603293,0.3888224518869099,1
17,66.23087347889096,30.20540432047377,3.3140507989307495,0.11170588974525786,1
27,62.398577458492966,21.463870027147237,3.516731009551555,0.11415590398868325,0
41,64.86309993350221,35.66143687419469,4.893017228045519,0.8270617403256258,1
21,50.01559147123282,19.985257930674038,3.735766018155612,0.04142386675739951,0
20,76.23256690528054,27.91604174430829,6.2226252762759255,0.6889662486736458,1
5,79.91370418416905,36.03712874578324,3.821785364587085,0.8144820493493515,1
0,63.92913510548216,28.217287856786072,6.5570271522103125,0.13072235413563893,1
4,75.90403568573639,26.531517537677978,6.035122165771574,0.19537073451347264,1
40,54.308518013274664,34.3963195258328,6.235055735507584,0.6414933015950294,1
11,52.02886433775019,25.744426065828065,6.887105982953246,0.3156466127432189,1
25,60.40924748728923,23.88887140204023,5.081227924095765,0.47642307123490024,1
45,64.34941038367899,31.372569937466416,3.9870254041800424,0.836002708279732,1
33,56.060133187568795,29.085383507937046,4.8969921242313585,0.13798317138428984,1
48,65.37768190368485,23.781634429055792,4.4333343945910375,0.619652521904706,1
13,63.06389482073414,33.18476269997435,4.290808727486278,0.9423977222808001,1
25,50.01693224708945,32.32243802788617,5.150853436806832,0.057466629687170534,1
44,65.18793017451722,28.20122491697184,4.688295785792254,0.06000676498476121,1
26,68.63528242521521,28.543339969375268,4.2477903156830035,0.5547423726176371,1
8,61.71469317590391,32.35196371004578,4.754597607412742,0.9600757960943292,1
25,71.52648103261693,35.951807098760334,5.548978464203705,0.2204736423667888,1
46,47.82596206503048,28.586033949453377,5.956417206592696,0.3307919697162005,1
21,64.67950422131852,33.27344246504072,3.3970760868090104,0.09864797454787366,1
46,48.29719293603225,32.826001085422995,4.696798913671458,0.3622472304368498,1
29,48.85918641766912,34.396536463544884,4.858656794525295,0.044332480020079945,1
42,53.6906916626221,30.196545993717326,3.817479977772368,0.3890939977447432,1
47,50.579398164257555,25.43837242966821,4.880294266959301,0.5554877749420309,1
16,54.52004181258862,27.687504234000155,5.147995609540028,0.9750048266842612,1
25,57.85849689288811,31.71426732890824,5.518834545280991,0.81838797964195,1
35,68.37154486331384,39.092321891907964,5.07715802563167,0.8220654107753492,1
0,56.78840961294298,27.579901884018607,4.119050590002445,0.22814432457219713,1
7,44.14374293230407,34.023937217637,7.012030027571846,0.0872347021688451,1
48,71.4006784649516,28.359717746616198,5.829126771621598,0.6030747041042436,1
34,51.629098663849604,30.55234377943068,5.552719744649867,0.5211381950557674,1
14,59.41279572895371,37.576983746317964,6.004831257010936,0.5165038765776313,1
46,64.46536506940711,33.821462907102166,5.2446091718104775,0.10900798620070984,1
21,61.99610418402783,23.793503636295217,6.286300885521955,0.4938848942633258,1
13,70.94179547521476,27.137624880942045,5.056871950285764,0.15035574059956835,1
25,64.7900314339276,36.28110672220679,5.001747460274184,0.42211459371183824,1
27,51.38690420302892,30.709390213142477,5.635228478791204,0.06216263264481603,1
22,81.78562173991662,24.255799401920683,6.576357546290923,0.856892599408569,1
13,61.943334633382335,25.905237775131397,6.512048615289308,0.013180086305917826,1
23,58.52659773378494,33.51746761355586,5.592847598259995,0.9393231394453297,1
1,69.63925423055571,34.97205140608815,5.5166118585768,0.8628918227289389,1
44,62.49450945930072,30.089276507410872,5.696042411096486,0.752608072569303,1
25,63.99228192939327,42.37656900468051,5.985620913336597,0.9825505822857247,1
13,84.92183998600687,34.12076181727819,6.298731939413242,0.05381999712758312,1
6,57.248785717449536,28.7825946518355,4.76341591599615,0.6415971060523467,1
2,56.82239105982604,25.921469759503278,6.318061289837392,0.849302090471716,1
46,61.16578512012464,25.125578476804794,5.342995114071306,0.12661709653076936,1
22,70.71515935581039,31.677106602401846,5.65093162249995,0.5847749786665273,1
45,44.93465969809601,27.556114775432967,6.381949321533995,0.3939219086946718,1
42,40.34444108523495,38.36871876991712,5.7470622500906785,0.43582711334709334,1
46,54.12884729379852,37.331559014589295,5.9159955631528405,0.9125240853852262,1
44,43.66077040940713,33.16533273748614,4.610581466717579,0.5386514502747324,1
17,55.75168652474362,24.10501913521552,6.49831154374968,0.09326204484632417,1
37,65.0249969612929,26.638905637237976,5.695686711076125,0.9372161738444289,1
34,51.09251136447736,36.2783876287055,5.126065717840498,0.1852111705628955,1
14,45.731734232186575,27.18466900102449,6.101074386893103,0.8926368164720639,1
24,60.69337161715348,35.61070866959762,7.587830497760499,0.97092072108536,1
36,68.6254348461517,32.3730196151738,3.8310754981780653,0.8778374631606956,1
27,43.050265614833876,30.258589424065935,4.196267377076718,0.6771337778089205,1
9,68.20232398305984,26.485835935322793,7.6853053088358845,0.7435518198230903,1
38,68.17306203738326,29.52878078237624,5.426694842304374,0.6998672437647552,1
16,69.54085102156628,30.94823977437449,5.190869678631568,0.46052438785506267,1
38,72.18480214871687,35.162694491505604,4.884614258337835,0.2744197187451871,1
21,82.02013924659616,25.571321996831227,6.20843600097144,0.2850027299510297,1
25,56.439079513809446,28.685915787369424,7.611247308810287,0.7311678612861375,1
43,61.09571580077858,30.224115659661425,4.334811459266654,0.6260364483205502,1
24,55.83561566751975,33.31339178843082,4.903123272810666,0.5848840339691468,1
16,60.01976844755811,25.457678312386115,4.649272871432134,0.6526088379243976,1
12,75.32873355636312,23.417151035563926,5.732864976819278,0.7747862354308889,1
19,46.54985516069331,33.36982575855025,6.222393437650575,0.7483409146455335,1
24,51.38950327834424,22.410254425266483,6.620932785333117,0.10539640579240184,0
3,73.77180936504561,36.42489857381084,5.76671828262028,0.3630350497067144,1
9,70.2003650690209,29.22036951258546,7.519332791243617,0.2639671367840857,1
2,56.36868353182922,22.26234458862777,4.4252470167925875,0.5382386622241452,1
40,68.5440200112072,27.59789890298253,4.1654594475672955,0.061416082371578806,1
44,63.412158424920335,31.895618165346185,6.469344293316209,0.762464047492507,1
17,75.00274609000988,27.336494562225113,5.122832319596337,0.10652733376272383,1
46,60.745095938267724,30.10014874412174,3.624059676584719,0.2714020259106179,1
35,70.25632113872582,33.700391828526435,4.683937028362551,0.7827415052210476,1
46,86.4201191049262,28.9890483230619,5.255658654097274,0.05155998291870845,1
21,65.98099155047467,25.31471161766933,4.353751762092645,0.6602010685559916,1
33,60.49328165794844,28.505080013140795,3.9853393129054115,0.9244782717943864,1
46,67.2244698522098,37.0742006822963,4.792370863474124,0.6176378171877879,1
7,56.34719141796115,38.42532172666592,3.9354665796382884,0.7126574874014109,1
39,83.87967705524733,19.900369130288624,5.635131038980232,0.7922668725225469,1
48,61.80071037695981,35.45513954595739,3.0561951531071534,0.22224632218615148,1
43,57.27066679774487,31.25073858017678,5.090424927965422,0.5809639180125632,1
18,51.64310994979964,34.61991339560075,5.519509888108303,0.30905671603018914,1
41,70.97220191606438,27.24755869866185,4.909458760251623,0.2494953792253053,1
40,68.67187412827738,21.15868245249257,6.0932228970708735,0.19245641508555444,1
36,55.02645628585907,32.92244394323731,3.6294387657958644,0.5854306153027108,1
5,65.76451345122423,25.295113693586416,4.2989104986238855,0.7945319265538051,1
25,44.91444031787144,23.05853784257574,4.66996535374911,0.8758890641884456,1
33,61.849705750731566,23.40799308763267,5.712724569409307,0.4285859461418594,1
44,64.52756352076695,33.00456891207667,5.218507586046121,0.37289900019793887,1
5,77.07329809559224,30.697262330145985,7.143365982742418,0.687306902100591,1
36,52.291811972713106,33.91233010937337,4.194214103026107,0.7803592418523506,1
32,47.21647371197676,33.34537627248182,3.6050111014193487,0.2533193366723966,1
21,51.04572039074958,27.895332177081173,6.789088982933061,0.29729088421103667,1
20,46.634314996850804,29.64763213061272,3.569141416067617,0.5333933191509503,1
5,73.36657357758983,27.442812356087302,5.683062711399045,0.4443856878399437,1
5,75.48639295024037,28.948361135672545,4.021329957978031,0.7057877330597222,1
47,63.20216577948829,25.16372631009467,2.930681649152314,0.5044849909877459,1
3,72.21294945685148,31.952421469371675,4.625216206186768,0.11159910572258269,1
29,61.339583805802356,35.37560374490878,5.89949996247716,0.16595319478810455,1
10,59.04888352299234,25.916934850895068,3.7782289115269263,0.9019088438206396,1
29,56.66962380946239,36.40634822700672,5.576094728144831,0.22739836482992892,1
30,56.89609008622435,30.567607482389707,5.762863561186451,0.050086091417900214,1
23,44.52198443690969,31.205394882029065,3.7283098584806957,0.7314545582872253,1
8,62.64254763607339,21.502852401962407,4.772238711287629,0.6840111438446408,1
2,59.596660897859564,20.96368845217133,6.577074822327164,0.6000760186548199,1
30,67.45360724077875,30.72058181389841,5.650592619963743,0.5022561544647606,1
39,60.9352349643861,33.94866062316004,4.738507535423979,0.9695803540468195,1
36,58.37296298430908,26.64309778177524,5.41529548125392,0.11983229591845335,1
35,51.288069699923696,38.350469502915445,4.314736691529552,0.5101627825781501,1
23,60.721532368217616,33.67467987127158,6.1136956783850245,0.5640449434700436,1
30,67.38237230816162,25.458293741460075,6.113260064602139,0.022492918380839333,1
5,48.566610089161394,30.154243335267537,5.1209059150860545,0.4119924248043385,1
1,60.874737536807395,42.38464566861706,5.2307061564576935,0.7828021253886411,1
19,62.33042951529484,23.787179986001473,4.001203124994327,0.47109875524293243,1
27,52.819352163817356,32.641349694575524,3.647963572932171,0.8752784497909168,1
10,54.12143695092,28.38627723638329,4.623395256058469,0.6447989318894592,1
3,62.306108487662144,33.53448145459256,4.9125982903088214,0.7660853640498742,1
14,48.66578981707377,36.336368231591905,6.062627497387989,0.80448013519236,1
5,63.499237152493926,28.06881455644316,5.9224277506183105,0.6895002394401333,1
48,51.046456263408004,35.59456135853587,5.184832888359093,0.7493806600263511,1
29,70.62853693033216,41.10601697135981,6.190538984372787,0.6953105398212477,1
37,83.378277453883,30.331373686721175,4.056513821185597,0.5504637484536232,1
1,51.392431982981805,33.92444343747093,6.07733688727837,0.566532965595433,1
14,65.34207862374674,27.047796148983625,4.209571285650532,0.1898847826368013,1
10,52.732580951179806,30.09629654515606,6.239694530064242,0.8274392333790569,1
7,70.40954173797789,29.116624536458787,4.986653535230019,0.3121373137718988,1
25,47.34741590914785,33.98467962829298,3.001713323462263,0.5357368824653311,1
44,64.80586758427712,36.02337967878463,5.730157164031442,0.24954555794251598,1
43,51.27011033110647,29.451725754412703,5.8095457595007804,0.6958649791062275,1
4,57.930154109016314,37.668114228664614,4.543419945511418,0.9751689521839356,1
5,49.68974724852693,37.650237207808146,4.6287404216059835,0.8019402346474074,1
25,68.22350470895753,34.2342687158995,4.840454720115396,0.6190954818875669,1
3,51.63019645560413,27.41986734139136,3.0748481873737283,0.5675065337421009,1
18,65.51964259331828,26.940855916300485,2.6352718269048565,0.48977125735292903,1
19,56.55901971737667,25.938093226549807,6.301625638130389,0.20497143176360022,1
32,58.855276282011374,34.745830351190804,4.175932332589423,0.3480100518442455,1
19,61.477559074001285,23.941158962553178,6.855264109576364,0.4063940741713006,1
48,52.38175328341151,33.384188270555036,6.3704018011389145,0.9445690748410104,1
11,62.10367113540887,24.594453260879433,6.567195314269739,0.42558285403601237,1
46,75.3033456435441,34.117730599209864,4.349701047532845,0.586190354795926,1
0,52.219052141672854,30.086097913652804,3.391598813069419,0.9224245406117588,1
25,71.71810143273845,36.668192809299136,3.913117693405645,0.5184264078113431,1
13,74.98097633487784,35.70727289160636,4.553545272847089,0.2514497798640344,1
37,51.83845010971956,37.17532706001056,2.62677026714936,0.38100610659807754,1
36,45.449453949094476,37.304093591445564,4.524574310875833,0.3755392004527829,1
10,63.01960900171765,30.718154169940988,4.798321972488889,0.7147175647021545,1
35,54.52592477233127,24.206034667876978,3.7055790284133057,0.29612073046002585,0
12,78.68603219163002,24.737384725013108,3.9595149017541678,0.7302885777603942,1
42,60.34807540499832,19.565757353420313,4.7794014788191985,0.8892427118867257,1
2,51.97800591964821,24.581670832859533,5.356286548310301,0.33607301171371184,1
32,48.528404889882886,30.344118288523244,4.1091773319997555,0.13534110024576906,0
5,70.8990495909083,27.20172909587419,5.292252609576269,0.6385543509686428,1
49,54.28816025915813,29.099321977950744,5.136846007987855,0.3608544675239942,1
9,60.43828799460428,32.463577097307,5.046885859018391,0.5339861671445779,1
4,69.55802745112481,28.47967370967121,4.347985876143423,0.6341656318396107,1
22,55.157416480691694,24.39085599793708,3.6666204039646173,0.4077429440609115,1
9,59.540711712598394,29.73383166218284,6.69645197990074,0.9246944517900747,1
43,59.8343159017748,25.507547566135777,5.630305916457426,0.39961465417047215,1
1,66.83324511516092,28.646067515104683,6.005731653060738,0.3073743272400289,1
12,65.90744335510325,36.71388482211502,4.916370315161077,0.8856752210988875,1
39,57.79886268745172,28.647473479519128,4.8359745577398625,0.1363017234258097,1
1,60.636490614965176,38.854787766738724,5.490659680725388,0.12420892878559009,1
19,56.282209884765116,37.15817993468985,3.1653116495477542,0.9356982076056258,1
0,45.223875930805555,27.103473457104784,3.885356530646855,0.208968414109449,0
36,62.57600857398129,24.444381167921122,4.202225121971627,0.14843740362464053,1
8,78.92191760833067,29.737229190399034,4.545433577458238,0.5351683040195485,1
16,51.16280859308937,35.76663881698445,4.120304320529846,0.04678846621029753,1
8,52.26970290397297,27.54904546885656,5.3328071252507465,0.6200150007275601,1
10,51.29272228356258,34.5404514913107,5.081447234462836,0.4529307983390647,1
14,67.24591778723122,36.04219994568044,6.392864689751377,0.6404119644147335,1
23,64.4848545419644,26.12987174818697,7.473759157112562,0.2839369035327505,1
37,58.414623075835436,26.619744558557066,3.737149759851567,0.9054722143489417,1
34,50.81980938361035,33.563310160635034,5.147305213968445,0.2705807127253457,1
29,60.92376791639924,30.759237748207852,5.145525878206974,0.6375646855428606,1
30,44.353778726641956,26.569692367281604,4.985801930235338,0.9450918506276247,1
48,61.43426566857493,28.239097759402064,3.9151754290344982,0.4008092883412826,1
4,68.71524386087934,29.647402236362904,4.08280255435745,0.16142652829284498,1
43,47.48800863366322,22.175727875222698,5.2404056119161195,0.06838247591183377,0
49,44.674817231703365,33.82821553241347,4.054649926692764,0.9630179968076062,1
13,75.7943789169486,27.606539055304044,5.159271972167008,0.7637014859939389,1
10,53.88240360495415,16.081418881009505,4.754050215454395,0.9189520600707842,1
8,71.35947845943822,29.880645158452737,5.141657903121282,0.6988330531598115,1
33,58.460023348021686,26.29214370553246,4.046699529565566,0.3424485041893569,1
11,58.38045183058672,38.44411096151338,5.157469242334536,0.12301658598338017,1
34,64.38412699496645,27.07277489540016,4.11904741652341,0.9293068592750007,1
34,51.1600114325356,24.511783182106946,5.160695608656918,0.48961904413094115,1
0,61.32497143495645,32.53966334981008,6.339396122439157,0.3965089962776228,1
39,56.185105851759076,26.697763159962083,5.26098385001607,0.5777920612391232,1
21,46.795065565949685,26.10271899373884,5.321870382383057,0.10655932143106905,0
28,63.37482074726399,32.54750691412203,5.817206517497548,0.30920381937448393,1
7,57.36692193122084,24.79766346055217,3.5964416555267373,0.637876107098167,1
10,58.429751715552925,22.713631709002733,6.718921573723012,0.10012294635715524,1
40,47.89839056585842,38.62999001047169,3.94441000738763,0.1352427589648839,1
36,75.91400367762805,32.89749368800322,5.879660997368937,0.5105878640910555,1
13,68.76714186386116,28.678953575028174,5.7469099872563225,0.623457124601091,1
29,69.64155884171979,29.98261395149032,4.097833638495239,0.18700170579379072,1
34,56.94555297558318,32.52932179058078,6.008886136766762,0.03308463445549181,1
20,42.7081711049658,34.8666872480671,5.497812766413309,0.9583668927667561,1
36,79.52917382489511,26.22012354342494,6.889978644402257,0.027492657882556837,1
4,59.38902491994132,31.83073262982841,5.193378751341293,0.0020520415206412013,1
18,52.51200203979946,27.466479118948808,4.891456668477402,0.3233405688281997,1
13,64.16801574483114,29.055093777436877,4.485237472081796,0.2224531687755682,1
25,71.67120788003297,30.803464337324524,3.2566447286488267,0.5735863620982109,1
3,59.76949443914534,29.966607134736638,4.68177243524884,0.8942088768410802,1
24,72.78575167939374,33.67783449151286,4.724101605741123,0.4811076724393146,1
44,70.82999938516869,32.43543279557797,5.262058182557435,0.7733012088169706,1
41,49.23618812597942,22.45915395313911,3.5768968891175343,0.9092270384789499,1
24,53.262098943405235,23.21088396467279,4.760987788813121,0.18939965360620747,0
17,69.57537163279767,28.151416576203538,5.576251392022115,0.4883108861220059,1
39,32.873874361895616,39.14312631220913,5.675509675492517,0.6420699995987295,1
7,58.50544306835011,25.742040837491988,3.140184823862673,0.3318832379203446,1
38,45.69168798375328,28.958886451936237,5.706406608653224,0.7397521109884252,1
39,55.23446198566475,27.318269865217392,4.753426086878508,0.705314975221825,1
13,57.01179910970796,27.2297780795596,4.814989122501446,0.4210942841514196,1
31,56.41755622092492,30.891198719525278,2.635484630144162,0.08795375342446143,1
37,54.477387478873915,37.00388638097826,6.493571162557879,0.011568783482579614,1
32,49.02856350371186,32.27984199940295,5.176798885011295,0.36934956216085046,1
22,82.91911266818687,25.98234519286454,3.468539573477293,0.08206884511759827,1
14,78.67462004161351,43.76614755401604,5.375201574916466,0.781624443208261,1
32,48.37934179743717,30.39286610480563,5.344478440847024,0.33432578326898077,1
24,75.82116751303568,27.113895218089432,6.222544152932989,0.6660982757916968,1
16,56.00534509527147,37.06048187338795,4.690311230709122,0.34637898730045835,1
32,61.2918747333171,27.654646910280906,5.011996068938586,0.7959384168280181,1
46,59.36726040103084,38.314568274937216,4.357192199762093,0.8884124966197812,1
1,53.40251358746034,25.646786045166667,5.597948613992738,0.83751414926274,1
13,69.83852343606146,37.15015194460685,4.21650965832495,0.4844735639798533,1
39,61.25886530576658,31.005238321408473,4.1070094829197705,0.0839516108698205,1
39,55.234485767807584,36.45526116351217,4.932202462220079,0.3717111057934295,1
38,46.95410556199528,39.50882854350772,3.7741362286961713,0.42445599470508266,1
5,51.064049862808794,24.33696354739373,6.602131218539235,0.9602540108568747,1
5,43.586198843979034,36.37885910379161,6.927266727741875,0.5654973052070956,1
2,60.122235484151695,22.955480477872975,4.546409914578184,0.6408462328964416,1
6,48.033344077156045,24.764078223758858,3.6134049934428347,0.7820035810020739,1
7,57.34439487481459,25.982952701037814,5.336592038902062,0.5682024672103387,1
41,73.7010185361037,32.51818318088931,4.517897482031076,0.5984846091827619,1
14,71.99299572921586,30.1650793846743,6.174681132528032,0.2453277973346053,1
46,59.677231058973824,29.164319579185822,4.2128534044700965,0.0588666075612756,1
28,59.1291527385685,30.731176395111806,5.544513222428443,0.7213858791090356,1
32,78.79874549421008,32.956447946467364,5.1139935893916935,0.848684697354426,1
29,65.20756120358712,33.34124061970677,4.3237384893865904,0.4120001833251038,1
38,56.721935401234774,35.470834178075656,5.240049828491942,0.5489144532482098,1
26,45.73981882879548,39.1001740638372,5.878532558474849,0.3072852273357036,1
35,63.93873218164743,29.893188137792617,5.086848519055397,0.45022059346573473,1
28,68.29323772582862,27.394555189345418,5.097284665126258,0.20888972626645508,1
37,53.683484754863564,33.06768064592594,4.127216572146326,0.759886808104961,1
32,62.912027551380326,24.278725918676898,6.144204797904136,0.49191178777509514,1
36,56.36426705084971,26.606479339441943,6.0445465781431835,0.5471565532110789,1
26,58.159676008009974,34.99690473196395,4.589440811313503,0.03708807826122318,1
32,35.12177942437668,29.37935812591148,4.875711540517004,0.6223983922933474,0
3,57.782185962838646,23.959037708209806,6.414220672690327,0.20265581200778948,1
21,69.69369302408055,22.550984673174128,3.8664291789525445,0.38339464436487214,1
1,53.68597444433442,30.243583396969036,5.604288391358781,0.41271570009584213,1
9,60.52526368215316,35.70948268484005,4.441386226868872,0.4487325974880907,1
4,52.4404929330808,35.642728887655934,6.778077876751641,0.22743638911476327,1
9,63.60441676292773,30.554402514464186,5.063446728665337,0.8501102247156406,1
32,57.834768024638265,40.04454709548064,6.260378518140042,0.4278501507046225,1
37,50.60758459317993,29.475898170297686,4.238672651538871,0.6121344579082613,1
12,73.32551467665128,29.307161883012945,3.7514713176757324,0.613937545693773,1
30,69.28932013532216,17.162820451305002,4.765740542798888,0.6069846744213653,1
46,53.950932360718255,27.76318525419392,5.262683457946836,0.5593180089495972,1
35,64.97788309417777,34.26007517454247,4.489268317983587,0.8226257482647886,1
44,65.3741200282038,37.81980668429852,5.758307426274968,0.8126178137471891,1
23,66.42301235011176,25.848826831663576,4.790046432189571,0.41714457260485904,1
14,43.05744104004923,32.31126164646524,2.9185628382333944,0.6358460481306217,1
28,70.06606541032627,35.23439516161644,5.552811979193001,0.10282924452668674,1
7,54.30301037074268,30.056040765979496,4.1174629408528425,0.09077267826835012,1
4,56.42172066558733,18.583597712363847,4.638402618323481,0.4799164055212619,0
28,86.37881752260199,31.23644999787126,6.553131203539356,0.9002040236060214,1
46,63.01873380721012,33.80715312030446,6.77281172412109,0.6499997025236955,1
3,56.13677524552824,25.262885524907706,4.424506564907189,0.6692164226475942,1
11,37.94705627244094,28.729227345628065,5.57778663063184,0.1576733120795013,0
44,73.89764133946356,24.22251978935618,4.447725509577356,0.45330444426883887,1
1,46.547903291913975,17.149262257098236,4.713127021101397,0.40079094498449364,0
26,49.96561096500496,35.13502205893828,4.394224585101448,0.7829783467541931,1
30,56.68647700912151,29.981257330990744,3.2756563196035153,0.13782409677226803,1
35,74.16411791700293,37.98837498352491,5.095055223733709,0.5391910073308044,1
35,67.73239986665759,34.28661095953089,5.288165386946167,0.9113515025488518,1
25,58.4216249015974,28.228951191672756,4.3289982546888615,0.892459889652398,1
42,63.08292063638821,29.584096699477957,6.087791711437109,0.8523371097477204,1
26,53.99614307128894,32.830886953850865,4.56391978290478,0.3749853129363834,1
4,61.39653689565351,34.83441708377872,4.362788175140985,0.9411006906550579,1
19,60.73336744778137,31.613353153710058,5.526503118108106,0.8053005086593719,1
10,69.68769895681353,35.52796572644742,3.457318010027471,0.8511413192409033,1
9,69.67178122438949,28.516656316627643,5.906679031702806,0.9323537943249872,1
39,64.93977382205645,25.014282266071568,4.597830842605637,0.9370012656140809,1
37,56.37652442453898,29.675953732194348,5.98928607639409,0.24006496325999083,1
5,67.41822294390127,31.02592445368092,6.288130525829156,0.12768771177716687,1
7,59.08031533796954,23.992323026303566,5.640153442357141,0.6908749435713153,1
22,49.18085631286867,23.31638957926689,4.188026707271689,0.5632139566371424,1
46,55.96712208089061,32.23693148236714,3.7491682935155954,0.3274265056319321,1
25,60.84526983784325,27.968215743147884,3.565927336664764,0.6844495067770157,1
45,69.10215783664745,29.17079547168999,6.102910701701311,0.06199687731592174,1
42,58.16471827842847,28.201536671495884,4.865199887799816,0.04720831649588342,1
11,47.90801288760394,37.603004508816056,4.400778205469152,0.3543105842017601,1
25,60.56741683296819,36.308805801975,4.867917848461108,0.19384662343216086,1
12,61.134560400565526,23.813231549804158,6.0806212089541685,0.7185560507375774,1
39,61.85837628902753,27.336033934597765,5.778739785359551,0.948021837908192,1
17,69.1987151595443,34.25002133984796,5.438506155708855,0.6616274136846255,1
24,70.18923240089899,33.009681185516214,5.637886057426405,0.6547843671275638,1
32,54.057891276183334,29.792710188351073,5.180172355496949,0.006595573419583167,1
46,53.838565419510566,24.311998975178824,5.302113057296425,0.5122769717246302,1
39,49.59801289044527,26.58729976923227,5.221025231151047,0.8171013201751595,1
42,66.98815670280476,27.416162162268552,4.9999387543724465,0.6541203653380177,1
11,74.48820108337715,31.384971655595503,5.753373883831282,0.2277823846488345,1
43,56.849180720910766,38.51863577348619,5.361282106200394,0.8484752484272008,1
35,57.58569435275007,26.56559882605936,4.119284968893042,0.9643767242151823,1
47,74.66782556898976,24.8698237622238,5.528874385522654,0.2789928475002704,1
3,65.05557853215008,29.457067615860282,5.2472470663793045,0.2070943421658067,1
4,64.36235704801055,35.158694902570296,5.611413468915099,0.3385269046526759,1
36,48.09083494026273,22.765585166196484,4.8957930863849715,0.06315828387767108,0
7,66.78728069279418,37.26817075437474,5.8117403137671575,0.8734326730868756,1
41,50.708636594902416,29.139843189421654,4.938591449133843,0.9292994805324811,1
48,48.65979814065042,26.32839998843313,5.723879686600545,0.6333030396331303,1
27,56.53228423233288,21.999053566189204,4.543528484049489,0.764334812853446,1
30,54.1420727655131,33.532603867103134,4.612745945901048,0.668650677435156,1
8,57.78400305614961,29.144144023792325,5.602052523210125,0.37735422928986906,1
28,45.59018365475082,30.853527413772532,4.6682266062552555,0.6320423620542658,1
13,69.58816306467672,25.49594129494318,7.205782694748161,0.8363201708751129,1
39,71.27686294516428,28.40451982874488,5.566444986779027,0.8099074102357671,1
40,40.52657525859186,27.56709376822631,5.024923486154201,0.08105752641667452,0
21,69.78457805666551,29.49703447310896,5.819900776758849,0.46260096054311706,1
10,51.894713701783736,26.652238368120948,4.519319590023483,0.39732146395725,1
22,68.56975536982786,22.32909519656389,5.923014819233018,0.7520087457798647,1
0,59.315535073335845,43.64249872648303,5.895235216663533,0.5013759395457833,1
45,60.28775564080998,23.18297876331243,6.25353405777955,0.3497011085694196,1
36,58.14902350578781,30.907295034712696,4.559190468651423,0.7063497605932015,1
20,72.12129204233486,21.13986085787979,3.777266745862255,0.47357852033589876,1
25,47.60411987474971,20.014762816910125,4.389845360797452,0.256624027752975,0
45,66.07840338735008,30.489132459261338,4.718369484027253,0.8904169226102256,1
35,71.0133016488955,30.871837938841516,6.667211600851755,0.11304784815305169,1
22,67.16340080540411,36.307494954011915,7.195012029127749,0.018087706885486554,1
0,83.24698914323417,31.99773420507853,5.3446623046439825,0.1439110326480394,1
39,54.71053237275301,29.250946406271044,5.0093906080186,0.1636432534973442,1
14,69.57304822593531,25.251998779674977,4.650092169525789,0.5380422000475656,1
20,58.939093646585796,37.49506034116774,5.824690350210867,0.6248655006370375,1
46,72.3340607635267,34.644256230251116,7.188581391991518,0.44861113405879915,1
8,59.923110042786305,23.768352611257875,6.785850891188272,0.2041712452789758,1
8,56.1212421813753,30.189818641053176,6.137976612605834,0.1321908987939252,1
9,73.06072203871629,30.720261157632486,6.123302531113857,0.4921519691237265,1
25,55.0843806098107,28.271731716971654,5.832309886254115,0.565483087619812,1
40,45.872742410994434,33.85925242903397,4.952709354291465,0.30396137170347404,1
34,54.83153116826171,34.158665691740886,4.2634517774592045,0.22043994734097416,1
24,66.19032946588533,29.04757151097447,4.979185910672059,0.08059272684742724,1
25,73.92038751587091,28.59565377101171,5.422339602131353,0.026244486992232696,1
10,61.11129375296512,37.494792313337655,3.5463661012817047,0.1057364308361799,1
37,73.18197067234026,34.664194461811185,4.847049270633791,0.7420794122839406,1
1,46.41825078522406,30.361801949541924,4.174067645408726,0.34401865015388944,1
6,55.56736535182097,21.85395480459973,6.013841161068141,0.027418915401902222,0
17,57.11424882845899,31.72000053152518,4.4502915978432895,0.5081652718543446,1
26,58.8544057252748,33.49041732458834,5.3282203319809875,0.5360672668886253,1
33,60.84094388250197,16.227391858008136,4.2999797070644235,0.4286887796123935,0
26,66.90910957392192,31.259347241590127,6.597699325960916,0.11068281203548591,1
16,55.5519316182951,27.916540066021323,3.2992430634654144,0.7549673976059635,1
42,61.39028686953126,28.895728599352243,5.4758403768439665,0.6890815882366191,1
43,59.54877109675948,25.463095236183396,3.7227423315600676,0.3947291382715882,1
23,50.7411009610885,29.25905354798179,4.4906673495151495,0.380815356748068,1
24,58.863333109185646,36.95995788090666,5.206186703684505,0.15593511494594314,1
6,58.563404701028816,27.768007505922423,5.255357031316837,0.7535493470877495,1
5,58.34919434996954,34.82786779396592,5.229266841095413,0.5995739043397662,1
23,60.31759456581451,25.968343905601948,5.1517491409755,0.08579344551294565,1
32,60.75673540613386,33.79378096328019,4.358155738126557,0.37806345843691347,1
48,55.6770482089267,30.008279278109757,4.835946676911189,0.9035609425685026,1
28,72.72714733971264,31.760124143946403,5.031634016178915,0.4523746016562262,1
42,48.305193707969835,30.035766280487437,5.195360396758883,0.3249274993005772,1
21,52.79029891530104,33.20812616220604,4.934319527193011,0.6437840754485948,1
25,87.79963624223555,17.162074410331208,5.729590420984454,0.2029723776840583,1
27,49.6200864501077,22.900873432712153,5.093386970150942,0.5238033982071795,1
49,46.462453252902414,32.08540249004322,5.201325967621614,0.6695227535636455,1
20,67.34476745001218,19.782308230518822,4.617347651688482,0.8548784159750777,1
48,39.22880146226126,27.347098221763954,3.9475580733855775,0.69250430277787,0
6,57.64726090027561,29.728295794816752,5.154028930732471,0.3844097971685644,1
16,81.45824925076488,25.859299311935516,6.207446043962938,0.767800173348311,1
19,44.550640778466,26.54219298653113,5.4438612307304135,0.8983999280708418,1
40,40.18035514261287,31.357911000767963,4.182506058785208,0.4777636246599396,1
48,45.00818798042302,35.04647477889905,5.814740025818604,0.004500785483282366,1
19,68.98359568346986,25.207753093725962,4.664882932206043,0.8809180259518441,1
21,71.24776719985812,27.12470901906315,5.714653980480287,0.16544199160875095,1
27,54.87411203021491,26.343695133364776,4.631204135103839,0.12632550498037332,0
39,66.83212404001068,17.893101240613607,5.35330643982737,0.3076785657400315,1
48,73.9025532751199,30.708558951587545,4.481502663375653,0.3799837453907612,1
6,77.87346414429825,34.67358872914246,4.506947503529665,0.799376698186652,1
0,57.53664718820152,35.08321603657941,3.4337346329042604,0.38918338511312867,1
31,36.98528282330013,25.646168117796307,5.5120748191611595,0.04882116635418332,0
12,51.79121077590313,23.741509757399285,5.370169634820337,0.6359616799906118,1
29,55.73195805064742,30.108027737958423,5.426442716260943,0.6712210234300083,1
22,57.41061203421609,34.14636843283233,5.275330561131811,0.8142209208321036,1
18,58.1214059899128,30.77425224155192,4.237749966676697,0.3988660806611317,1
31,71.1889459793067,31.446523179368807,5.96589926449358,0.08607107620767707,1
29,72.74428426687581,35.70915463868117,5.99277930009227,0.5530622776945526,1
28,58.28326346075217,26.304317203846484,4.211762534829417,0.12099738257750658,1
48,70.98484876051819,28.900149566634852,5.532123991349958,0.01707532302430992,1
44,63.57661366631089,38.173027558806005,5.874991185367977,0.7785834718513456,1
28,60.64505972862572,29.015944384511865,4.529901726656279,0.40341060033838405,1
29,69.06544157109964,23.663315170167145,4.703964310755648,0.525005172062436,1
15,60.72252048237916,26.653219518748525,5.534113408211786,0.662849202768534,1
39,80.57811177097761,25.309100743893787,3.489670230585699,0.40102766671123835,1
18,45.61588833205441,31.785812928506353,3.911482778466,0.05113159247739574,0
17,54.84829100907982,25.520264982056105,4.010224992130438,0.2527436577079606,0
0,58.7348110304605,31.35517126430622,3.203683635174505,0.19434119133794547,1
13,64.3945269045799,26.319673907296753,6.084939774187481,0.9773940208242655,1
46,72.67960487103089,19.38310730800886,3.011868185808333,0.7395054540254599,1
49,59.75601432763843,31.53309893490961,5.343110663431366,0.45154999826319253,1
1,45.77770350493793,30.742318407734444,5.81168339475522,0.06336739645751432,0
27,68.42513896455004,32.5887890785442,4.706404045586733,0.11585052247827055,1
48,67.54958766141965,26.635063904173716,4.331632375268755,0.8128995692714147,1
49,40.58141340620594,26.10227762320312,5.232842450736639,0.9454490938370006,1
29,59.96195866329201,32.00733429240773,5.001833000594481,0.031350184475328446,1
37,44.09858169319702,37.5950978626549,6.003504862416415,0.9103971226882759,1
3,53.353489024979375,30.05584004753164,2.3714788596020426,0.38056371338599193,1
0,50.971910730372,32.12292548023572,4.0812925238518725,0.21363266065367392,1
7,68.09264698241986,28.392061577871463,5.5615768839160555,0.10223235741319037,1
28,61.16830174172184,22.281847390631576,5.05044744277446,0.7717489419531949,1
38,47.144089992439724,34.83714709577029,5.752034159196867,0.46891048518181366,1
2,68.80065962957342,34.54207119543081,5.262019976239662,0.8324237819352568,1
31,45.661941760715855,33.55387012587597,4.865262936758687,0.22615715342496212,1
9,63.301137904709435,29.090272808287907,4.697711556906496,0.6785680368324246,1
9,51.85989330708444,32.9852804986927,7.325055015875586,0.11812170486612805,1
18,56.3432291746948,34.46880898693915,6.534946274031511,0.08975068413476972,1
45,65.04270748038384,38.10079342478353,5.495505098095222,0.1333998503617515,1
33,65.21449399059529,34.94263052323721,5.078463893448415,0.8089013005603072,1
32,73.3696907355596,30.319106125168194,5.538132549353435,0.65561973543264,1
22,59.17746300328547,23.458733722878144,5.826834717872908,0.16596389193365824,1
27,63.06450862963341,30.778291488358704,5.418826685704509,0.3847722106851854,1
31,55.62262677595675,31.282886979246538,4.248619876613442,0.7636860097564567,1
49,61.81989882622798,33.54514887659152,6.784510767724511,0.28567438941388723,1
6,64.39486048008511,36.76945929661713,5.246208227754019,0.9212637123130958,1
28,59.01690152545624,29.524247439716103,7.013930030389814,0.9146027913502571,1
7,41.96249515907503,40.504935949065555,5.1871474868773335,0.5529008256947235,1
0,63.31470896330895,21.203564899797115,4.754346647874466,0.6319742691521149,1
2,63.64561477355457,32.096709362308125,6.384140124046464,0.6532183533878299,1
23,53.19826523652049,26.00739803907986,5.301186958077767,0.25846845775507565,1
22,47.15612963927486,20.463890001555985,5.13342263450929,0.365321388723987,0
7,74.75879150503965,28.991128118504207,3.799635794357406,0.13594111048988466,1
46,64.91445510894403,22.71413650789522,5.6602178051358285,0.924871341653869,1
36,57.70918969078291,29.192860509835917,4.506689617044092,0.7238494386955521,1
2,48.62967116852513,30.173846240472283,4.552208790926025,0.046356266332647555,0
32,51.781851715786544,35.59270704667975,4.509451154594829,0.5493874500979167,1
27,73.02590396786232,22.462074326180314,5.439033834695302,0.3430737347379593,1
46,61.37661940868046,34.542225828228865,3.46462372642431,0.8152878770614091,1
7,54.49412932999294,30.49040225139897,4.789154657274193,0.3438000878335128,1
33,65.09689231224657,35.14424576804797,5.980278991109378,0.6441501246008949,1
34,51.856018125536764,27.841244124844362,3.7543311306599927,0.16574033345657257,0
31,75.00843030280379,23.33877706618277,5.172878960934585,0.5587554896490587,1
23,73.52800534896726,23.912503368920667,4.368600579729166,0.2938857325535492,1
13,55.33425928797223,23.540962731664422,4.5963068805343665,0.16488842236251278,0
31,53.713297529691395,32.389070764603275,6.655152260389907,0.619259146936456,1
45,33.8186680130772,37.3846101110735,3.3495108164549916,0.6386412000153757,1
42,45.18419228448632,27.175242366723896,5.765630338171617,0.9833537811337866,1
15,46.60530225042244,33.14567649128892,4.522071731222788,0.6691060596611157,1
3,61.351903409873856,22.3827897093219,4.472336014854332,0.5157099385271282,1
36,56.7376629555864,30.901606245886494,3.8884376575117328,0.9126208430847497,1
20,46.54664512584759,33.342813081685634,5.753899637273635,0.8282808186884558,1
13,57.188359575354426,22.75937612361566,4.808595383715984,0.5487462784401786,1
30,65.05337147647349,28.980582655100726,4.682330586205348,0.5113490777408073,1
47,65.27839349915587,33.57958570242783,5.109836929204075,0.9419691857158768,1
17,41.00329719141119,15.331146763852615,4.8297128742582,0.6171270439589308,0
6,58.71736519516169,36.677265308508716,2.9993121202464756,0.7137791691695069,1
9,46.1665922302839,31.768396879455242,4.5091758170226415,0.08667904214720312,0
6,69.01728697140274,33.583638238586715,5.895440890948324,0.7183056212492592,1
32,67.84146416353498,27.93640360402618,3.4933835358876917,0.2646818422066832,1
22,51.019727736755414,21.38638759217322,3.9100621001436453,0.11553792320629175,0
20,52.339547975996,32.67031478158476,4.573208604601474,0.8496661088053098,1
18,55.38732949501693,29.58704837291744,4.2743765813628585,0.691191086652746,1
47,37.47206605268661,30.160577277161604,4.972114517858392,0.4075643122381304,0
18,63.35968173440577,35.43803492599477,3.9069232483212595,0.4314167262080665,1
35,57.27155453659869,33.81031936931299,4.612145476190627,0.19711772220981638,1
28,69.70175082567859,39.60618708544806,4.952005468400666,0.009550995466275247,1
17,49.01590782037447,30.769271144367494,5.648940416207971,0.3493591395693767,1
1,53.80877051750068,26.543937811044415,6.244789386099596,0.14841435968258554,1
0,44.93474741960885,29.057915765456368,4.7384528461465605,0.4217267956873153,1
46,49.95709436505747,32.07831686269303,6.888060241245825,0.8338250879299584,1
4,48.18018003931781,35.07928259496489,4.816095419455476,0.11475436340271972,1
19,69.95973678846445,22.664830242806406,5.828875148256531,0.09175360213614647,1
10,53.017381512486075,30.042688075895846,6.931507734726779,0.902102219965562,1
41,61.24175684744613,38.047708285191845,5.139308409235936,0.7451395624383232,1
1,56.19236596138195,28.798955644987398,3.6264733784224648,0.053069865617590084,0
2,47.30534733987187,34.65505927434552,5.090903857207631,0.07957048525758381,1
22,58.316995768283576,32.46558763608002,4.38835711179509,0.6849242281489275,1
11,65.99103331863594,34.7793030326249,4.725567973027548,0.37034420214768615,1
19,47.92240607456648,25.951197292000337,6.984976882495215,0.7241732955444422,1
4,68.09112790731379,25.972991649672096,3.777236576776124,0.40445406930047767,1
36,51.50279078522304,30.10135946061144,5.300466822305859,0.9677866873211677,1
37,55.170160739271594,22.338891063798442,4.122278719678276,0.6944166122606511,1
29,65.30683123010047,28.65129696694171,4.692342058799086,0.04661576484567487,1
8,53.36563842780512,31.264383287578337,5.744842335204484,0.3305017748773662,1
33,60.37574859335866,38.92317803474886,5.318163943473023,0.5636061861360293,1
43,56.853091712119074,32.01359094634911,4.774967731038411,0.14187363820035737,1
34,61.29368006703819,33.12614235436551,4.3501996747353715,0.0025203000752956894,1
21,36.19260894476503,35.822379235250025,5.316078192153614,0.0793081323217163,0
43,41.70318184791917,25.176712055524717,6.70768671715337,0.524263477696168,1
23,66.15967006046839,29.17458668814507,4.098648057376376,0.632255090885571,1
16,70.3718140564905,42.12706295901946,6.911663885457773,0.09290337569421248,1
9,50.89513296468479,29.604388888077455,6.1994974507251515,0.6651565239056132,1
29,57.55971647828866,35.582153743911036,6.369353367577768,0.6171241572546758,1
45,62.94719252902301,34.81868938586554,5.3084323809296015,0.9398969820112626,1
22,66.93217601658704,22.609431428061555,6.171129775509894,0.8406754915622701,1
31,39.723227283291514,31.552396385029667,3.9911687175493737,0.9432418637389651,1
16,51.13959753021623,30.73373736102613,4.331956092151488,0.9661076231567661,1
49,56.67420620150125,31.649793939202173,5.765813813920392,0.440808535979622,1
16,67.0314019723605,26.2294376010447,5.2958450552238165,0.48791068127801074,1
13,84.98430483721495,24.415402440439205,4.851620741502231,0.281621968289101,1
8,57.71994273190282,27.619949999895745,2.497391109392578,0.5084324025948369,1
39,45.93022537896012,29.511025014578987,4.564525951961829,0.1507146981992119,0
1,64.02268077201298,35.92492223800158,3.825946219701734,0.671430960758198,1
44,73.2099578954071,39.086554098628035,5.493534311311502,0.024932534665029538,1
24,61.08014120979501,36.98298923111589,4.8088314714327645,0.23562775628554977,1
38,50.93351454845707,34.30092605390922,4.371699455833495,0.2080716981913151,1
8,69.5799394148002,24.97829868850205,7.642910482624304,0.937889071422054,1
21,66.63545618498435,27.955519125052522,6.038174476694235,0.14490175170784914,1
42,49.73919155804376,31.04963026206499,6.055872141356059,0.8907754507830942,1
45,63.81425617534342,26.837804809619126,7.202215144682173,0.12435822136816377,1
3,69.97265567658873,32.886028262639755,5.802191782683109,0.6506979862804624,1
25,71.81890042558894,33.60243054127144,4.229045990527134,0.31988596817333814,1
28,59.33551024690544,32.681450312827344,4.112103648308263,0.3160023685469916,1
44,56.41920553820681,35.12567302278791,5.964902758754235,0.9982711001214651,1
33,72.27273822081263,25.47704393143463,2.9406457202248233,0.2260428577929241,1
22,47.89839497019115,34.66414352046099,4.922220368990434,0.2025600679344426,1
36,64.38579290921005,26.52177274939902,2.828875622443552,0.5893347490979636,1
10,46.29973372635571,25.29532023678557,5.098843508389506,0.740752397028573,1
5,70.65376272259603,32.66058067093191,5.8540702507119535,0.9825045235234476,1
17,57.41954484388839,36.0793678109949,5.279415534603633,0.7014137742374608,1
20,72.68583235647469,32.44006743188005,5.938109358970598,0.5618710662504095,1
41,64.91412756355527,30.10402011886272,6.964826941659915,0.40913171775808765,1
35,47.7677976993807,31.550769130507536,4.856461562737991,0.5951128089726664,1
40,74.24627732077244,30.6821345903364,7.807650783278881,0.6008349967526917,1
37,75.51245266427729,24.370245519323028,5.212669956170155,0.21771149386432376,1
33,68.82286492599215,23.786899275275424,5.949165062690359,0.6712085615338034,1
16,52.3841213496378,29.605870602632727,4.388937285434933,0.20442379066440408,1
36,56.93986045642591,30.399284178846518,6.619313979630682,0.4899548233953591,1
24,61.45427217405759,30.05666189183867,6.04171019854263,0.2598695126299123,1
37,52.96289600668567,33.38050806824957,6.471451302567997,0.31280102372975105,1
11,76.92346572463205,28.9226164191783,5.054504421773955,0.6138770199960298,1
22,61.44326471726037,32.81489590952428,3.7445824356167106,0.06448511473780028,1
41,32.966519528926426,29.27706616336776,5.460397439625406,0.012034815324227455,0
21,63.3935581275622,39.11679481018233,3.3029801866764843,0.13062000954764363,1
20,56.51842603182687,30.403568633632233,4.663814196378048,0.16870697807449753,1
26,59.25073443881552,41.70361305762839,5.191080436632251,0.19787296804563392,1
30,56.313806342143,31.76005795545432,7.377224292510768,0.7739310702144798,1
5,68.07046416606687,28.931614147058923,5.3185486119419405,0.4468579670378786,1
26,71.19687778553381,25.502760118701627,5.139537469083039,0.46993613384427213,1
39,62.830531622586534,22.78555712971153,4.936967575964707,0.6443341628555435,1
33,56.60688812861841,25.042788578019216,3.6579090952349826,0.7291087684128477,1
11,59.5866279519083,25.601968454180053,5.085825840013007,0.003508349553436041,1
44,60.195996165776286,31.974100102060884,5.1028826761367725,0.8567253358051695,1
6,51.975699601351636,27.36917314469906,4.031391504546283,0.9884348472741084,1
9,65.78928648571235,30.93463526277249,3.813254385571635,0.12180743223842172,1
44,64.60042323860466,36.409891811883426,4.5184293172322665,0.6510805836569036,1
16,75.40441239776673,29.56095824182573,5.064932978572693,0.0024137544009764644,1
25,72.55349780288475,40.39578349233402,4.542445818618542,0.04902948617458236,1
20,53.1432508240987,24.120945098304013,3.9491245503484786,0.2850010200860553,0
27,68.20298374508965,29.24708225812536,5.289272252004306,0.8464040844196341,1
45,50.49046616905528,27.303435381945107,5.538866824169229,0.6525009014377374,1
1,66.9593210094085,34.68253303028504,5.121297709222235,0.44582093197232686,1
42,54.83385801239892,18.801041848169397,4.437017286123067,0.4385984736023928,0
0,49.76746776624415,22.784423554110944,5.594841021232258,0.46605357435312667,1
35,62.800453426974045,29.463265887745187,4.809462710273019,0.3110331078010038,1
25,33.254328718458595,37.756888605047465,3.8109162926548503,0.8777145176255143,1
28,42.490244255947715,31.129209170186535,6.036244355001399,0.5678691311997973,1
20,58.22508116225717,23.24226272867883,5.35350801926649,0.48394996352585284,1
10,60.824417666348424,24.014167036548848,4.880709694304261,0.46507660315710386,1
39,56.30681229841811,38.364948514224764,3.428947795165275,0.9358264668979426,1
10,44.20563701282401,26.894326006018797,4.255139720864788,0.7236619282196818,1
35,51.821081578614944,25.28518313775118,7.018565712382927,0.14481455471658566,1
48,63.91209327237394,37.3868628031543,3.491657938119303,0.4369701699432651,1
38,65.81781770628362,35.05548502793496,4.748650720358308,0.2883722104145233,1
39,59.83776882404059,36.37029821633398,4.98366423764638,0.9868686577301626,1
34,71.56833781036988,25.249790598670916,5.320476789411555,0.4153957063131808,1
33,63.97397023459234,22.374471794928198,3.5028290641735857,0.06787010302978236,0
46,52.525443460417875,30.66583244681353,5.1741762564046,0.41121200146280434,1
23,57.194979465883826,31.67563066536832,3.3138945375283204,0.3213502806059353,1
21,45.97133842792145,31.82300901852416,5.097428796195511,0.5995826470782478,1
4,58.918610096085835,37.39091967819501,4.347602080990417,0.22607817522902984,1
32,71.12100619221339,21.331164549958757,4.1341307330821895,0.03597364969938166,1
35,66.85290084710968,34.29847525648883,5.834817158667588,0.09588037515889136,1
46,74.02009325919121,24.51687477926341,4.764393756636117,0.28314758953436536,1
19,56.97114756201007,34.27867660430421,5.473710804907571,0.3483226315331076,1
18,73.46099794514258,27.625216477393113,5.506826911377817,0.8344505400447328,1
34,58.066957735520305,25.930141020547442,6.269953488955102,0.2700696840143848,1
42,74.71585082569894,26.950486465253988,3.7917422583789753,0.03149305347604614,1
16,59.781432525578765,22.77194899611719,5.919015662519756,0.7807334832028542,1
44,67.07231373804277,30.202144699167334,5.016461622438047,0.8689175700889626,1
42,74.75112364309855,26.136633046697714,4.621875419630406,0.4923062374005278,1
33,58.065723714187946,33.931491154501394,3.850749480809718,0.28492723075647075,1
8,62.18388987544174,33.200280405164584,5.606590861542862,0.7721398801184159,1
25,72.88863425206303,38.440785264513956,4.077775478666115,0.00889840668199049,1
1,58.669968360699364,31.831637417705387,5.517806586977143,0.9240282291078946,1
8,46.79107717493839,32.60338883540037,6.927830772967132,0.8655316448773113,1
8,81.4300705458491,37.00049905913907,5.979977040359328,0.5448332099548358,1
39,55.30235535662863,26.861686519866517,6.391434325150649,0.2775811879097886,1
16,61.58756050937543,22.558708935884837,4.280995222774968,0.03284488274899766,0
0,71.56006669451128,31.000470295641968,5.762733046131995,0.9998237501968622,1
24,53.91506096268798,22.886832653927982,3.8557850448636097,0.7620737230386839,1
42,49.9213208677787,42.269693364626946,4.766517097425386,0.33870987580815837,1
39,62.53737296774833,37.277491460394714,6.74127205621912,0.01927197163878458,1
41,42.069236020876104,40.819881666507904,4.392157793573515,0.6392917284607711,1
24,57.1209392313208,30.312234883315647,6.1113561841730935,0.9869040057516955,1
38,62.45038664315406,32.75286796850799,6.0156467329997145,0.7070727086326672,1
34,57.30048103174836,27.702622840236778,6.074741250220838,0.08371440856980528,1
2,44.56549056814253,34.41462402793376,3.7329980238787273,0.4022783721735562,1
49,75.94177956204013,23.922283939744716,5.52520096601568,0.10918346272755808,1
36,61.03538153949175,17.284534052626107,4.843401434083137,0.9121605496009476,1
43,74.31152117761741,26.046446902557165,6.088496857529112,0.3304144709525808,1
43,57.39963749819555,22.72263262191342,3.344999600273155,0.7333765293406711,1
29,51.19988018309236,37.38963368079768,5.367787889065603,0.08469035800910663,1
37,62.691809202551596,39.07838727540158,5.2263752028400665,0.12841469579543952,1
33,57.842128736717804,22.985354637934446,3.0098832627510648,0.6794876620506847,1
11,48.22238542008642,36.458578037606195,4.114579643905023,0.8434799483621692,1
18,74.69784258787496,34.75692491750385,3.1698477868831487,0.20144995633127893,1
36,53.77729777106004,22.15111657640562,4.273644698077093,0.41833724599706346,0
43,41.59733615204431,28.04866234534191,5.549217084665148,0.6194170347031267,1
48,73.28166053957332,27.0991813893774,5.195365575648608,0.7962763392602725,1
16,54.957019841873766,33.739976993136,5.169400080593549,0.6281966103792811,1
9,53.921761073843754,23.85610324547493,3.9602518910686175,0.09542592064257671,0
48,42.34612412970026,29.50563687170259,6.120450491510532,0.542819328334084,1
46,77.40941486596991,26.570327480251912,4.98118032163866,0.8846066814765701,1
11,47.105194127903125,32.36670591692572,5.033703812257508,0.8680237210239841,1
15,60.5844948070565,28.916039841560355,5.94039956894613,0.5850156077509613,1
23,69.12620322540441,27.323771480298024,4.008654252307461,0.9956962067708389,1
18,64.21716933003097,28.93351712183961,5.228547769871923,0.10512372238435541,1
7,59.40345688007808,40.180214164200564,5.42346249160142,0.4785953573916528,1
30,42.98334141712584,27.915501819403055,4.454431849706152,0.7751236393527404,1
20,51.90275164232716,24.794973908581063,5.6523733807597765,0.14103811811415923,0
16,61.87800338042522,32.91716784577983,5.477123170629567,0.9727497614828546,1
22,52.12825930013004,29.282376652885215,4.898823287722575,0.354046545183645,1
36,62.03359459998768,22.92383034566764,4.867849109865139,0.3501397539785909,1
15,66.81743408815142,41.15748167601233,5.523547657871305,0.2131943011412062,1
5,69.62502885800102,28.23760527206676,5.7884710400131905,0.28801746406659434,1
7,47.738206421873166,28.110652730193245,5.06289991740664,0.5775889000730974,1
24,81.96646054978955,30.799176759540487,6.120189460406847,0.4293542890509545,1
17,67.67479344554131,38.6505838460442,5.658525962430583,0.1933781783267302,1
24,59.98285846330936,21.60127336740502,3.211536050273185,0.8091399403164693,1
11,70.89536583076641,31.379929247102698,3.595103302457858,0.06223930712405967,1
14,83.65407771999973,40.43636080896814,6.182235219021662,0.8346527445002718,1
25,45.612798989431305,30.643643403698242,4.753226868529103,0.27493872464791247,1
40,57.74737357508646,23.8233301034826,5.164175822797474,0.4959033330959718,1
44,36.215683401266716,26.908015735196738,6.139290517659145,0.38106453858839184,0
25,61.92651532648025,31.034412648783952,4.993588782628159,0.5706021133897141,1
46,63.65394241925141,36.65401957819931,5.037267609589349,0.7959899951401754,1
31,59.6083788455724,28.303320777919698,4.131270767208271,0.989319793474695,1
9,53.4546642900169,34.13325898716216,5.369994507227521,0.3060591456539016,1
15,39.50485483811675,22.823155864765553,5.586512218966823,0.5538044123635337,0
6,63.73533683411769,22.781408152024728,4.422118162997144,0.4660075487749974,1
16,74.55434483915325,27.585996556575253,4.077978621694133,0.9989281593131207,1
22,54.08981544266568,37.19014360936631,7.626289255195228,0.808913630499449,1
25,64.40059929023145,30.344373197568846,4.907091530151717,0.3970838585801928,1
20,44.31855686579949,31.449055977833098,4.3163076603907085,0.47687905560764643,1
21,64.57213063692514,31.390397977867636,5.7065864452922614,0.24595659442659334,1
6,56.06617702255343,35.54603991293365,4.949205964772108,0.7552473197488265,1
13,52.375820493970856,26.94889653731073,3.9142336767378967,0.8452117863784422,1
14,52.39636358783869,33.44142554244116,5.483053571651445,0.9649868236229203,1
6,56.0638841796699,25.84558668072435,4.146879030924182,0.565828896817797,1
8,63.824333156925356,39.9163632796038,6.576458002155634,0.6706830022374395,1
47,46.87836798804482,25.99804447851655,5.494504629752402,0.44605883166945937,1
7,56.02884668432147,25.588053484606895,4.723119575473916,0.6091285103376437,1
49,59.58528222000852,32.748349067440245,5.109347018022113,0.3487490302401308,1
22,49.00960775468141,30.39894215716162,5.903288121098194,0.7376891165206392,1
28,77.96665201675017,31.634262031304672,5.185961253560799,0.022700365754377394,1
17,51.46504519938658,31.13656897746159,7.122109457233549,0.028456849691983588,1
30,53.305630863665094,24.548039005962806,6.135867516395525,0.7161208901865981,1
29,50.21692050177502,38.06679464539742,5.487607367561122,0.930682803125166,1
38,77.98480087138117,34.467711029445546,4.063014126491516,0.6322489344364464,1
34,65.52905228599482,36.79474975633558,4.853111896098009,0.7265282990036969,1
17,50.63407993756358,27.35834555444788,5.478874970052453,0.8239342912181676,1
41,71.06231558859969,32.08261772357586,4.177138584241861,0.3616742644635794,1
38,62.00698694288878,30.986842311173454,6.293426874962949,0.10811365755940838,1
16,62.57253421111502,35.640013131007535,4.0258426582219595,0.9330922872500963,1
13,56.55522791247547,35.80124065914809,4.362774301954098,0.9385705650024402,1
30,52.505840130430265,30.965254014790574,4.437700815105119,0.441840555572079,1
23,63.37766099054601,22.41024434078374,5.7438244606331335,0.21716965699461377,1
34,54.549127700044096,38.89830943543845,4.195063632829227,0.892354382769989,1
43,78.16755629575104,32.779937168450694,3.200023429580945,0.7084266970852532,1
44,47.30708894756896,26.95781479304429,6.088038835761713,0.008228350546961805,0
33,75.36156772854946,32.03271069133348,4.555613714894438,0.1077197014590825,1
2,58.88681151202199,22.444532257737382,3.931492367848063,0.9831996427717445,1
36,62.99085734021106,35.27676533735522,4.24514144679746,0.038128178808144675,1
42,68.33157766629435,22.643941278604235,6.71676274918435,0.28255501036362207,1
39,53.69750704995564,28.895827539814587,4.342956302727089,0.5484963447061364,1
25,68.64248384698637,31.22227224802775,4.876631894623099,0.18435561620554552,1
22,32.92456144618823,35.19419855991047,4.553081637713984,0.232054086362959,0
43,52.80010466778061,30.53272338217187,3.7673374565662434,0.35296748656200216,1
38,50.759371926589345,33.17481436806275,4.257281437753036,0.2695542683229536,1
14,47.464939876282386,29.859165457752237,3.698891592993505,0.8033562279200072,1
48,57.85045161921049,29.839070245278588,5.955881275680714,0.5002744733926048,1
3,63.85749968181695,30.42738625174149,5.100879064613596,0.27862014757761044,1
28,67.02659998499306,29.054710395738127,7.482677762174321,0.3130960334946984,1
21,62.40876757200407,21.567148784592824,4.291089275009411,0.03986495958803138,0
24,53.34306535106453,26.15838253151686,4.141139753854381,0.0493920761808756,0
12,63.69016437825167,31.22387420555849,6.533759768355329,0.7179075663588841,1
17,61.2428569485085,28.754394982556406,6.057977032068134,0.11291083707111405,1
32,69.36056167936016,29.220954589090468,5.384765021771022,0.47579677468178183,1
15,67.76936702931516,28.383231652806423,3.886308484911728,0.8423656428557967,1
44,60.30476413920629,25.68200803634091,6.7449962677279345,0.36845350572720115,1
41,51.02746993838743,27.53450269511853,4.927896840229652,0.34575222701070596,1
43,53.47049844167919,28.465841278057027,4.569324871504964,0.8730482757869719,1
1,54.50210640361966,30.025715702709245,6.14295973691828,0.8648503966496726,1
34,56.84733666083744,31.96689172234856,4.97770487874627,0.8801368014602837,1
41,62.68050427589753,29.097248545571304,3.8343299143681175,0.5719139601317589,1
33,67.15174390128058,24.8517237215379,5.040302599498582,0.9523042735732603,1
29,59.48881306984622,23.009589800406083,4.218651198429236,0.8189639478173772,1
12,60.161247879004726,42.987186036876125,1.9906588573168262,0.41563442695236874,1
12,61.43306305000004,24.350924848677185,4.118289807849868,0.6295551419400384,1
17,54.840946868676596,27.406874993678084,4.472264429132149,0.12178908275830969,1
31,50.74607742357044,32.585001512569676,3.844354890706952,0.5513321859508514,1
31,42.4456210268929,31.804303047828405,5.575246532114038,0.2631490835542687,1
34,53.04850641923127,32.604328462807864,4.2225522426712185,0.2835472265113689,1
38,64.73145453267787,27.786414652339122,5.478426200834456,0.12571823292792483,1
45,52.970885619604324,31.192790353197736,3.7666802636316854,0.35819922357392653,1
28,57.621929625740606,30.30671832120432,5.909218921082538,0.4813903302991577,1
48,64.66431287412317,28.439343162293564,3.7235174733335086,0.6003544411868631,1
28,65.20689496422669,31.2270487088567,2.658469590608927,0.30486933626930957,1
43,49.204671478339606,35.276827733753535,6.2372625851632275,0.7922482343100914,1
15,69.97059356453641,29.888998882823376,4.144106196268829,0.520959961603718,1
43,71.27350089355485,29.922264231782126,6.756929058199408,0.6380521089557307,1
46,48.70150142781441,35.34080517437992,5.56459190120807,0.27814360897853285,1
9,51.76163130358846,34.80680179909407,5.790263318381253,0.8141358790122647,1
29,71.91090683146192,37.91968220481742,6.045472500466072,0.6242744505659372,1
24,58.53146478744699,21.218848827602116,5.112679346249069,0.8623487494491571,1
38,37.80222052548149,34.52559591584695,5.124055417838539,0.15995157893829448,0
19,46.00318495267314,33.00790022701089,6.281340024194309,0.3806632669309986,1
4,57.50630374827519,25.571738011233673,5.111358495698098,0.11301618405725966,1
0,48.36957349715398,31.257939589994223,4.27182315320339,0.21552731090439248,1
29,55.86576229363558,35.25560873878999,5.5857585601622235,0.39454750448486997,1
48,60.32396213683579,25.854205387573,2.8863565856150477,0.8945819076593742,1
2,74.62254604034729,32.212812145114036,6.3195588015602135,0.557040669071904,1
44,57.09546083772211,34.35676837865509,6.340439135965092,0.33037833071425826,1
13,70.72541799572758,24.64490218734256,6.198166668123079,0.7468991628795923,1
29,74.28760162036771,29.28857153777426,6.159771962377694,0.019682706194301458,1
49,74.34309669352076,31.504841883212055,4.915824674658877,0.3700922112426679,1
3,62.847545933855685,26.019342472285224,4.8933176155069775,0.6008316965933784,1
17,40.36710852161026,25.60423400453227,3.7703599102291436,0.5832373038622021,0
36,64.60824865403865,29.32477699068613,6.748041251711047,0.6075578824424942,1
24,70.48399887813541,34.00819858451846,4.514981826973722,0.211500764814466,1
47,59.189328945645826,33.21867000596055,5.339885309751881,0.3370791529934788,1
0,77.44583870075249,25.692936354068287,5.254045282954778,0.9315654521146267,1
45,68.59833561467458,33.26083942557843,3.6595808183958436,0.9739755312866974,1
14,65.68273377152784,25.820301119167457,3.2553249758767944,0.3120383513318947,1
8,70.86380711205838,21.94915101003283,5.005586620867348,0.6445037034087543,1
14,63.333698512608784,28.164282144763842,4.546243882388491,0.24129677913690584,1
48,35.07189500604646,35.614846857928676,4.910563140756665,0.36852866697371445,1
23,55.008610485296344,33.279802760706865,6.0654156302032325,0.7923346968159638,1
3,71.97168027247854,29.99214096313403,5.224944150537023,0.5011787300064157,1
11,51.92408659901704,27.91647258204471,5.758522540764731,0.8495899598415397,1
36,57.76527494763061,28.051189319417844,5.445328162175578,0.628740245659057,1
36,49.55163686096929,30.543924529303982,4.683665806760168,0.6289211851461486,1
42,77.83922595201769,24.657812570770858,3.9981968328069364,0.03388002814782509,1
5,76.81492457418015,28.259463273993514,5.264717868113468,0.7496703592419095,1
38,51.16131104859271,28.922152693201156,5.083892619346091,0.9778665279504971,1
45,61.47298000389084,23.244627707742513,5.915156337504747,0.4730285602533847,1
23,53.19505952235952,25.807758745512125,4.849099930277507,0.15858001495917218,0
10,66.14944639031378,32.052533957431905,4.702658454884477,0.9769776713805393,1
12,65.09683077242329,30.04755919970497,4.7705006162184,0.29012587481786634,1
33,68.11705571613265,28.456191044033083,4.081273364994554,0.40919795573717044,1
24,63.31918447707887,25.44286281231018,6.446909944820458,0.07736641410153167,1
6,89.35406206388468,37.884249127946084,6.139628754615762,0.11083686569241857,1
3,49.72076234989261,25.810103926603407,3.786970171041953,0.21656567055940634,0
7,42.89396645563485,31.25796403630869,5.803948141972549,0.548466065090201,1
19,56.069097992985384,27.560654559631022,3.1549949360676344,0.5577892018644081,1
28,44.320117344397325,30.181396463191675,5.985289233111023,0.6062438228428819,1
44,45.07537729994007,32.28804870970186,4.3036495488923245,0.5838169570075963,1
45,49.986853458020335,23.14871705396057,5.359900557678252,0.49523698308341446,1
9,50.77811094568372,29.96691877923256,3.070490310458328,0.802098654602109,1
42,50.4538189804994,35.953643244899226,3.8012957683220496,0.9338996973738725,1
33,65.18218950445412,38.807509467460015,5.46870296724941,0.26976133327922935,1
25,54.93810938914664,29.349930133724346,4.29909181661722,0.1301936823064349,1
40,58.2048542512752,30.208406036084543,4.160037129627801,0.425087293905958,1
48,68.94232774500935,41.05666514300766,6.395861697452098,0.026422375093975936,1
2,52.33677475218574,35.67462140799599,7.210959211272875,0.8833188737116765,1
5,57.35454101295278,26.913577153723907,5.937013936819483,0.23970626024632413,1
4,63.65759986092915,26.905082745569384,3.9081194282649365,0.549296629748295,1
4,40.584321993797786,34.782747308936344,6.763519332817699,0.11509498989647571,1
46,36.150944910494175,24.94481434977135,3.4385677403516177,0.5532573392432842,0
22,63.461173287977225,35.438633756694266,4.695508545924674,0.0389934529018644,1
48,64.92014280566899,31.67149981875504,5.054777766987373,0.7688066955890586,1
8,80.64220134852411,32.58860382013536,6.924037843838748,0.9554214626439147,1
34,61.5809487586681,28.716330982599732,5.912659137551725,0.3069760649435954,1
19,68.19739717258095,26.850875978767952,4.5362423052004806,0.2582146104542926,1
48,58.04527356414026,37.3099641543416,4.05504372922025,0.4479949715868402,1
41,62.972272215850865,28.766313597232624,6.002192653803254,0.6199736602503758,1
34,76.67256841749534,27.94532461713069,4.466641042779645,0.188962461991808,1
49,38.76007181874364,29.599314660600953,5.2167400878649755,0.8033079972628775,1
17,64.13616257571681,30.965110663589716,3.6302235107408842,0.1985348133504108,1
16,81.35586730077367,24.845874366402757,5.5692578552242,0.005474219983708006,1
23,62.82034219209343,27.17564252896544,5.488695145747479,0.5242505835855745,1
2,76.50572963232848,26.909839630469712,3.7583799383418284,0.11514971116591177,1
31,53.707878504705576,34.22640152303424,6.031623112871641,0.6982387253870641,1
34,59.67952505836286,25.570187160000554,5.554745808242782,0.1674699958685052,1
37,60.33524702388588,21.22116071120973,5.740024252780097,0.8173803955200354,1
12,37.824089206412296,20.16452718546923,4.621321307249869,0.470368132875998,0
46,48.318221721498,22.648099326621413,5.178956411286443,0.5662779046166625,1
24,49.03124920616014,36.807691014240554,5.063378868865325,0.18658516530271174,1
8,68.22066078032528,30.08103299742026,4.8518295952457695,0.14668807753046287,1
3,68.72153105684055,32.50624543403601,5.170503278165846,0.631292466520212,1
13,63.24036442706533,32.682438635606644,6.256442973796382,0.2554606153416852,1
36,68.24102896855706,30.280919591961602,6.0749506387039265,0.3859255683177578,1
33,58.35850587278226,29.62609351674346,3.8181393225311435,0.47944915393698595,1
10,72.01931669539543,35.2226321490907,5.98540181690694,0.2296336055809397,1
40,60.08788442632072,30.7299795715632,6.191143372748035,0.7954238105597036,1
2,60.578640474267566,36.995487396317074,4.848822326647634,0.9394244089089056,1
27,57.34407366737589,33.10414972644933,5.508447103797777,0.43189316206022776,1
28,66.84450477636427,26.91101863259486,5.494001667303018,0.9175483844887636,1
8,55.78801183387087,27.51432988065032,4.150033383325699,0.8826828173423585,1
2,69.76431377198068,26.362675967728602,4.618043712471672,0.16604722872012578,1
24,48.67850859283993,36.087740109753575,5.750810238851607,0.17338194582291322,1
33,49.010837452718064,27.974745235272238,4.504177763168549,0.47740506147038364,1
11,66.87426755126504,26.00763601600184,5.975499559262308,0.5258571792319536,1
41,59.114557854169874,31.5988902056341,6.304972440849761,0.3411297256523915,1
8,55.46108583846872,29.514164468137484,6.143671841980471,0.3129209798386172,1
14,68.9005773247546,31.47284256287582,6.979804603169457,0.4313672898015456,1
39,53.92738585913916,39.44906951946922,4.909267717708888,0.6904792813992009,1
24,57.9979874569963,34.5653540296443,5.177201073969063,0.08439363301188108,1
4,73.99227950071159,30.13505277150953,5.32066304776264,0.7105820035123404,1
10,75.3914234581065,22.957883078969957,4.939602075009262,0.9262402616321348,1
33,75.72398210270327,27.50018751395682,5.5421789741016445,0.7635067088410296,1
23,57.17874223066089,33.55523051272652,3.2887959709880112,0.19167685634615905,1
14,72.3070290498447,24.14479480169092,5.204905388692519,0.08748118877714195,1
37,50.51047172231322,40.70485148165177,3.622563350117104,0.49038040898953894,1
7,50.930971252779386,30.072082813177744,4.0373767223924215,0.9564060891789871,1
4,36.49544147375639,30.244241966047426,5.732889811029914,0.8190592873888208,1
47,76.7286820189853,26.66677403521011,4.80088376155098,0.5627336390129929,1
25,51.36020150923922,32.48368878387859,5.697614474715806,0.1429814234175928,1
17,58.7346742025294,24.20999096738884,4.77922339639887,0.7138367821115955,1
5,50.89675658071716,40.824462945507285,6.106406316391156,0.8129982386075647,1
36,66.9516524833014,36.58675652326006,4.760919294378697,0.9350691364258432,1
47,56.2436633928266,34.92148222598523,3.0450815104368765,0.6121162341599152,1
12,46.95183109567051,23.047854971050953,5.2253925820112705,0.5144658146454085,0
27,64.4166256418606,31.027066352288756,2.831140154297449,0.6191820435676793,1
4,45.66269975189772,36.04543199007002,3.5472790974675927,0.9432525046585446,1
12,51.625942746845084,32.9655269967887,4.11705347100143,0.6281270861732842,1
16,38.93110885373919,24.989454476831128,3.992290522229813,0.2575918493937076,0
49,45.760418878023934,26.749531223456724,4.454949195583715,0.6361514079423463,1
39,61.78529169720478,27.740319309970047,3.957932176468894,0.8797445728015547,1
44,40.35463961897075,26.98281082755696,3.5940473364143273,0.5670020285960169,0
31,45.18854275378284,37.643894178551534,6.541835744840774,0.5026988280097074,1
28,59.97631083867192,20.39493430588372,4.321855453608104,0.7333692495025147,1
2,54.56393103906947,33.27959569829418,2.7692323468526023,0.6609886951448122,1
39,79.92036635959309,23.538483125357743,4.639081626990743,0.05668759895368891,1
33,78.33896546024376,25.19374256274466,3.875268941972446,0.7253111408974308,1
39,51.32077537248846,19.951333165656415,4.115032372707186,0.4075494300860846,0
26,65.57137618403482,27.25472784420567,5.710342481352486,0.940898280030737,1
12,67.49282556879452,37.55365825769607,4.551842381214782,0.9708029884185414,1
44,54.02521141975597,31.324121212323888,3.847403398782115,0.4487388181245502,1
32,45.04458463501796,24.008192265004517,5.446253509957245,0.9687948466579227,1
5,59.87701550691943,35.08573837189656,6.1499408306090855,0.3108205149559963,1
23,58.271543251858894,36.15652131784343,5.5368721626398445,0.6826444214519778,1
18,55.64235503029381,30.52023240519543,2.5464444283495746,0.07505471110941764,0
15,64.42316868164485,40.17374579076295,3.885010497602986,0.1449893485154472,1
39,52.492703929944014,34.107820623123075,5.047448530636205,0.8645259023778185,1
27,48.480024524208574,33.41326253646294,4.755700594735985,0.8937840392969635,1
32,61.090829703498315,25.98310646416855,4.672724846060803,0.5326111919697447,1
47,63.859700925688756,33.1369924281067,4.017243307159166,0.33977342694691526,1
40,48.23355056099947,31.083956388022468,3.5944159169225602,0.4510239317639505,1
12,69.28090610991082,32.599145013355134,7.00778171781302,0.869624489144656,1
42,42.29518862223922,26.577071904293348,5.027110953138912,0.21099342262091791,0
44,54.21886541284357,30.640494421794934,5.642121788867418,0.2948702313015964,1
24,57.41991463802391,25.91569249892521,5.006251173583809,0.7854429342527677,1
41,53.6377628734807,19.26433950016984,5.046348698637989,0.9352694459164158,1
35,54.349395264488074,34.99152284289192,4.9378966001907125,0.09292734001550429,1
26,78.71074482308114,22.488055091552415,3.879554140925568,0.8037723013522957,1
37,51.49115910961101,30.535932323912082,3.4855105419657524,0.6450683069318244,1
6,84.41221722471914,31.6650106472452,5.3862253737449866,0.2307715444640489,1
4,64.37126779731052,31.632815079315275,5.187842407271167,0.755817196664768,1
42,60.92055137311992,28.584604632008748,5.938280898459707,0.7279160649993278,1
44,64.76240353387666,31.356057376399868,5.735360826642027,0.1420298115494114,1
30,85.29927749251952,32.35483534892581,4.191487807250329,0.5022510574113886,1
22,50.06406996068552,33.674824078759926,6.132591308921872,0.7582910828506658,1
41,48.79582081063611,38.66720669692131,5.765027195154517,0.19154412680781252,1
9,52.45133803428079,31.170970757491027,5.690841569857335,0.46276602239117015,1
31,60.32143146964561,30.32024422508851,7.249326791978808,0.1207411246953114,1
42,42.74228875187427,25.46635517324953,7.043958762508188,0.30683492404089363,0
29,60.22339239318608,32.179731619496685,5.689913766554886,0.21794490090153418,1
38,76.93547133413672,33.33691551570284,5.56519720583753,0.5050711267248559,1
30,61.51407390624777,29.038484078591864,6.081655181769681,0.14121533482075244,1
17,57.07314541024723,32.72306252092019,4.416046230329629,0.38315075539251287,1
35,53.81839551316372,28.53741903225329,4.43017074240895,0.27516290498565943,1
1,68.98511704551565,33.35496326044462,5.673421407091913,0.7460489142069767,1
13,51.74167226761952,34.56301157014872,4.143523910872427,0.6996697731353438,1
12,78.46395920599248,34.49313933365243,5.592769485523255,0.09493052966562276,1
28,79.33359747714357,30.589221630706504,5.15683216653619,0.9534838878779183,1
11,62.567507986617876,24.80015924191474,4.143809895407881,0.7446829180800888,1
38,59.88484911923355,26.9404347367909,5.025866510288299,0.6159586957477684,1
1,70.30659808241559,32.975786619423644,6.305081592138416,0.4777014947846847,1
31,70.94798502227326,42.24406152870114,5.082370450653838,0.17792242076543896,1
12,51.94008268940584,28.296396142339592,5.086547647617977,0.9620159769867938,1
45,54.73444866863298,32.2791883919407,5.328985278904597,0.007858376702408187,1
26,46.77652565316704,27.219737212602983,5.459188522891608,0.6924811342298776,1
48,64.09064938334058,25.130164778754498,4.669159533918807,0.5074443245382985,1
40,66.66627883456891,26.61842068211319,5.350261047967048,0.902581890024574,1
16,46.50074362138727,19.587640116486643,3.950929640409267,0.38069727935477593,0
39,55.44801095183841,36.767175314538754,4.200928943166112,0.5186444189679508,1
30,46.527460824186505,18.849348735426933,4.328850891924377,0.742339391913386,0
33,51.012001897561625,28.680858847996838,5.469762689634108,0.0475665433225223,0
23,65.51017060226299,24.109360523249727,5.160232827556277,0.05447524102502155,1
44,52.6651793332172,25.57809892318898,4.865640422756047,0.21167274883792875,0
34,56.99174043967702,36.88261329869334,5.690769989585287,0.1464245835292287,1
47,43.726882720526845,31.00533495015696,5.3788620827423355,0.0064434683338928656,0
5,61.869902097246644,25.173019204091496,4.710023220017128,0.6229898221062107,1
18,59.55726680155351,27.052414337517448,3.964769157180188,0.7959379674560075,1
29,52.71040749966838,26.17259389778957,4.180291198773247,0.9571149763355911,1
6,58.10985702317526,29.782271639605597,3.533190534607108,0.4409003176719183,1
9,61.80294880503445,30.864458423938462,5.1405695501508255,0.27972065824156833,1
40,51.85131851090656,39.4778738661428,4.1378612175463285,0.8639024487784975,1
31,45.23737455998221,20.418496170011466,4.504677018016129,0.8443956128393924,1
33,78.05574432686815,29.82593842621024,4.872409319371136,0.6248432109337033,1
27,53.66727295289727,28.42216153732739,6.043995191330685,0.2731490386419346,1
14,59.032398968131105,34.732742638583915,5.928790598316819,0.9085175949059344,1
29,70.10839735020313,31.774090590891966,4.945291528746026,0.17840133669177904,1
36,95.29055187570484,32.951811040574725,6.265503489400299,0.04364650364368561,1
28,47.555135501111344,31.72543093007541,2.987651490679139,0.7966182847273643,1
21,64.4982721372651,25.3400443735823,6.877220549766513,0.5636590604344586,1
3,52.92447714705894,36.056327482465065,5.692499714304585,0.24646781711852517,1
19,54.61209695423289,33.992524523078345,5.102803285019929,0.6708956623202127,1
31,52.7978797899321,34.57764895862371,4.108640319247937,0.7667165238127652,1
35,48.743450321994146,36.32025085253582,4.561932633869536,0.8445459513422936,1
49,59.58708638215339,32.0883755032598,5.609350895578041,0.2821260159686312,1
3,45.254973129517644,37.40496202058746,5.632079383531414,0.02558745125194939,1
26,69.4680756651187,31.888197858933204,5.6683933705907865,0.5100388200268527,1
16,60.550029360333745,28.904707059876955,4.271503265633539,0.8560785981303934,1
11,64.22434972901439,29.966980447583175,4.07015228698479,0.2078213372619382,1
21,55.33811388053777,29.88078115931942,5.195205244352507,0.42112547311853843,1
16,56.327960657882514,27.403043389547285,5.769853957771473,0.2564207350848887,1
9,62.87563905167328,38.159444241851105,5.0031848495048585,0.013362651423909688,1
0,48.35949367594175,31.48147682751834,6.481484246885167,0.898524096443347,1
21,56.42009565586664,30.473692379164532,5.033137462190111,0.13505322670899156,1
25,51.40386486121546,31.941371274632168,4.999291356167014,0.7667671157535069,1
17,51.094311894089856,44.899272583685736,5.670559991192669,0.3466032317916605,1
49,38.90161759374358,24.341379057001703,6.219230137592039,0.2776819089066652,0
13,73.3932658948,25.774807441418623,3.650744740195455,0.9410288865053685,1
46,53.13461246846231,23.097144912765017,3.8819882919644018,0.6571994867406424,1
28,71.6337605516355,28.83700380782257,4.686738562255962,0.6869226619214758,1
11,70.68792321394292,31.2275922166368,8.158941784588663,0.7596529184538446,1
35,47.14000293483507,27.673387408294612,4.738531437459068,0.3409333360226642,1
34,49.11588764327154,27.30136600924115,4.878217056989431,0.5636644806957731,1
11,85.60502959355684,30.71202433314066,5.618351929807918,0.27022334404688564,1
6,77.50925941927143,27.489460875851513,5.976928902813475,0.8345415154768691,1
28,59.68481486671896,31.55087913591419,5.169785116454756,0.59930737929866,1
10,62.573731064173494,35.57117173371302,6.164347495040256,0.24340682604111763,1
32,53.691535970528115,33.38515234900403,3.80602881697408,0.8997584063217782,1
5,64.3235271420034,34.40506673582601,4.233911575257275,0.5808400004838518,1
46,52.82818099277529,35.4295920575336,6.162486950579639,0.49503050325741305,1
14,39.67646235701615,31.414140800593515,5.010943114783474,0.03448758643196714,0
31,46.78444213488949,29.206794869784495,3.737549394991335,0.9098020051606125,1
10,60.21092747850587,26.138734645584023,3.6774620683827925,0.9522739160313781,1
22,48.68932764497412,28.044109181821394,4.189059194655295,0.5625986278378039,1
25,59.32722535086465,27.381572336615527,5.002125542157916,0.44251335361455735,1
33,49.25338960567137,33.65836163310456,5.467379569726789,0.3595650660046903,1
45,52.176460774980065,31.73391277297098,4.670940000055861,0.2680479825360357,1
33,68.53165306413192,33.483789313571506,5.384999189239519,0.5745293378042062,1
28,62.474805476401045,24.19831571949924,4.562933513306385,0.12809505301456536,1
3,59.90335578686653,37.1587474212054,6.2239202016169175,0.9191736082451402,1
16,68.78963973070651,27.865098142466188,7.551840094572356,0.1759587380578208,1
34,64.80608593347347,24.49991678962669,4.607387267915576,0.7455132623435173,1
12,74.46563291251367,27.803911175890935,5.479932810798946,0.3068877723686515,1
40,55.401407376848596,42.41882996293754,5.398410824150112,0.2260710776786783,1
38,55.70365021472492,28.061415667542164,5.138695426259925,0.5578691793547798,1
14,46.98890733608655,28.374517642645372,5.653250945341291,0.7651249811595051,1
28,55.7101928262758,29.03947659685162,5.478821188979827,0.7267366689403146,1
28,69.64769894302445,29.256898082842724,4.528946429615106,0.23375635089720748,1
10,72.99987372262134,26.092619670993727,6.316545772622688,0.33050235026960095,1
31,69.60305168086668,30.716065416030652,5.201666247486776,0.8688321830003761,1
1,42.05808133450564,35.37797454099165,4.615199580169636,0.723243744516408,1
46,70.83145212660735,31.571446577393537,7.443202523847401,0.712693905352562,1
13,41.614813767279294,24.44417350550007,4.8837866228444,0.268905076331891,0
19,68.98117324122347,28.278270475331457,5.254943841423749,0.7920043076744355,1
21,56.32215473428945,27.242362999491853,5.175440344580337,0.3584177954324378,1
10,67.02533313933856,30.264697341174006,4.870105389048792,0.40139052015930987,1
26,46.67551652105434,36.65225835781158,5.448664705044015,0.2875610890007261,1
2,71.71167632706147,29.255586019895585,4.155000090908375,0.12139024703924195,1
16,45.35025253895111,29.559225655648046,5.596543386523058,0.4203935629957981,1
43,53.315450891468224,38.88822409409715,3.2416459716075705,0.016939501922368594,1
27,50.01905372230965,34.3810299583583,3.7019302487428707,0.4559102394272597,1
28,42.457151471775006,32.870406410532674,6.825724547168515,0.7250064381031529,1
20,60.94527567588468,39.790658076508876,3.743819973278214,0.9607450327644751,1
46,78.06089117836962,32.449056273970065,3.040041147963139,0.07861314456603341,1
15,86.66905222320008,20.067364290112387,3.7685838309338124,0.28129070417549507,1
36,60.971557870862476,34.1633287894018,6.740057269196734,0.49413105161170023,1
19,71.16681275067522,22.03995771440675,3.208138259727285,0.17038794870191631,1
5,62.320946379285374,32.26002684291224,4.044185817408449,0.11682852207630468,1
18,64.98883194768213,21.4312821293538,3.541807515683013,0.4523181054505505,1
4,56.57851348872761,27.665722948000404,4.725870802909991,0.5807305288922068,1
2,61.950769254226024,28.181077351950645,4.563979101819264,0.8202077265463622,1
0,65.37478704606428,26.149404463841233,4.519243493272967,0.9978034217941787,1
37,54.215402711236685,28.255740014044,6.856133799405137,0.7742707799871847,1
14,59.22505700107012,35.162808601802766,3.800924682362452,0.22134045196632024,1
33,59.41569881002512,26.430235439202235,4.897812220282889,0.7479780687612475,1
34,68.26403317330525,32.725704397552704,5.338601246320734,0.5371536243190823,1
48,49.339678283723195,25.1717518019635,4.019790737927856,0.45080957570343894,0
24,59.48457791392349,29.052502118039353,5.486589981246603,0.9357284939072696,1
23,79.12005469052697,31.61919633163725,4.600189505446692,0.7020925869196615,1
11,71.64060152585938,25.0173579169072,5.374309066189856,0.6816930735439579,1
17,73.49179048888705,23.44139783544655,4.892000748474347,0.01175596472760021,1
14,60.24431840178034,32.45939075289444,2.949468774433696,0.865071491379783,1
43,63.20997563686023,35.61540199670319,6.306098712765741,0.7933004774103111,1
15,70.02236166702926,29.60467490256314,7.070458315354072,0.2989418779304426,1
26,75.60255529530932,27.713435467216478,4.823245818065186,0.2921134125066087,1
7,40.48397087117114,30.778376938441934,4.102047948133396,0.053478460051900045,0
45,46.84558692950154,30.277399593826903,6.506012721175688,0.05085642372867716,1
24,73.09444101402647,31.214512703556256,6.890382902867471,0.6685945134616813,1
16,57.23110644231196,17.35877449843143,4.831204588410003,0.1862376129077794,0
28,53.282792107419226,24.654478544170182,4.7813193847794855,0.9235478498385505,1
7,47.45839013004396,25.77384947281573,4.920088902328501,0.8424044280249525,1
14,54.44983298455891,30.754338142557813,3.3254511107546953,0.3488851600321837,1
26,45.97630716576175,30.92938941811133,4.708874121306772,0.3800685518124355,1
45,80.91094272732477,33.18090244342018,6.714941887549245,0.32727656085478063,1
49,59.775639480194265,31.287908746052185,4.83131133922944,0.0923949131917593,1
6,59.420494582372825,23.49632464806332,3.959965472127795,0.03143015765021795,0
2,65.88076675167832,37.2350230879253,5.49668561930448,0.4521331583398973,1
28,69.6234516926657,36.35959151711183,4.332801201505887,0.9430401144914944,1
43,69.45888156554639,23.70901354986537,4.9335478763320735,0.9172493208191352,1
23,70.73621943907571,31.663526471870913,3.7311512194527205,0.8098387411213644,1
2,53.69154449209144,27.02287807378492,3.9633758388132683,0.6285949274430047,1
19,57.02133195043139,30.694319946002743,5.737659254863592,0.8562224066914489,1
45,67.69031655442275,35.26655139820935,5.115866779401088,0.5150685177315641,1
14,54.7261093836038,40.65052133160479,4.223942613157184,0.18016013302063172,1
24,59.94893367972775,33.75638852571305,5.119535130304903,0.6841703477892318,1
29,63.987637644248146,31.47467367555068,4.392853291272741,0.9206460351784953,1
13,67.85185082310376,28.300894158458515,4.2162398306298305,0.019605097405746785,1
6,42.22319037629799,30.910674355055882,6.164034397248306,0.25144405220793076,1
16,67.14745649888945,36.79885946664157,5.782877553188772,0.26543819127127144,1
43,57.66275942148275,29.776456216202075,4.978727150368905,0.09903953861626091,1
19,67.07457710864381,25.569436743261747,5.144337337249703,0.22549422139854935,1
35,67.76931692354829,21.901550672416867,4.991601982665657,0.3839820779114188,1
8,76.07915061119158,32.56523933705125,5.487009259173539,0.939835424848324,1
37,73.53453647621203,31.236440628138695,4.200498341544305,0.8602657691267964,1
47,73.46571662610296,26.77045913368852,5.8625047333686435,0.9460062242626168,1
21,74.43670319166239,35.13007062853649,5.353565837890812,0.12057177672233921,1
1,62.91378984815946,27.891115678061848,4.736943662110448,0.02804846161925667,1
23,60.321850870368394,29.326779540876025,4.512221968491458,0.10988316441110502,1
7,68.72817083178334,29.91667933351028,5.841130941766808,0.9142956348526271,1
10,67.32080951433022,28.24523628930956,4.849513683849894,0.15748863853555062,1
12,56.9093376326174,31.179325328747854,4.301106904170163,0.5726367065725249,1
16,64.04823408808268,35.75757572966501,4.615430233025676,0.22758236986076197,1
7,59.64903533215406,24.287590509407885,5.7692046488891595,0.020635424916799483,1
20,51.46067091539944,32.44260069237004,3.38944679875396,0.08462134214257766,0
17,72.9046074137635,30.860793348032207,4.644591094419527,0.7097970229664131,1
29,60.551992425300895,30.76881914772353,6.070582669675764,0.18236645201333912,1
17,80.48708257698851,34.359222849370454,4.831783227896742,0.22913920543347943,1
45,43.745077298001675,30.246487126085793,5.272816732277841,0.3772565008236858,1
46,54.432212271566335,32.401146309528514,6.086768964537194,0.6572415601361734,1
30,60.326388366908716,33.57932314785574,5.89232965339717,0.46937239295966626,1
37,71.37381097628914,27.478173998096967,4.559941226960078,0.9446102159937697,1
31,63.99469372602185,31.495917304068993,4.869606447796164,0.43418219073966335,1
10,63.10472754180751,28.74606196394684,5.904763901729013,0.1991309201974717,1
44,48.727362074458526,29.336591101400522,5.9394694872838985,0.5361428394090081,1
24,48.43058602770529,28.38969301760834,4.9119498746850585,0.450889615094867,1
32,63.22504660289905,32.35540202048443,4.946454347707573,0.7871383385350298,1
37,46.35894006181641,30.408223545091268,5.267683694533852,0.9351212305394824,1
40,54.68122249710672,31.972720171583372,6.366900690017292,0.8362952280365074,1
7,65.00917329085857,29.912413185521256,6.067566120657956,0.3890397249259422,1
10,50.17675727723224,21.979394937648376,5.6933867037990185,0.21611612229135968,0
21,76.05355962361807,30.156842080498542,3.9213307239361086,0.9144889370139274,1
23,72.2393634423789,30.317689775784086,4.7251665934517435,0.385939651437168,1
40,44.285800016616996,31.2129796857673,4.7777133263100975,0.7702066234487102,1
16,50.67628756818013,27.03135403157129,6.418485032603472,0.9895273412128907,1
11,37.142227555050496,24.02265141667244,4.7611356088203625,0.5774426815152761,0
45,52.174086374518666,33.12303322447139,6.253442823077613,0.47988046836888554,1
31,67.66388476572399,28.631967217329155,4.429301329468916,0.6998707824812154,1
14,55.86105057725143,30.856220238424978,4.509116042339241,0.19393098079064086,1
15,64.60797243615967,28.59269960055852,5.481454105813141,0.4882397387986501,1
21,44.776656817182555,29.969690871132027,6.568146705571757,0.31233075711032576,1
27,67.97975254581905,27.75357326032096,4.788222870732123,0.1642278706756799,1
19,54.448907720716505,25.15958205423086,2.437232138138802,0.6101365490309528,1
32,60.12169682282905,32.36865830384328,3.435816597661113,0.5757060854581467,1
9,59.07125498606947,26.9843995588694,5.297961556164457,0.7612035997425398,1
39,47.28451479107716,30.819757404474053,3.5252039732182316,0.8729701242413612,1
31,48.469156682602176,32.05230110951039,4.134437173603588,0.22037598602088926,1
49,69.67794469003427,27.065936421984592,5.012341950638257,0.7797026520538002,1
32,63.98992157501696,23.980571828135076,2.550632754253539,0.36738516075292904,1
1,70.50049041553427,42.130428069265264,4.620274210674546,0.6288056017934248,1
32,63.24658235502518,27.36114062027287,3.835191442139731,0.8502400275958112,1
32,61.42990634809217,33.11708579300579,3.50082028209925,0.2561851152858189,1
40,42.73989381333233,39.69731774785062,4.197815560781939,0.6009612839658371,1
12,57.296333032388304,33.94953873426947,3.9307910749305686,0.48031887720018096,1
29,59.72615679596256,28.49778595586224,5.469480217992303,0.790577293450719,1
32,79.53107198272573,29.664418062324444,6.196526786682884,0.6972412989411052,1
12,66.86956632098678,25.836963901305758,4.6355731483889375,0.7696318359032417,1
25,75.36061181709529,34.40848213478871,4.403874220953164,0.2879431296032081,1
21,65.97537705894729,32.83135354029344,4.585794998842101,0.704356294089096,1
38,52.886967730505205,27.427870908691283,3.8918128920615374,0.6058058742596186,1
1,61.17124216149851,24.78912596450778,3.711258104380322,0.4566804560457567,1
37,62.36223646264233,23.39383131168154,3.3544455471066628,0.3783436903681503,1
38,50.60844430229318,34.93257001902101,3.6704790416818263,0.3316000307954309,1
25,56.15612623407079,30.601865644777803,6.631991007112629,0.009674361302829948,1
45,57.94233006322828,31.074922681663757,4.309578964636541,0.16955855130678765,1
49,76.05619832565118,25.885256870688213,2.058371528236237,0.05897821222340649,1
14,39.192594746090215,22.68248448347797,4.412943061518993,0.8483575426296692,0
33,72.05818420716044,34.81306787355816,3.4095854632391784,0.8600888704150821,1
41,50.63204765040617,30.210195184986155,5.059484939997163,0.8461933366892677,1
43,46.27920812730386,34.5361733002881,4.951646344762995,0.8179197643537826,1
48,71.79942130038464,28.07033436742218,5.055885637692055,0.22133045352797687,1
39,67.31898069234381,28.815910784815706,4.959273921254815,0.49178617451067397,1
10,72.5451870238119,33.56649088310316,4.6272896953802505,0.9078437719683969,1
2,68.00701947545576,33.661740398252626,3.544103878460014,0.7597817940470643,1
5,80.59845001737402,33.98782811342977,4.925345928028576,0.0018202859543609007,1
8,65.58723836944485,28.52399373448652,6.018924589135694,0.4594265764037935,1
5,58.435226238768415,33.07273618825434,6.813673083795204,0.010670199259654622,1
8,63.42926377321343,35.54549732738359,4.762008672693994,0.28066104698067484,1
38,72.43469128345964,29.47613994159233,4.870390054716315,0.435762441226885,1
30,52.20624674739883,27.432558181129732,5.500427179088893,0.892899292650279,1
31,53.48111417468619,36.71373801658383,6.4932415594721045,0.6543842841473265,1
40,56.91039985402092,26.727771332243464,4.513703389495452,0.3624845654899076,1
49,38.954172012346675,33.147382485572386,5.692651316950338,0.490654902452921,1
11,61.38078408417547,29.707888447400695,4.177180734475612,0.817389488596974,1
7,41.13871296048974,20.7921719175772,5.329848990265503,0.2996555991137132,0
7,60.53059312932619,35.6429703373929,5.97060417661837,0.6150347754686665,1
49,68.6528975613525,16.21073185226316,3.7091393934522037,0.26224688388785045,0
27,55.23123539356165,20.079359666211957,4.474855277981782,0.4799634372236625,1
19,76.77115870186871,32.63665039740336,5.954783096695001,0.02465850356206334,1
46,45.39499100581512,32.635355993390576,5.616161230514795,0.8522753194916919,1
6,71.91260681631833,26.81210071061232,6.035946140314855,0.048348831512179946,1
10,66.7513705640692,30.739110451516225,5.848439646454067,0.22436049983843176,1
19,42.83966751689311,17.342849771109975,4.658896472083295,0.3335118789588105,0
15,87.10794299040532,33.534877322353,7.199190148394691,0.6251611167671816,1
3,59.36254714496034,31.248627435267984,5.136909990753395,0.7200334655750557,1
5,51.22515977844368,29.771785733331022,1.9442910508557993,0.08045104228544331,0
21,45.92912805215983,30.10420741068886,4.717653627622701,0.04346548588479038,0
25,57.79981972340326,32.46627088096516,4.530828743000671,0.7989898866293488,1
2,58.725931276100404,29.855492382510697,5.7952491673672775,0.7121665339041263,1
40,61.02645528539664,20.6297224863439,4.54881468480187,0.8315503542546565,1
41,57.0220384377604,40.98166117261261,6.098969995819138,0.6765382651835163,1
13,66.33225310115094,36.00400409714226,5.558099372406708,0.7510122703566527,1
10,56.123701673367535,23.57527669022586,3.9999095385299395,0.37903838304714477,1
17,40.65035882759529,28.274313847617048,4.859626664388575,0.5901843203949698,1
11,58.506385043503585,28.819829049219795,4.224466555724599,0.8053923428701426,1
22,36.32522346626722,35.39424783254482,5.18475864685367,0.17211753440651711,0
11,63.5377063089139,19.20365532340116,4.218509132764879,0.42282296082619164,1
12,50.20699769717365,27.504958677851054,5.074435230509062,0.7404897684798613,1
24,61.633603549158,21.196817783312483,4.727694249009589,0.5326365717651854,1
44,73.14074981524604,28.574522420858308,4.847776745320176,0.6816574529261715,1
18,50.51251304732,27.63749553457548,7.050940379798099,0.29286919587581395,1
45,70.61256258512118,30.39847033691356,4.639514773292795,0.03234245131768465,1
35,55.66610433313847,26.975628004954082,3.0655669123828098,0.029145779754376155,0
44,77.53194802065585,26.24488304304738,6.015826144734348,0.9427811765303477,1
7,56.34847386801787,33.09828345881574,6.007955901802008,0.9445400439950414,1
28,51.59507014493309,32.2733637047129,3.021059826203174,0.21128233995461942,1
31,66.87238450395289,32.75699171389121,4.299100378791933,0.14746565797094402,1
43,55.64210270376364,29.115499547545788,5.435810556846523,0.018139833893020874,1
17,51.58550485870992,27.141307088874054,5.524203261217067,0.2312568563152585,1
5,55.22160149296209,29.405737589896145,4.995276236547279,0.3343514411545736,1
17,59.55393467816999,32.50581035034226,5.017825378933284,0.24124263363788112,1
18,73.42180131244854,19.116101495140757,4.0614121269168155,0.7973841403062013,1
21,40.65912254540423,31.97055965185429,2.600151286544313,0.7494304992754354,1
36,60.230806589504205,31.54569093667399,7.049507318183537,0.08101414468587398,1
31,66.24903594654043,30.310754530428635,4.0313327222932855,0.6973216081020926,1
40,61.93448574991796,29.253432890641623,5.176505690064483,0.5205851198879166,1
2,73.09865169433535,17.169403070337932,4.841152004340664,0.1321661063748597,1
27,59.25654670241476,27.80073368449797,5.897197552273546,0.7395354304929824,1
9,58.15448557814055,38.94719355538687,5.114897213482158,0.08604556517420259,1
34,65.92329547013344,30.06450647784153,5.153440953092,0.17715066580137007,1
28,60.9931381495135,28.463550806626408,2.3656817519910707,0.1492264815531631,1
14,56.09591261719529,30.084530977950564,4.166660927457746,0.9390334041664841,1
32,65.16144039586379,31.773864343140044,5.744633046598997,0.6981560032046488,1
6,53.47471706783355,33.29410122344732,5.654668225071929,0.41128592916476003,1
11,53.88822847980673,28.85559918421029,4.048347176382788,0.822204150848802,1
48,54.72005978234387,32.124598011968416,3.421971417278878,0.21595940952226433,1
29,73.53069160166407,38.3832540138068,5.12657930672293,0.9310932790450988,1
20,27.789836440142864,35.031253997163574,2.093225951204185,0.6969973208791025,0
30,63.95598834762942,41.701501079284895,3.851325747662237,0.5595806410081322,1
23,60.34271814200222,26.716148208241417,6.7601610751553105,0.7946484487033281,1
19,43.191295407618796,38.380947537510075,6.445067328873769,0.6447809814251584,1
36,63.097267791360025,26.046631800387026,5.487249358765145,0.8871092750104823,1
3,64.75751991831532,31.76783073370232,5.307336314481256,0.8291526600744221,1
27,65.896392313574,33.662382646190494,3.049829215475601,0.19783050504077881,1
43,33.48171936955051,27.44611404047764,4.2593327633508835,0.23966380054436842,0
19,73.66389411854439,30.439821387371378,4.704831402034224,0.06509741377564349,1
23,52.622632953151594,34.5523055122592,4.2805862504988115,0.2201989171728025,1
49,66.86567746753175,26.44864550844046,4.649756665092136,0.3434888649381347,1
48,67.41073780682287,38.34691729773824,6.299224424346294,0.02882735517249313,1
31,51.23302914380707,23.077016876363256,4.458176938728678,0.3149625462106139,0
40,66.6045995235155,39.69845721364192,4.659060819443234,0.7715458416273004,1
35,56.145067590876415,35.00663067399796,5.739531286683751,0.8403275980136151,1
33,39.28622820661843,29.551372118361108,3.5805242813971967,0.008873289987423316,0
35,71.67741925527778,27.986658943816344,4.159795421161153,0.007147038269232686,1
1,52.2495503698376,27.46485868604488,4.262277412243157,0.14630710825100113,0
14,51.45506537261946,29.321021798714927,5.0555921465517475,0.8725770607337897,1
33,55.969341319632775,29.75752069225587,4.6550379325063345,0.46927805113235377,1
35,62.72236725327388,36.276131233172904,4.686659090652866,0.9829020761679809,1
5,59.427295891778975,39.843270501922916,4.335146012897505,0.8873314657668013,1
38,65.4806692470717,30.996899603270037,3.9291697397852454,0.8901281134730399,1
41,46.60510633471341,25.77185756005298,5.609142924210578,0.12847643192877012,0
11,52.576136295692656,27.27136979681903,4.6621958810377455,0.47522934921270843,1
2,58.84002927678466,29.084546076943578,5.6190189801473736,0.9935905973180188,1
44,78.97887292658706,24.849389473516123,3.8883726695188523,0.14904423026041924,1
17,58.86187461586242,24.105292989463106,4.334757842250357,0.5742334536181946,1
39,70.85222263661632,40.48563606186514,4.778816972153233,0.3442799919530848,1
20,60.385551687843176,31.51306762973127,4.872132963183789,0.38785814002035524,1
14,55.163413625624315,25.834334331598267,5.75436872593221,0.8907925040405011,1
32,57.53275575885559,34.08301785178856,4.569490710407641,0.587902569192283,1
34,58.315802879711185,24.108269375965772,5.746742242810876,0.7587763893888053,1
25,66.03645738960739,24.519939760644732,5.3749440085596945,0.673234397495241,1
7,73.74611267576554,25.984787994678776,4.893147389917051,0.5290156905699694,1
35,63.59680847686321,38.27256640432517,4.04870120350348,0.791711198770376,1
47,71.87077678741755,28.73559967110813,5.75687526546332,0.970732905910384,1
29,50.352102623703146,17.791465065487564,4.073662532686349,0.9668195539557862,1
22,55.85369491185969,36.05032966587797,4.978719619842721,0.7894520009933703,1
41,52.75697465792333,28.468093179188212,4.94605955706392,0.487329755749229,1
43,63.14444590874852,20.75295997060797,4.792904857382718,0.16315895919120127,1
13,56.41041614820586,28.416582560182952,4.610680277014685,0.04447050897189442,1
13,67.29772937034195,32.60501948302451,4.177923305038329,0.23144496836594408,1
1,50.68998288367558,32.02024583266485,3.3830635626299217,0.34025799959754344,1
36,60.430309733212816,38.992074895824096,6.403804732840352,0.12984961591805266,1
4,66.86857911012257,25.736160687150345,4.508276535742751,0.2247653296124522,1
37,39.3469722495939,30.233600601324863,4.871887904882531,0.08354546456088408,0
44,81.21631307330203,26.50215360710789,4.865772616066059,0.5236769720629788,1
40,57.16848115120124,22.289035529063884,6.095604337228748,0.12631819117354703,0
46,39.74960086323827,34.42763686152978,6.93319422151764,0.7427686299229547,1
13,61.58093898576786,32.3163478457376,5.1598474195886865,0.3326497781440827,1
38,60.33443467973151,31.418392248494264,4.842997331543082,0.6720627142112312,1
24,59.18105620427507,32.13395096629322,3.8765429928405877,0.8825194350803846,1
19,69.91191112926666,26.5726357365579,3.556411550587235,0.08601654253701041,1
1,67.47444971427056,24.971524563409034,3.226025070355899,0.9890007874127105,1
38,62.978761910238454,30.1882368608468,4.2041550404765315,0.6452433423667354,1
5,64.50155633946648,35.80605701205807,2.909145202686885,0.05336593543665591,1
16,58.956415505619134,38.040385677267736,6.078829953740112,0.31400223192616694,1
24,77.75490849240049,33.97716353403717,5.423096243993425,0.8862451489414563,1
27,45.208039816422335,30.14587213384048,4.74835948531522,0.5962336043728979,1
1,61.396516742158965,31.34891964699968,6.10938398076079,0.2872223672449151,1
34,60.6502463118878,30.057969296626858,3.928843922596725,0.9404945843985141,1
36,68.13280406064592,24.87028330150286,4.180018944635445,0.7872525704078219,1
4,51.561461225751,30.123236891052716,3.066206719698255,0.7355384961499478,1
0,42.56327397603464,23.325865912057534,5.774353695020212,0.8884271200067028,1
39,61.56823016098193,29.379613869484803,4.189658713690727,0.7697799447086158,1
11,62.812304922186044,38.18052555298159,5.015695613275824,0.28673835319886287,1
35,74.89599409447649,34.11429611391676,6.002576400574678,0.5838860755256079,1
44,47.296379536749136,25.38440407881735,6.370850755499421,0.8422861677619633,1
22,71.5469376671672,29.637854651788583,4.970853648509429,0.1808481067228349,1
46,83.67414364027121,25.82811844122631,5.3842374362713565,0.1630232795012032,1
30,56.22235112477523,29.68743115911395,4.09614975395634,0.1589762475708799,1
10,47.09057780506776,35.20553908262281,6.683373343007533,0.1942552746625208,1
9,55.93025633626629,33.26503969154952,4.833849439700634,0.10323081561321767,1
2,60.140049673713804,42.420720403726676,5.08028495186812,0.8376290199641663,1
13,65.63787875006915,35.96238701253786,4.593146927736774,0.8183182203974839,1
15,54.08605270161952,31.020001905388458,6.199248998413756,0.15136899185909503,1
9,75.55198534147343,33.385749870666466,5.19959392308319,0.705537176710346,1
28,48.854676849919386,28.987784129083323,5.760934577413624,0.6269755592099496,1
9,42.607948478272,24.36247876456752,5.353958139978882,0.2761942656123614,0
11,71.06710424287317,36.528882891437604,4.779590616783995,0.2273684336933195,1
29,37.253789687938,35.04495738465824,5.929468561299592,0.25058585527542143,1
40,57.95870231127284,28.794728927030178,5.345316194575381,0.7306306081068676,1
0,91.17681129208047,31.36967868465669,4.039020939152766,0.3193170663404509,1
4,59.87956447040069,36.20469593692403,4.01078861619062,0.2779592776174734,1
19,48.7923234930375,34.2317571310301,5.148826729031634,0.02248109986864888,1
7,59.426025362132066,22.684493743751506,5.907457902387628,0.9082364937765216,1
42,59.49199211380466,31.21810010744912,6.639420548506403,0.7527041444789639,1
11,61.60649940353117,29.16184237255818,3.2227865424191973,0.4727836758067204,1
0,66.62262982159619,35.565003495693404,5.025659849098721,0.9429269203505722,1
19,49.608888316322606,35.1552136939133,5.489647662174996,0.2935322117754222,1
27,76.87548055236793,36.59303914089023,5.295669134994763,0.6747050431831482,1
42,62.45114284372618,24.410528306398962,6.009327105033709,0.3051503776787243,1
36,67.26794046401804,26.079442329718805,5.655533976491502,0.31457242551894815,1
46,53.718506002443576,35.570412180677195,4.01449981641966,0.8447091667152699,1
36,72.86382136995533,27.04177092328777,3.985208311309269,0.7870219534558307,1
11,57.42947591186935,22.392835095428463,5.312454856151724,0.2941074306573488,1
36,62.775525134935314,32.66298243807033,5.990505424422525,0.0813895156665938,1
48,50.668939228128906,27.263907798670136,5.1434175529526955,0.3575841395911985,1
48,50.030683735978734,38.948953851542,3.422066930431722,0.7600575354853153,1
43,66.88205306452883,31.480922769942318,3.9528285846837274,0.10054436118500654,1
27,55.56393169792614,30.80129643320833,5.6915158558653305,0.6721008647232525,1
46,51.46176912495623,28.153780541921215,4.651354909082867,0.8897632599139048,1
14,53.5681665797297,37.954176669634855,5.117957303203288,0.1792271556050471,1
5,66.9895307171742,31.792772299449105,6.065418039151758,0.8622043242862039,1
43,53.70962138796389,27.957502409218968,3.7977909523800446,0.05136388245689105,0
19,58.82345068397836,26.029581466972765,4.585757344098046,0.6668802580905634,1
49,60.15027750287097,29.63263472717891,4.477127186626056,0.7910389203758728,1
13,40.82651113989701,25.111765814225972,5.355402536527866,0.44476611765933227,0
1,45.28873594626482,35.14438720839472,5.772888178271992,0.20372869481351352,1
8,63.362778892475625,20.958289729878828,3.5197325431012185,0.9247294989035056,1
36,52.629706388473025,29.302429858334644,4.994463640833731,0.01996886860316882,0
19,70.56724911280418,33.05066772543967,5.869329104046212,0.5550712292295324,1
25,69.66807104250545,31.710597100548284,3.1452135485391643,0.37284940870503225,1
28,67.19168666355438,26.413585134921654,4.935607558560393,0.46105719548104573,1
0,78.19771787312598,33.30129353353274,3.784215559216772,0.5365650562788958,1
34,59.169106722568166,25.569803058070462,4.358433096450467,0.5347486222665088,1
5,66.4888192590384,29.88807671751595,2.494965410518478,0.20362366375643204,1
36,54.15599023403969,33.25920785990178,6.392734118755027,0.6797023229000433,1
4,84.52369912868724,32.31456389746557,4.644170872596487,0.019148291192146116,1
32,79.83633652436019,26.62480494290266,4.192808135964086,0.02118409421285672,1
48,60.11880434517792,35.987472582821816,5.32826704545715,0.47848734127830994,1
13,63.86586229905192,30.43347285742767,3.9576897673127505,0.5419028802702759,1
11,73.59297599364805,33.71497705469576,3.8627554711187058,0.2748894817002604,1
41,58.52860495185893,37.645505033366234,6.510329169813727,0.5516755336268335,1
19,53.433759292002954,35.587602743873035,6.808663028326799,0.5161092329855901,1
49,68.73989751006883,35.60064703165522,4.407936327717518,0.3492205547726448,1
23,60.7843924608367,30.96339964924736,6.067354709916179,0.6517746365451166,1
42,61.829944496452605,33.96967560455255,5.356040443988086,0.9579372165467692,1
33,51.65728656932035,31.06798287282158,3.5861687082896507,0.49080269442513547,1
24,42.82327851636604,23.953377661107933,4.071868106150215,0.7860507592749802,1
49,62.36142409879101,31.51371896252521,6.551099799196935,0.24759656357298965,1
28,69.049620414942,31.281804918692327,3.5732049671758235,0.7619505935074813,1
38,57.74193250923958,32.91864680760909,7.280999338074858,0.6489059545019943,1
30,74.36429519558867,29.360015123933024,4.428637824088221,0.6396977799283038,1
46,52.96083674584455,26.192722216180748,6.5808149062932335,0.8930353404422275,1
42,49.4529554503408,33.28253041587614,4.694436205357163,0.2333502549522517,1
49,59.32769692803869,23.43363856373876,5.799903591501151,0.3684501170909421,1
22,59.174074246487095,37.29409567928235,6.395033140120689,0.08306745701098572,1
43,67.69968731335223,28.842909693975038,6.389953817681009,0.7261199767692121,1
37,52.25037175936015,31.22764086028084,4.4156344692070295,0.8438672852996117,1
19,73.68094236814898,32.79279076640786,4.142611900100873,0.40583350363180304,1
22,79.66916962508253,32.953440224220955,4.918787990248865,0.3568268184682595,1
44,59.60855973031658,22.955078500241328,3.699520378966022,0.6586518558565275,1
15,72.49710420184319,34.12043290272132,5.2392641756105585,0.07559046078933696,1
49,49.4350292937474,31.515769141881368,4.179203347722485,0.29384189613631373,1
41,70.75221541181917,26.823693077206954,6.082709773542915,0.36621279853518374,1
7,70.47276408559463,26.25166524527043,4.429887583781862,0.518590284030752,1
49,68.63437280189879,28.329734589715773,3.2577410305199797,0.47656921946900943,1
20,59.84436911129706,23.50629156694754,6.400914776169296,0.20868042277462684,1
0,30.457510587579687,38.611336954935126,5.183368003331863,0.5407878738633325,1
7,53.58272856347871,37.430756625716725,5.029134890420074,0.9258686908867697,1
28,53.740839823153976,32.2585010048797,6.09439478494621,0.02708789029712988,1
31,50.21745061939522,28.883007918289547,5.871576502298157,0.6803065724046725,1
37,61.22243004547066,29.014460060313024,4.2381464559895745,0.6247090272623088,1
4,55.81036554478765,33.79032853086984,4.550218393973839,0.9244269547116623,1
46,51.75387990234978,38.78913449750975,3.887044749940662,0.6453449404070818,1
21,49.4119985175218,27.148016302016284,3.5355479448751845,0.6248427124810434,1
46,52.84487014514771,24.41206978688338,5.57859253491539,0.7698056600982401,1
33,71.21499211849928,37.73820386797635,5.3921843100416815,0.26780594881966024,1
0,53.38974945372506,21.064307062077745,5.760829211522516,0.5957322624322371,1
25,54.85061293566727,24.957345958736767,6.281605441495943,0.5194211093618459,1
42,55.43302384976754,28.765710537445734,5.7744747949256725,0.4384725066549735,1
9,63.389935138094195,22.197832660974846,5.863459476305258,0.07948716736946082,1
29,64.56249488528533,35.56074531403299,2.922038741827863,0.29262885801284133,1
49,29.55343460756838,34.2845263525255,4.693014758075006,0.27998171399016947,0
17,70.21635213827608,27.126033863923414,5.964576494669987,0.724250957164001,1
16,74.36368034243753,36.39807059588874,3.8317912637947833,0.9206561352104349,1
25,49.498134626383305,37.24646214201913,5.091671382837764,0.2307872228768486,1
7,50.27701755265166,29.434146758549684,5.519464440613506,0.0746239388913259,1
46,55.49746612221728,27.74665911215996,5.442853493838487,0.9999569543687702,1
39,52.43995980543395,41.29801013871239,5.3687963079583,0.6912053301340548,1
48,62.23926873946606,33.60580911042077,5.598912719045575,0.8864708469902575,1
11,40.534747136411355,31.281623264844267,5.180743894928219,0.14387941586379627,0
26,48.8207239196326,36.817729733198064,3.5370717926089865,0.8007680411173688,1
7,75.39197200174908,31.509653175015107,5.506955535403494,0.8133237459881002,1
24,50.71780032651982,27.471897070404058,5.284746560553744,0.15148892599060915,0
45,72.43428278102925,30.400798802437766,3.5502515491445465,0.16140418009409574,1
3,63.55338195590137,35.19327143659868,6.379735211086571,0.29545121612180103,1
32,41.90732285411742,20.03907216825393,5.53383769974804,0.21678744763573976,0
0,66.35329195216207,28.559846302803894,3.6196516790225415,0.9754099080565939,1
18,58.823326978071464,36.91528699290802,4.18277483602785,0.36294383363643445,1
30,55.44532943750259,27.440657994532412,4.43594795825382,0.7613064117672069,1
15,62.44957093172004,37.730542802157046,4.435236561199352,0.8050508034826726,1
13,64.74633485566793,37.07371909679907,5.293050188818442,0.38594088715467456,1
47,67.0759182197462,29.672354422555244,4.023648248941738,0.6825855542823355,1
4,71.78252847548002,27.157303475554997,6.128136747121935,0.10780014089572709,1
40,64.08135912778357,28.563205629251826,6.045803451367991,0.396962051481936,1
25,46.243659112136385,43.32307246000717,5.619317309599589,0.9673106600948999,1
27,55.26354542348809,39.37212223466622,5.044241775393851,0.16853065391360367,1
1,89.43048335268621,30.62695485903369,5.937447515151537,0.3857113047006313,1
49,67.24491060381727,26.959232241897954,4.724052277195991,0.7905215098920325,1
5,83.69287300811497,30.585205177906317,4.275511138616791,0.6654232549104602,1
8,73.95434082199185,31.219134633083822,6.19010964561974,0.6315186015743985,1
32,62.41802071555749,23.78320631195323,5.31754275701901,0.8532574593424224,1
40,63.01407069781118,30.400206346076303,4.315942359418608,0.029093843023697552,1
24,59.63419960123154,36.61202162405865,4.582257632958421,0.7711643681819922,1
47,42.621953841535,21.003216593917635,4.263572016234733,0.8825490392158183,1
12,60.180472524682244,34.132919825686244,7.022174858828604,0.016174477496196826,1
8,72.10674552542197,36.8739898502739,5.004098437450525,0.5589629511073055,1
12,54.00360005178796,27.19721327452816,5.1577713112536685,0.34858848521063057,1
30,64.11952999061809,38.47087879095528,5.721219047861941,0.05076270881354272,1
40,68.51591045893197,26.54831468775827,3.784639017392994,0.4177481193181434,1
10,50.903195606875244,32.20541330930202,6.0965472662862235,0.644030141171886,1
3,55.48697135656335,28.466136576681848,4.392153869212147,0.9190136315893924,1
33,49.820885095228405,28.465018214186983,6.830016286115149,0.6205304864960713,1
37,51.77834393310593,26.913504651209774,4.6873412699854065,0.8567430815559871,1
45,47.12394716346939,33.4928774043101,6.037640014763186,0.12157150667456507,1
3,50.995515386219736,34.24402728865724,2.503201882880913,0.2105211675231342,1
37,74.19455680797839,29.677889002114057,3.82486692391403,0.9702928642145678,1
18,50.845229709097076,23.20015893163863,4.706392841002374,0.8874006902564439,1
5,61.2645921906069,32.015850833171946,2.969217001875109,0.2352269530200255,1
33,54.971312463290445,32.11007179705347,5.600884448841404,0.6209738817975795,1
17,71.78865937036939,28.916424943067863,5.312958125436249,0.3626327585285325,1
12,73.11162296603617,39.336156435904044,4.009172350140123,0.46859850872883535,1
40,68.64069982138948,22.18035367549673,4.984041370135501,0.8608781490922901,1
22,63.061345531027555,18.91358144873216,5.806477229923125,0.7357126101330329,1
18,57.68940463159102,26.345825501511644,2.896950483130026,0.23844256172009537,1
44,48.081252958087504,33.552122670457244,3.726510983765343,0.3159930746968824,1
10,79.43528881122197,24.720776812830795,4.664911700776655,0.2897104598189978,1
0,52.40326982247446,25.09514540736962,5.023723626632475,0.7806627783407444,1
23,66.63646347032841,34.755106680890776,4.941388578398456,0.49008842113683126,1
6,70.59565572623397,32.31273961398875,5.889294785435711,0.950724307024386,1
24,54.4471950309467,31.885304548142,5.477211245655397,0.8166871772290509,1
20,70.38012527315962,33.907144597327644,5.696634840571059,0.21119443085458134,1
14,67.64213203338855,27.874035233635578,3.610124267195635,0.7859427953545497,1
0,77.27963835381766,28.105079629709042,5.14482385479938,0.5060793472139269,1
11,55.30653533573289,34.04889636280713,4.692857490762057,0.253710126180705,1
6,47.14135982720285,23.275566096094003,6.462071881668767,0.36333174281789005,0
14,54.94510244555489,19.28640076800727,5.174395637377899,0.9721261167433362,1
20,62.088535425343316,27.833579131860727,4.330946065283971,0.4839614425841249,1
18,60.58212727085056,34.654366445328456,5.85250127595504,0.719605849610663,1
28,56.065621037254495,31.277798494934018,5.5632977958646475,0.4770852951627721,1
24,40.908025410227566,34.28645752061507,4.17839832735952,0.37155727384611925,1
32,64.70482996129107,19.918528447884174,4.651510297230825,0.7964200182593585,1
48,79.723444790822,31.57748404161746,4.668553540391638,0.8483243517750629,1
31,64.64251238123003,33.26932252321189,6.227461092279537,0.07188916566587034,1
48,66.09135519053514,23.246012886946577,5.203241873878442,0.27897758913166626,1
34,65.72445306155102,34.31028795273272,5.726782478560172,0.5078710476308806,1
43,63.970466698824,29.442405517471034,4.506728278869917,0.31649774744443315,1
37,69.31665966868096,45.35668350803001,5.334800291139441,0.7835830049607534,1
25,63.95373681185666,19.113819655516323,6.303360902929658,0.11473336074886864,1
10,56.87322830346724,36.84557183837376,4.6389232347493525,0.7977982862865732,1
34,52.04011089991246,28.02920951736963,5.115154803837776,0.6178864171948737,1
7,57.510263447193246,21.91424142779978,3.6366937437623927,0.289367718537483,0
45,63.141294964506656,27.365224282175042,4.234441910089973,0.3444546884411791,1
13,56.83917038877026,31.38739620668733,4.665557108002177,0.18289915509320143,1
9,63.1433868313143,35.187333347825216,3.9391606910482793,0.2525734002981378,1
1,64.39150133700417,38.60982144066088,6.3219736775218465,0.7172688689824964,1
45,68.33179431270182,37.109465443521714,4.161992979758487,0.375884140541193,1
8,72.82794968838981,25.173089896477528,5.786798592117245,0.6874841386870489,1
2,60.780074184788575,35.65082346133058,5.186836237531477,0.5141075411017481,1
20,46.92223434852339,31.95642478560437,5.030851948510463,0.14529774964392572,1
25,56.548959031808096,26.72698489535506,6.486163644965158,0.4990706477996921,1
7,60.44062567406599,28.940447032612596,2.7393997030724204,0.7564698458426329,1
47,41.6423124382291,26.45078670277638,4.8037951031768955,0.29767550472432436,0
1,73.88664520102482,30.18546170968228,3.919619663434558,0.6480816646869281,1
5,61.423779125104666,26.3517105885294,3.0385795908669624,0.19903265454170838,1
27,63.81352834580285,24.860029633912806,3.8052682662423085,0.13569895791675102,1
28,73.65526462526266,32.39559563891386,5.017237535003071,0.3602261306239567,1
25,53.69857169857653,33.14365274129818,4.274652870793554,0.3892035936996703,1
24,65.7404193088403,29.06201499954194,5.896613589825148,0.7610096303671023,1
11,58.90135876898064,36.83825651967986,4.7861541520586695,0.46007875126782527,1
4,58.159131329840804,28.697847067524435,4.675261645279057,0.08123489533081973,1
33,52.278076121956204,28.486127274372308,4.679719049493907,0.6339994983553954,1
47,76.65603213686528,33.302444911728486,4.901505593870461,0.46925325986604727,1
36,56.24499959924429,29.337872075283315,4.581521465057247,0.33164320056531615,1
14,66.99464246895703,30.423988645130716,4.148746302435837,0.8022188086109862,1
43,41.24992612528064,17.397807646904674,5.989184883976036,0.15438479022758445,0
35,71.79988529689787,30.083536923689874,4.375904949611054,0.9132123439779632,1
14,70.52211155957059,20.8640203126437,4.616473383653814,0.3340614903171111,1
42,60.97434110297303,23.895247145005648,5.42940508009031,0.46094144484262767,1
47,57.73057533862075,23.323387306222475,5.318741246157253,0.9292329955601916,1
22,64.00000005613566,24.78708423233087,4.10656193765395,0.7612398317377076,1
5,82.8879066088029,27.255730701838736,5.754981944110747,0.0743024338048196,1
45,42.36763301096515,27.567536922272573,5.537670339838405,0.5782968587553706,1
49,67.82027387574128,33.32137602128563,5.177974834187254,0.310362871673195,1
43,50.883826978460974,31.111939070673486,4.568683149418508,0.50848824984072,1
42,59.80081603700269,20.49462785591007,4.5932693094785915,0.7429690416341613,1
44,57.52119880921337,30.416473187734038,4.798202896998391,0.49617291391865004,1
20,55.716817422022444,31.591276232917135,3.7681680588722344,0.07102187694504514,1
22,59.89534870947271,28.35716741873521,4.960731551403043,0.5299805186096838,1
42,48.6582885472221,29.695570115466488,5.892102040446999,0.024129666560143703,0
15,70.29180436127967,30.951550626985284,5.876371189834024,0.3484093573599413,1
46,42.058564888014,33.8229979881779,4.619148228723547,0.47803052292343173,1
14,65.39764512828341,22.125600062686328,6.0640832727255365,0.6446735633766275,1
24,56.73464147465429,28.778414806801756,6.905904554529445,0.5062067876216803,1
35,48.29075106192546,37.54168049028864,4.683792464737173,0.15194681054716885,1
10,62.02383370598695,37.08330654148978,5.6915147064321685,0.9322175639610418,1
14,44.43048913293522,34.2546846388789,2.7371900373092077,0.650299672751142,1
3,60.39713821719635,32.68412341977838,3.741853271818009,0.31696778512490753,1
20,45.77123092188445,38.27317374201044,5.09112102933352,0.9659396951310415,1
12,64.61272084317831,39.58924000803333,3.9932669374816117,0.8825776091089897,1
21,50.756426663696246,29.354600059765737,7.039202044722448,0.14349008867816393,1
18,55.49005982970691,25.1528377835584,5.597879687296553,0.6554290951065636,1
33,62.93949387943162,28.648538411877524,5.96583164685813,0.5600694520865486,1
13,52.27457888157764,45.483477568860266,4.970973593839413,0.19280892288619422,1
3,59.42036000331697,22.153218286374027,3.996791980136348,0.23347514048902895,0
47,44.86169498755146,27.647304302352914,4.48118971782512,0.5637737735509698,1
45,66.30875603596155,22.936544237536843,5.254380479626359,0.32128828433397705,1
26,77.6491380555077,30.623819314386928,4.3620846615909885,0.8348314310951552,1
28,87.92208867909962,23.98654485552566,5.671191991727199,0.09773923530627415,1
46,60.91168146666439,29.45624488583191,5.711414969204639,0.9140307732021125,1
27,67.88204140797187,20.249524199906205,5.004981303939588,0.8405525490682897,1
34,42.19374327092511,33.088103325423255,3.1743649129830005,0.7386234831137467,1
7,75.02734326305588,36.11172628233987,6.714784933665959,0.26256725093516364,1
15,67.76228504724106,28.080281889682706,4.787327143310482,0.7149578560421189,1
41,55.16066555048767,29.32434996462149,7.709276648471036,0.4387697796186323,1
35,72.37180800289009,29.182963846343437,5.652535696352195,0.6337578972291662,1
29,57.455239233546585,30.904553376125126,4.790044923267943,0.31255441720335453,1
17,55.41974816985444,29.809152065167858,5.447821876498004,0.8358578538080287,1
1,64.75334925427491,33.84058476215347,2.980714482921388,0.04057609931887807,1
48,49.366455001696814,36.16519566725473,6.0261424032359665,0.6914597466959168,1
12,70.21624764399948,25.929643887539086,7.566941237529476,0.8286312403833145,1
3,49.44010188073157,28.453357536128514,2.910766526156621,0.6464281151638992,1
25,49.49945210176814,34.50809724462373,4.712590990174292,0.19199178212931245,1
24,50.90310211591665,22.89165475970484,4.894661877208474,0.28498077978026304,0
29,67.59500037516122,20.14639359077215,5.875228629163064,0.5149052945027505,1
10,53.83224638480292,31.131579764492393,7.105975674165537,0.32944906927224316,1
6,46.520042156328316,32.48173205535246,5.382882122595564,0.004916421707198304,0
30,53.94320000064202,26.38849906023204,7.141791824215527,0.040678112444547665,1
43,59.67957629319513,27.106744729397725,5.170432476884662,0.7677684310100086,1
9,48.19027516335615,26.199038391295506,5.45142381879623,0.08370718168136426,0
38,48.48318890965656,25.665373803277827,5.328235566160255,0.9280218556382318,1
12,81.11296334099585,33.467479103023,6.220299783005086,0.4427364458963309,1
30,51.394345961861134,24.097507565011806,4.577678941889797,0.7581866383643671,1
6,56.76957631226993,28.672385692833256,5.818286758761509,0.1255045960686071,1
48,56.32762999200714,25.47331916242574,3.769203393743573,0.9265074200770382,1
41,55.786431922295584,22.723555120493923,4.715495895348591,0.03380882984215472,0
41,66.21346739969103,34.35089087373385,4.363256377061192,0.0421371607295562,1
35,69.4814295047205,27.400873889132306,5.087961558617942,0.054585780213023405,1
19,56.94045568468408,30.942200402103783,4.683920250596218,0.1034081609634826,1
3,47.63521713407651,22.45962060099495,6.132133692456975,0.48683164388591116,1
6,72.74440227848903,26.290302731217622,4.121331904828358,0.7882764421149684,1
0,59.04658908803317,33.78043940347503,3.2686840641889874,0.28494783145633107,1
43,77.30321814857169,42.93635727922655,3.642716180288443,0.7457768216935956,1
44,37.54414102434837,20.118919678048442,5.994168046301319,0.7740609747685232,0
41,61.954032212833205,28.99446102355287,4.030442656683778,0.908277329851757,1
46,79.18606333876208,32.0614029907175,5.397844415520709,0.149351920147768,1
12,56.46735864561842,26.91949923380358,4.70521249675192,0.13553450903434294,1
21,57.74506576665364,34.24760993497062,5.8242440547532555,0.12209505553411792,1
20,62.95511691590339,25.666336646698433,4.76923429488339,0.3593106090541236,1
21,54.41204181115043,30.769238301083206,7.764348516117137,0.4894126641919797,1
27,56.87928067947267,27.389640477508202,6.898117015818505,0.46160935501561684,1
8,56.62184905808597,36.097155414773866,4.684789819594307,0.25704873139979456,1
25,53.72579265573627,26.61817748482197,4.547865410905014,0.6219796254634997,1
8,72.2885655020056,28.24063101856742,8.132326150808462,0.33827363070054406,1
14,64.61078032296435,34.728445187485775,3.9211490386714103,0.3660829880795199,1
9,62.50628232103302,24.859806704535682,4.944976452081651,0.1055300628025927,1
23,68.08571006890116,30.34375028381786,5.022448919705427,0.5922313350910756,1
41,57.35644166796533,20.887328281566994,4.9976621021854255,0.6552803752282912,1
7,52.257961816470996,24.560332706854627,3.2612882794694737,0.7579502204615923,1
23,53.973756953854426,31.910656379454018,5.4966024096759405,0.9040092131271771,1
15,60.01783041104609,25.046512452318836,4.029649908607683,0.7660044556570162,1
48,49.40788291627098,27.277135340881042,6.435989124169071,0.23574366615006848,1
25,54.997389834133244,32.46543201023969,3.544034957565378,0.23565515946436977,1
26,54.838833581285655,27.10406929426535,5.059465927375476,0.9150871955618969,1
36,81.24556229829014,34.11421036608179,2.783879353048112,0.7901335694151728,1
3,32.261850600660836,31.078313937430323,2.845616293659276,0.7822464303109049,0
49,58.203802785943665,32.178415559622515,4.1606480417073675,0.719713660110536,1
23,77.2569379281477,36.20482799369266,4.301789917662972,0.2672019912537813,1
18,61.21844464132454,31.599115313070328,6.465726412989435,0.8474103424070455,1
35,67.53417473421092,37.69423645234672,4.959408163738102,0.14288467808012606,1
38,60.99826315099768,34.556311415189114,6.292406900911554,0.3500176092979035,1
9,53.326666187835194,27.382737850827716,4.620213405323323,0.3464745399364295,1
24,37.58084065491087,36.46574037510636,5.6060851828803315,0.5601321417080347,1
17,62.05455687036303,31.319330104514727,4.274524683081099,0.4634435559955775,1
18,52.24393395397609,28.026601456697485,4.206526930901399,0.45980813309987056,1
35,51.99664593834696,31.391928476604413,3.1791498610821054,0.5535724312795917,1
9,55.01012744020888,35.561634121951315,5.335753993851275,0.4154184549121288,1
32,77.44861406623494,32.27522547121111,5.262083414700149,0.2499832313177356,1
49,84.04837542253972,39.11196416275699,5.777312887285852,0.6641207177673373,1
4,62.17207937528401,35.43265278949411,5.214918287141395,0.7906333788384025,1
46,55.35232776088272,32.61580016701081,7.026195977193968,0.4789958788445894,1
48,48.2277358254879,24.869659586294212,5.176027636677509,0.6494831867145072,1
34,64.68540161546069,29.101337429949396,5.991826714338121,0.535363281823036,1
43,77.82905600065143,30.358320698754255,4.675890917000897,0.05899643853710246,1
33,57.526596129748434,33.48315750608874,4.091529965698611,0.42308466156413616,1
32,36.21003959246776,33.18666520636096,5.717695170186636,0.009852499521737279,0
20,66.70049671815524,30.84770205109143,4.910852012179659,0.661879278164758,1
16,69.85399711450049,30.601749576885855,5.832043045929621,0.5081614698846014,1
21,44.141543596141524,33.60228447538035,5.352936541844681,0.12683153517969692,1
47,61.76484183662953,25.70706887185007,4.206986673209844,0.5421915320788382,1
36,64.51226016136098,38.477579096249286,6.074337877677029,0.8984260030279894,1
14,59.26892697991062,19.764165574182645,4.1288100462153325,0.3404907647776182,0
34,52.09229080914646,37.27704741086015,5.625326263295505,0.9823687662329664,1
27,70.15937223563556,29.77407235787419,6.281611111525853,0.9593799067421674,1
6,55.966202540313176,35.01289907135797,4.615405161584842,0.7853098424564885,1
31,45.14813837300068,31.819202171463065,6.1559944536723155,0.8137999778189554,1
10,39.50525514330319,31.73017205455401,5.397616834053192,0.41054536019984234,1
9,72.6084951999931,32.77127238013261,5.851943778396263,0.40254109529709015,1
8,66.16663976471118,34.04527144543889,4.163244308897414,0.9543973582669927,1
13,60.87973547129169,28.3558458670638,5.2143002320537475,0.36619624955364205,1
12,55.59725363149197,35.173995652631184,3.5919186899754965,0.09687288907304326,1
24,54.71001585796873,24.57764688210608,6.711300515310464,0.15270108819126504,1
1,49.24263351558389,29.973347133369376,2.986001678415493,0.7103989651929221,1
34,55.685443554401154,34.179849621361384,4.64524818037115,0.38298093508964437,1
6,38.79912784879826,34.975087898079444,4.068291405800378,0.1993428397121927,0
20,52.63936346531486,32.30394424130701,5.674700415202238,0.8137861286830638,1
17,56.89062483648906,28.033037810221323,6.923945945929918,0.48867349067329224,1
2,66.09880047190418,34.483538891843516,5.654915098687526,0.5676412047697843,1
41,59.60073536626636,26.653168804406235,7.961283696951352,0.1539493546501064,1
38,67.9492311387556,38.757045368744556,3.62205982344116,0.19275420141593924,1
40,73.4913510511343,29.576645512501678,3.698815867471435,0.12585603697380576,1
48,70.58170093824101,22.301871528970196,4.1068857683846,0.5145427992344311,1
10,64.70509847378557,24.02658265991724,5.121244695295906,0.7756570117272543,1
38,60.11862679180784,30.218218184397937,3.9730776247167503,0.7322852438814743,1
23,50.19211991586441,30.699126356630266,4.248337245694975,0.2612308205222119,1
45,67.39944051379317,39.84828342475548,5.620483523927288,0.8515501879056374,1
18,76.7974738222153,24.80750331192887,3.760828116886182,0.10566084814041343,1
3,63.42106039650418,30.197310996519654,3.8668039870298982,0.11404997008311124,1
25,79.17259148426123,24.702892964589715,4.601461247009928,0.8493042826041832,1
37,44.744282919389164,27.536725733932983,4.695556929160679,0.24441956117589692,0
41,48.45836615220459,38.41986015034669,6.010015717221316,0.7081158446400949,1
31,68.55201507748262,24.318318884220048,4.09936025202188,0.009079591921675956,1
38,62.64290210153251,32.935212120339166,4.279720015879103,0.09360108861915306,1
44,73.13782176571807,31.964536795071957,5.581670116279007,0.6092887087222831,1
45,59.845283592732606,29.879142868208955,5.8013943237833825,0.18241595487790452,1
35,51.32024577471668,32.597183115958686,6.428724467126588,0.02821368631276222,1
39,57.86406757794958,24.199898090283558,5.469120354864755,0.4669467566833231,1
36,44.67316029076266,38.281612539017786,5.130364059961827,0.3305204992785187,1
32,48.714093269029654,39.6242274756176,5.575038406746154,0.8022569280831441,1
35,69.7244399791801,30.235523488796566,4.732587194111453,0.8188289911033042,1
2,68.7278741446961,42.11553065306777,4.725232405624522,0.6144231212091987,1
8,63.63004284806077,28.004860342250396,3.2258896877212466,0.2930337463464525,1
7,42.78922479039531,32.0021599692814,5.893415956689334,0.4616266512624505,1
32,56.41596424487111,37.15944531887257,5.2114589450517474,0.7022560271046094,1
5,47.75000111339949,27.70497769888545,5.7770392663683054,0.06930855315530171,0
40,71.76533253787765,23.09225470560281,2.184189505522706,0.3324970883281251,1
38,54.16277866437399,21.94141467190573,4.952898292106454,0.8223697009091718,1
3,49.1425228921845,40.30413281951329,4.144118493622368,0.4060285422470178,1
12,60.297961651214244,27.354876746806113,6.501362504820233,0.6246680113154659,1
48,53.59845543165388,29.071316182907506,5.614216915483829,0.09633436913527038,1
1,74.83743910203707,24.436179608394728,5.23423541081056,0.7770459751840522,1
4,52.65189102465809,34.74169639664594,4.568067030658976,0.10046548993724191,1
43,46.00771740775369,26.092200703877076,5.397208310131647,0.8615252545027571,1
26,38.470864842424845,27.54368486169339,4.071814370621896,0.10660104488968813,0
31,59.69213497586585,31.4976020970808,4.900274652314234,0.8908927631696767,1
20,54.38069886142074,24.679770363772136,4.42163661301258,0.36376987422714846,1
7,45.71095393488273,29.107088652428875,7.266489654981692,0.6245307317743087,1
37,71.89226461255785,37.011047947516346,6.46994775619084,0.8465505516384577,1
7,66.67245147429242,32.14127198758432,6.063047483982831,0.010241420990566574,1
49,59.717821210627704,30.65271146214179,3.509688977845842,0.2656931614063046,1
2,73.64326244170867,31.074323547319324,5.864157112284054,0.9083383212925257,1
43,66.62536033398612,28.05432452011718,5.187666675141937,0.388176060584812,1
2,51.771440984815676,39.98076159877463,6.2234601395161455,0.7063759257976245,1
21,49.60779836009234,25.939214347329663,5.322395095126939,0.14001205615350243,0
5,68.17981544453862,31.05463080981965,4.993282333961696,0.6783716014112628,1
1,63.96366956467351,30.575127831714035,5.233784296336559,0.07316099552604327,1
22,61.697477679706616,35.04381253566568,3.194366708377455,0.717325139764667,1
43,51.535021971310925,35.5158696939682,4.2325967278322025,0.3238049543867787,1
1,66.07947567005753,29.839905977564644,5.373335538703272,0.4658476559532664,1
37,52.44501116866051,31.453332465565246,6.139388358406583,0.16626018096705575,1
16,58.98013345406322,31.64267376956974,4.4495068836878815,0.6278490177342105,1
34,74.4694414638698,18.639291722146965,4.959193120136066,0.33756762878097357,1
33,53.39165764189854,22.055051987611122,3.3990075553246095,0.3833750060493565,0
22,44.27010742927139,26.974681546390148,6.45931081335376,0.6521929249541363,1
29,49.4745280812989,27.192006618115656,6.113741732233121,0.17886166122255065,1
7,69.94298826687623,24.00358789017934,5.6521026185671985,0.8520088935722436,1
21,62.547311373802096,33.74791285686815,5.406806187630891,0.7392864055762207,1
43,58.71122621311246,30.010592105087362,6.552549065146797,0.5777300031381626,1
35,54.90906194688431,28.926527263065815,4.194989008685283,0.12833306708244874,1
4,64.8535990755319,23.719223627463066,4.086838443673342,0.6871096944002459,1
12,51.508951490097765,29.777275678776057,6.061519786256429,0.018099372089526056,1
28,63.05665568642596,16.86657622000694,5.994313381708125,0.8043958015339439,1
30,52.68745431187043,29.185218445970794,3.806504413910848,0.3037976968060919,1
46,51.02340614724946,30.31591834403878,4.468640118423134,0.11721155053034626,1
15,53.62512565174988,31.209574921607494,6.68909313107739,0.1644889540561968,1
41,56.24592553516038,22.1794911826036,5.411667328215904,0.9631343985084007,1
29,59.51170164066297,31.124083683457375,5.787161518018172,0.7738304178508307,1
15,62.35455795111115,24.792843650677288,3.8409534574706434,0.2378719733364002,1
11,23.11634708571556,25.93765083853833,5.656644524537178,0.9634662434629445,0
16,51.92349442253235,33.589656929113325,3.58045845422912,0.14011767066254355,1
15,56.08430022643961,40.070568616798724,3.020178634399315,0.7335272119014413,1
11,75.0506203860833,30.2567937940134,5.726823960180868,0.6567396268523469,1
7,49.19997391617868,25.914522706798838,6.434445169634489,0.8214767723855767,1
19,61.627966180999124,30.94335223754999,4.746213924250832,0.38169872067320587,1
2,74.95030309735837,34.695145787495726,4.453449318145542,0.4018354583107764,1
15,46.870314700527274,33.10498782936368,6.7108486562463705,0.6245670184427898,1
29,63.93975225864402,43.71556436231873,4.8052166308853925,0.39820575696522165,1
44,51.977281660654796,26.423312154526666,4.93423127644274,0.04135089270221182,0
22,54.95366257710766,31.26115739959649,6.693957226440336,0.7297080318117405,1
27,51.96889166046685,37.744589767091014,4.64641518697179,0.6409460630551271,1
39,52.68142691584114,37.43079618509266,4.345972390655134,0.42371281275598105,1
4,87.21912147906494,20.249610367378096,5.815508224137088,0.3028295608801195,1
19,68.44455872071666,29.983211899800093,4.288143845620884,0.32072583832736834,1
39,71.0173786178621,37.4226038292435,4.855398461877818,0.7410286237117966,1
43,64.91993486836496,44.45321495199569,3.680841398287801,0.7291608789795427,1
0,43.93743211598042,33.51897941875409,5.185397088376513,0.8189184203412501,1
29,63.94957970323307,28.16068353151758,5.068097487203093,0.762180428236109,1
20,70.72929614507346,24.95398423781305,5.968020274723144,0.7579442021060652,1
19,51.466005259608885,41.093716787654245,5.857256536661731,0.2517732340554316,1
5,69.65326667161126,33.643707932328795,5.551518008469582,0.10161255459876384,1
21,67.04336209854078,25.759665365572914,5.394255692781012,0.7617522660360172,1
17,78.5204004481367,28.984218168331093,4.926745886247659,0.0986180196557529,1
7,55.82216987486381,31.55093258414352,5.609555968995803,0.9821114052949799,1
38,49.023890177242734,32.71903326944059,3.887667826331013,0.8750892674500069,1
31,56.383718906274545,25.50190671227105,2.651033928145691,0.5334616019211872,1
32,74.35570993163623,26.929047909372535,6.161917671212893,0.3521835651021614,1
15,41.71594119158037,21.7353271881352,5.674160462247913,0.526843035947429,0
11,39.31624284568968,35.19881144802391,4.873013565720085,0.7343018331033707,1
37,60.89395278931613,28.29190766614842,6.074558608445987,0.7563299785606145,1
33,55.57410707225844,32.33160824591646,4.268502583053473,0.07366599864991763,1
13,60.077278931756844,37.111292542881635,4.29450746791685,0.8048540948948172,1
35,69.45311771235865,31.09935071186973,4.155862276305832,0.6414970817051555,1
32,54.474306538811476,29.43514762025466,5.567621975115885,0.040579613905202816,1
22,41.2699416906938,30.96960738441967,3.417041922785247,0.31316120581379026,0
49,80.44481557199944,30.315968019251134,4.233038393217958,0.5106413686943159,1
44,50.02771712561224,36.230824989389724,5.289715023236136,0.18845149220547497,1
1,49.40962877987903,31.554191987693947,3.795848924077389,0.15524052887455475,0
40,71.03720013722597,27.277994902105437,4.3396895943388145,0.014281164597328755,1
20,56.15510878958482,35.23924528444875,2.7884324228854362,0.9115506334512585,1
1,59.366101479651896,36.15242178179176,5.605806649401537,0.056107955030187284,1
26,64.82790124060318,23.308346865897683,4.312164806657721,0.366011421464029,1
8,70.83583103109996,37.663919423840525,3.9007187498588456,0.20577163727148995,1
0,56.66539306818228,31.823558866042426,3.7049772740414246,0.7410331022073613,1
10,75.199520059143,31.41634975073299,4.581786487794901,0.7071846574815344,1
2,38.642001512651944,35.03312315798257,3.41984441310856,0.8062224119619811,1
22,67.59787236953078,27.165118044978605,6.942379677148668,0.6168083012449848,1
25,51.60472441982343,34.77082257095462,2.6152553828310143,0.591653160333335,1
3,73.72271316607991,28.116122651310725,4.54938085021351,0.4071107154718845,1
17,61.42044478830545,22.62524660144831,5.106906929291255,0.6363587001088682,1
5,53.27094667990598,25.011218604465327,4.224620995863446,0.11520558496675304,0
34,66.62841093021632,32.83510916451613,5.212131737293116,0.6845128492021847,1
21,68.93188347207251,25.27265830002671,4.200398425053839,0.10389775786308797,1
42,66.41894122858638,38.05038061594824,6.530094463673149,0.8617399025326663,1
14,49.703037603669394,35.946417267198214,3.881122985890223,0.5056828058270553,1
21,55.15982876377915,36.66719583016483,2.6487760586516806,0.5303569045356405,1
36,59.95927162878565,30.62389289838706,3.7015001495466784,0.5848576022052359,1
41,59.58740347349939,31.289308086474797,5.386494774813713,0.7760524989788571,1
11,67.49745475438348,24.031440728778612,4.882075620451135,0.4784706208721674,1
46,39.85098767493392,34.97891755078745,5.752132907982117,0.427588073647322,1
48,63.343270545535034,31.899167275185427,5.501744616710966,0.28833345677290223,1
41,57.100186455633605,32.8365281264613,4.363719650274796,0.12803935071759132,1
37,51.61499383616048,38.44155905726441,4.510916506204453,0.1903425410760331,1
17,52.575132222304006,26.97018508026245,4.614671224346774,0.0005278436858323632,0
44,57.85462335482036,29.36929225061341,6.884346083496653,0.8694216477856673,1
34,23.989148955404822,31.63335460771084,5.690822314687369,0.7649583948988818,0
29,52.9871042920845,25.322822972706465,6.891686899178506,0.2186824288189564,1
23,51.24185175353706,29.0620058936158,5.840779372341814,0.002390090595505323,0
41,65.32783209322625,32.464749052334845,4.936416605078449,0.49211630486203917,1
29,51.94473317489479,28.372893643135846,3.980638513014335,0.4125731993150705,1
13,57.8488619982951,36.54494704864556,5.201519671148744,0.7760066213420587,1
5,75.42276627661302,22.445377190915032,4.93913082778377,0.40289550669751784,1
2,69.94351519815423,35.61385620116671,4.906352714661786,0.8641128075237584,1
15,69.02271399943453,33.30592737408002,4.79090092310075,0.09583822906525286,1
6,55.00127569589148,27.155857062217045,2.9475372924237777,0.365858086252548,1
13,65.43032279289652,25.37795715885001,6.260839816534656,0.9339408986687306,1
8,57.66102199546406,19.59858691378774,4.949546510782683,0.011729622326878797,0
14,58.03906789323062,26.02412493793083,3.585746883971358,0.3907894240069246,1
20,64.0968534374655,35.235883275014984,5.481762709073645,0.2597032600665309,1
34,54.03006411579068,29.71957136860663,4.144163831393472,0.5318607224430781,1
1,74.93003104443204,35.81490440195921,5.562140622970783,0.278766800278628,1
26,58.39869860402063,26.90064464687724,5.881656460512461,0.8699080454614724,1
1,66.18360566259665,33.53553080053281,6.019636490669318,0.9371382528532742,1
34,74.55600479257298,26.412506989577892,4.83908327334518,0.8491342970739406,1
17,70.31653774575175,25.172124968950804,4.586222271981483,0.3985678452279493,1
13,45.91080897309475,29.46436391414662,4.37446163973533,0.9899337655361987,1
19,64.44895895009884,26.675167443400017,4.277443911539503,0.7350363166241917,1
17,68.50719394460647,22.285889254813938,4.982769935789083,0.35560893662861903,1
9,68.91863022160749,29.088426496415032,4.790656937608261,0.09369282119879507,1
24,48.86705165885369,30.532177082156444,4.174696184177835,0.6670464163817288,1
1,53.42964762982676,36.34179305748034,3.8562152461970953,0.7285674442318351,1
24,69.94558235741621,34.6840283856653,4.891243907741417,0.122459132888461,1
32,52.38239629317354,36.09971599616416,4.5658023820561695,0.5497363517962578,1
35,57.00303943335686,33.60178749196754,3.8586330267181346,0.9870879840538204,1
30,75.75875809501969,31.663063794749874,5.830571013421407,0.3262421024991369,1
13,59.5220074961521,23.85527546764054,6.772092750825249,0.3018950224328638,1
0,52.73225862166157,30.749360989676372,5.962588213984224,0.9033021660929643,1
45,51.22382643137095,32.98396888665407,4.279811988323956,0.11741604466505562,1
15,63.32719329585188,37.28718974685218,4.949770315410063,0.9335275033752337,1
45,46.66851991522791,33.43144270865907,6.540428951687461,0.7794870602734894,1
2,57.52664036103582,36.201917173027105,3.826300357222507,0.3908404089329198,1
34,63.33230534990022,24.840010543173804,5.782595126685226,0.08354762035215169,1
40,72.99149820547667,28.367911869259526,3.5519167918560104,0.019174541253784483,1
5,66.67548080369995,32.14675356830635,6.684037627431329,0.37583119643778085,1
24,52.85934882017821,35.80476345371281,4.569685475249011,0.7053535844768445,1
12,71.7841931756372,29.273856770805402,7.229043724523812,0.4875292134689021,1
33,57.00484962452522,29.587770204254234,6.728063798641831,0.73865189281059,1
7,47.64296977950591,33.435701530014896,4.893569490418612,0.6705708487261095,1
20,58.27958640734528,24.37064586427438,4.28059462688959,0.5729071893683664,1
33,74.38169201145702,38.03702274911714,5.194775471890914,0.9674990807248545,1
3,61.65240050064925,25.604319534461574,4.819841033353436,0.72838443435347,1
24,60.12521864329786,20.407052882203484,4.5984330364144075,0.9146134491814422,1
14,76.37211644702853,30.050335042612904,3.3418867454217027,0.24216056432002842,1
3,45.68645152945573,38.492293511877826,4.485446416345413,0.7136396267772012,1
44,47.14400885947228,32.932265651668054,3.8895208782437605,0.5978028634151593,1
11,43.84153529033168,33.755452715018166,5.5516477064252365,0.9242960968388532,1
31,63.72648186480055,30.206928811535573,5.9910713165974245,0.5104530176243732,1
31,61.66493127115125,29.238112513644115,5.7406840039235965,0.27964137902915165,1
27,75.42736367279775,22.275453152034423,5.342375089627508,0.3848389603785418,1
12,62.4347507713677,18.70306871047907,4.147092932859098,0.21882980542626118,0
30,55.95842840520697,30.981361692204317,5.2054007726019105,0.2199729993881867,1
13,60.01794872878107,36.56274597170113,5.792765143644376,0.47042158602666095,1
19,61.17707418460958,31.720668524140326,4.41376442560027,0.8925688352929713,1
17,43.28238726671833,33.11799763526007,5.1189864213950065,0.191869342861256,1
28,87.10331644334893,37.9185877281977,4.854538410730076,0.28787001212411556,1
5,65.19871018101911,31.64383425720529,6.662366669610485,0.8529881280515386,1
31,62.10008308022589,29.386724498461902,5.851548135264524,0.33925627756051535,1
28,66.1516398427858,25.907375971749673,5.6091596117483915,0.9624134019897141,1
42,67.09410980586605,40.11106281486043,3.283306266034565,0.2689202764635412,1
1,58.594465144975686,32.6327388957684,5.172837326767583,0.4421434216985778,1
22,53.687588637592995,25.281991420403344,4.84498657107543,0.09560993919274086,0
18,65.99450686321704,24.144161660993817,4.836342889430127,0.9921757952986017,1
30,63.85710840531453,36.265318634644565,3.43658652725836,0.8901420448756194,1
4,51.90109900910592,24.812791517958374,3.9122313777024305,0.8175622528761247,1
18,74.19035611367264,39.2691707875111,4.931982512094217,0.15734247056094064,1
33,62.93352036322983,16.217686014546445,6.114355778190461,0.9693580578479136,1
9,67.29819362267631,37.112975988949884,4.409475430160577,0.9291512856799243,1
24,73.91920887679919,32.43447405580982,4.600061272895733,0.4356714419975193,1
1,60.21888821164835,30.592972115284372,6.781091995286208,0.6816370297014067,1
10,63.169520069841155,29.122707824791185,4.703177610832164,0.992458427692047,1
49,68.10027238506116,39.453649242970144,4.87121047614642,0.40974521949958187,1
30,52.75138916199948,33.535294292006014,4.884755217948259,0.11304568905408297,1
14,60.54051662846001,25.483981955522744,3.6544948535954895,0.8677790348189968,1
8,61.255485866511485,21.405450219855595,5.571798123415115,0.47648511844249675,1
22,50.439414483166054,30.88648606573654,4.347123881415661,0.9869694550592686,1
18,83.17636788673879,29.99464433231293,4.969929382960261,0.5508928604048076,1
8,45.92706556507598,22.400659813122452,5.444372964417798,0.029477603589202372,0
34,47.01896096312842,29.72303237258832,6.942557589035392,0.4917269636043802,1
20,73.14226575703579,27.130326834629,3.6822299554537565,0.7180621293289605,1
8,67.13266250796542,30.046450341533472,5.864982185066224,0.026030028203079647,1
27,49.74035182519222,33.62961805824201,5.868723256173968,0.4134487143624287,1
45,66.07289015101694,37.463049737320176,4.361785227220727,0.15556020045157626,1
6,74.6785044499731,34.544445181846434,5.599503848051982,0.6430968210213586,1
15,59.69736942403014,26.392796250848974,6.643436151291892,0.9573458487780413,1
15,85.98822900074582,31.844575644145973,4.235028790787558,0.6245849045552929,1
32,42.75938189131965,30.31553560746012,5.241469797135155,0.6948777063858891,1
3,66.93823453859102,23.339355226845495,5.404801363939785,0.3965629004256095,1
3,71.66528336221003,31.99116392346136,5.53417885495355,0.5631408689519164,1
38,68.91343901605246,39.283361689588574,5.769291760716013,0.5438577096858598,1
39,57.95644273354352,30.16213302093502,5.166304828252174,0.759606345267944,1
16,57.09558517988851,22.029086601372995,5.513436186348002,0.8569116470202952,1
36,64.44145171087257,30.151343355543094,4.088526349876277,0.6628859442830998,1
38,68.1575448665207,23.931439005133747,5.164003493639558,0.9798088019240461,1
28,66.02473436282364,34.31802753443144,4.523658734319485,0.8282883925244996,1
35,70.40057890793389,32.62432495862564,3.7701710948459124,0.12464674891692507,1
37,49.81130042933265,29.145449732626282,4.4908554505630995,0.5074753983861712,1
38,57.72229020876365,28.344178670720893,5.269456392198058,0.9032360786937701,1
49,50.59984067876246,28.938828491922266,5.435797276370193,0.9439348687312138,1
36,56.138872239138585,30.0413724717116,3.7315408790772286,0.380205938432398,1
34,70.15220891814306,26.138824893292288,4.062323283275129,0.7257040615165246,1
6,61.07983920725229,23.061234594992815,5.724656279693221,0.4105454836423783,1
26,86.0685916314977,35.69349473347324,5.508148092615864,0.12365972217943189,1
27,61.93406367189717,28.07299511751521,5.8871026620463525,0.8846113049224182,1
21,60.596918805797365,30.835215520845722,6.3678304271765604,0.9319531227123078,1
13,61.061829194402165,31.426409755837472,5.537887109590598,0.5047505312658066,1
6,53.62191307140064,31.61010239827607,4.585192372829128,0.018307430820143744,1
36,59.421633876224064,24.13091001450788,5.114849458081917,0.8160362506962597,1
21,71.27788027111646,21.620799177240762,6.659897100927382,0.47696036623079086,1
4,61.13970668127772,27.05653737654004,7.7644489977853866,0.07502835754156856,1
1,52.06540270116528,31.978557662084768,5.463096365742359,0.18939148287149488,1
26,50.749153795213644,26.360250662628435,5.535554138811307,0.1521193402304284,0
20,55.497981083341564,28.225393231503833,5.7257083669974165,0.6862788663197142,1
37,60.7386343441088,40.63648706874784,5.023792845819363,0.2994094928674781,1
14,71.93586535476263,20.77288057597732,6.163853902342624,0.1276905173114432,1
20,46.59511358633563,26.224830020447506,6.0080452927328505,0.9176488262358435,1
9,56.80173722111244,39.483020342869644,5.354376447148817,0.9565310590158032,1
22,61.44310019435079,29.777006640023885,4.681980093994384,0.13857587276697225,1
38,41.66294232370565,26.47007417250545,3.4793036126228634,0.23023585330987462,0
4,51.66401717033594,35.8438445850556,5.73241354761425,0.5921207196064159,1
0,53.201114602638135,30.276152182405557,5.212858315226104,0.15050784949847407,1
12,52.040296261495016,28.25845802477997,4.262232269345899,0.15859169290361186,0
20,61.918895450216475,30.961844635187557,3.8700797350053726,0.3365760417373901,1
25,58.39440390498203,26.70945595308617,5.661432849383251,0.9491703328680051,1
49,54.44713897398964,24.91254468555961,3.398763678383035,0.9624421963562685,1
44,64.27962626552635,29.43201536182626,5.299641187443805,0.84178824982537,1
20,77.2307471764625,24.945015199619966,5.843550409168894,0.6957129179290505,1
17,76.39256516741753,30.0534665589824,5.5498928864166235,0.7206733658567527,1
36,40.77228227937664,31.772032837371693,4.60926022564156,0.4695728430874009,1
44,65.77072183835139,34.265302280258055,3.750625515525086,0.5301546281555489,1
31,58.21976709936162,35.63962492758414,5.58701923979519,0.6344526600059881,1
35,61.55155342865356,27.971317491838743,6.20052309195342,0.7312866374945891,1
16,56.01716966457452,32.497073039695344,4.427266645256959,0.09684617251055128,1
34,61.17588629887202,32.462617231031786,5.506908200292859,0.2248870096795551,1
48,61.51407396072019,31.63909357907992,6.581515118731809,0.9629431913026789,1
10,54.210482426510765,27.602702945247707,5.33884709644161,0.3351422654605789,1
20,51.03632452174819,24.859660937679447,4.6031198551222126,0.2684742108082029,0
25,55.51304317380516,32.5100094453328,6.040853540063158,0.4219113121243232,1
3,62.34259264456765,21.46568718903475,4.262439025842188,0.29092075043326204,1
33,65.98996341684264,28.660802837158442,3.701807984946977,0.09118019255185517,1
47,68.53348977340147,17.23184492175701,5.81232119114598,0.2079611319042033,1
17,55.05809976933087,23.317987883208684,4.593837736516437,0.6401597975823332,1
39,62.838445673027366,25.614330307762877,4.683478985996316,0.2231825570527327,1
34,69.62502591953299,35.483621038146424,4.373059364448928,0.6476671966948354,1
40,71.65594895144127,33.440540122021346,4.527182604445916,0.10008089490347005,1
28,59.41167145868478,27.230326580788788,6.403033427526866,0.04187634959247577,1
28,57.79068275060387,33.64684897564875,6.662498765783667,0.8615676826591921,1
37,61.91124233836392,34.43811481690199,6.794978636144609,0.760026195541693,1
41,48.502925271025944,29.196675758126393,6.090120621177513,0.6660276828463733,1
20,58.06390488964492,23.07810927893155,5.4662712597732375,0.03089923293686503,0
41,67.4458639847313,28.96043844966943,3.5677144080668866,0.23935393515373926,1
12,66.41947129443702,29.510537974139318,4.812475297099651,0.8123143271522606,1
48,57.29732395636111,23.83772804584887,7.156754488623688,0.14466766505854456,1
40,62.17718201087167,31.835233964649838,4.564378421247346,0.8128534398937637,1
16,51.753496597093125,31.399059271511778,6.514144474772275,0.5842335497091802,1
8,67.03492148225025,32.22521349947093,5.055035819030545,0.7403683677969792,1
40,59.22178563863527,31.394615485837218,2.321857614146854,0.644507078451173,1
0,57.24048548303862,33.649215175574916,5.640485563668963,0.41698958008375453,1
1,56.38276163906613,29.103359860634843,6.266254696178311,0.2919773488969244,1
47,59.37106133100142,31.00892553685477,4.951004031359456,0.6727291785908471,1
28,55.52122355068042,28.01129857877234,6.2330510044854135,0.8069128818048943,1
32,66.58143036002564,27.077503921890248,3.332172485582913,0.04473263616186174,1
9,56.04716451983819,36.69124815381038,3.6144357361006305,0.3799089337238306,1
49,75.92964096027382,19.78115649236752,5.204864308085687,0.350729784179863,1
39,74.65210503481381,34.38379994577132,5.477114727817532,0.5594708404584525,1
20,51.084565101454956,26.897295622771697,6.356578868592279,0.1139250563877997,1
27,60.697042694292804,26.249809111784394,5.638924466748561,0.9334194101392793,1
10,53.49343378663805,31.307887420327035,3.806370910634957,0.5485102684338226,1
33,56.73352436811388,22.551951938244986,5.213045622074386,0.9237528042837789,1
7,80.02427467644797,25.919884640268986,5.6007274452881495,0.8169409234616506,1
21,56.92428582884201,25.754301767435038,3.125766001302871,0.19163886231518135,0
7,63.60226037077429,28.893008709074525,4.956366530261985,0.1323390122929572,1
48,65.41321294008279,25.979311559196557,4.664417456061775,0.8612502400009282,1
14,49.9937062751676,38.00559342819635,4.3453069262542545,0.5361002225842191,1
16,51.44904525590795,38.98508258248977,5.498777051752672,0.019742747897898427,1
22,47.93977628591881,19.890032386259684,3.8503184734420763,0.9342267484393597,1
23,51.14029266102223,32.72161352382868,5.41687951200365,0.4730283993930644,1
44,31.49969890682818,34.29331719538787,5.559491129208895,0.3009363017523957,0
18,65.44582400793628,32.71492601195553,6.083763310260974,0.5165978711706473,1
4,80.5419384125607,26.709432534541527,3.8765807372073953,0.8229183904341552,1
31,61.47820739036527,28.77952218920729,3.4947657816454525,0.1102927350357904,1
43,45.837311406593926,26.258626726111522,5.278903607339012,0.35893290323753246,0
0,53.57223617100052,27.89867984420586,4.713728766132299,0.3188666732455584,1
22,55.41123154975003,23.95017485666412,7.9026502624937205,0.8396495200281476,1
36,49.82415222786624,29.42605589182725,5.458498476242932,0.7784672759772122,1
7,68.60182638395156,22.485991443474653,5.058161711704182,0.4001040345769321,1
12,68.10260044375335,28.99932722885931,4.827172044323585,0.6644883096645599,1
7,48.445482061823405,23.757091554501176,3.7819381545605513,0.3944454822947818,0
22,67.25081044447508,31.03408180895702,5.563881552954597,0.5713138383162337,1
42,75.26812663577266,26.602902195285548,4.920854973729202,0.9912152946251193,1
0,79.02558205229559,31.452901739372688,4.921686316570565,0.5355744672355747,1
44,88.65212023085962,35.40790364182391,5.094443325498656,0.9885747328305068,1
23,50.98007350556803,37.94723468052354,5.221212529917246,0.7471991062647436,1
34,88.24220426395203,17.35997705489755,3.2607443540824783,0.12072229026313974,1
23,56.457936114912115,25.829029530631086,5.837023006370932,0.7959661686003467,1
16,54.07534544619486,28.48456961443993,4.153555625184078,0.16128564146981517,1
4,63.27072374877845,32.30163909190742,4.861967802531373,0.5323286083866127,1
19,54.17938665906988,21.748227479227353,6.285904920665289,0.613245234465619,1
20,63.99044140646526,25.08953796599892,6.779448592270114,0.8922304552193602,1
39,46.799228122626985,30.651786013285548,3.2995055613736084,0.21042421025711477,0
30,57.61247397936566,30.424441207633336,5.0302448276746485,0.8759420723638627,1
45,72.8558223436168,31.888092032100467,5.272913185166036,0.9344937759583011,1
35,59.42938708568844,32.21837863444058,3.4924699738085536,0.0894873512595683,1
10,61.41595786739883,31.692972165579313,5.802591364418165,0.8852851180120224,1
14,64.75258604717311,30.968276583157465,5.116262677414173,0.259180048607747,1
18,71.70661629317661,30.27869886663184,5.194159595694996,0.08100094938213753,1
6,43.447752878105675,33.323815448621815,4.082447081658065,0.9585743559183243,1
27,65.84524051837435,18.803386667178874,5.4128866433813485,0.39220348724959087,1
42,57.31860860758237,37.72166743485617,5.838223956389937,0.6229835051369697,1
4,61.66637895311838,18.97758974559838,5.127297883725934,0.5528731197953152,1
4,70.59950169762377,24.60419091547754,4.4860640990369465,0.21318192465983243,1
29,48.058133485881555,28.866196016749278,4.563930681953636,0.6695657281670652,1
31,49.87355558556911,33.36306445544921,5.220395707125966,0.04611498900726496,1
7,40.645700402861934,15.023665546001919,5.0487973783806295,0.20309492631199333,0
9,54.50841058236224,29.859378380290828,5.9048221191193955,0.9446637509339445,1
37,73.30432344378816,33.96197519707867,4.519741712475835,0.9535075245907666,1
46,58.7941281152653,34.97259058014239,3.781619397259175,0.4826551918134535,1
31,46.59875104345214,26.513351707512705,5.359386077320503,0.16907173891377858,0
47,55.14321255424953,28.49582356522484,4.522470147001297,0.4216200610349533,1
27,45.12138296509377,26.91925935553686,5.783681949036367,0.8770708332918993,1
16,48.74813898268838,28.036626732369577,5.007538630457601,0.0702740544360414,0
30,63.888189102637135,24.840867246357824,5.654813204364823,0.12786857716351363,1
7,48.26126673693971,25.553739187645412,3.985682953269212,0.8956528458560608,1
39,71.12634305203302,32.17188461014184,5.1433862632298215,0.41538340069274504,1
24,59.28879709169664,30.658076866363707,4.3007367926160835,0.08345860514237624,1
8,60.855947039445255,32.45793253795237,3.77962634692378,0.13920907717398157,1
1,57.21627032392106,31.070071948504186,4.1388921219289845,0.8824481779607937,1
14,67.72847838543723,33.52169300573798,4.455522908224141,0.4901033716245117,1
49,67.8315988777701,34.39106999077497,6.244694527023852,0.16299430786124447,1
2,63.350543519121715,21.291416900669482,4.42905960050734,0.8940597549281154,1
48,65.64789105907649,25.728451747928187,3.728459749721777,0.8452788891787573,1
35,57.87910330079574,28.843120212549806,5.131477422496669,0.023023350788303976,1
3,65.42203006909048,29.886612372563295,5.0291806606776746,0.5809901077494719,1
13,56.62122224526193,26.64954713090983,4.507946987989802,0.24433665038070773,1
40,60.02231622162402,34.56011835494153,4.838776534153873,0.5331358119805644,1
40,57.253562506337026,39.89974184145299,5.9762270859965705,0.27926833220533065,1
24,55.42781460680804,30.93080977790867,5.670705765399177,0.31587628089197106,1
49,53.1088820227821,30.421705160991056,5.584230206873731,0.6018525324325804,1
9,64.67690103858885,34.24728127552166,3.8163212154797694,0.5388591777677273,1
20,73.10605912813463,20.67080122398282,7.886548061715323,0.3951923977808073,1
35,71.71101971669559,30.14234470219205,6.051252210274222,0.10756797182901556,1
11,47.43434664054565,34.895179127337585,5.5170285631908715,0.9694238985796158,1
26,72.89203051406874,26.784230013994442,3.8356882256027904,0.17460555047005122,1
39,56.81841498382071,23.867197100490174,5.947730112734107,0.6331172449563899,1
1,66.00733015145592,29.070971949501107,4.498871489700672,0.0827447627040645,1
12,50.937846679527894,29.6965728339904,4.805729195364035,0.6883128325456186,1
31,61.41979913874005,25.45673859042271,3.3192207239407168,0.09483978338390275,0
30,63.13723182896907,40.480806380254755,3.7585169140594905,0.22950834150598176,1
15,45.15395208080347,27.606518094960272,5.438546498827135,0.6469851993780379,1
31,66.08267166344189,24.231703242867155,6.006234675270489,0.28293519194435346,1
31,73.45935007838315,29.531893404646944,5.684904419795036,0.5328508151479234,1
33,58.25352054318372,34.53930318852245,5.650818996742949,0.12450539333740929,1
10,73.60168130828013,30.087071244991154,4.935233543040293,0.20240053926620294,1
9,58.103065065475924,32.42796960022001,4.593292984633788,0.7337759082546165,1
14,68.49584531046617,25.642447028334214,5.2888951435653935,0.03513886028223279,1
16,37.814300340489005,37.438442232017564,5.821408323100274,0.11180020985705164,1
39,84.18777779313464,32.808555139592215,5.004862254933592,0.21495601861063962,1
17,74.95458245242958,35.238507844388046,6.210252019913405,0.020190559104281025,1
8,57.15374495746321,31.82580316237585,4.784930736183992,0.0953786985061853,1
24,40.279109733561825,34.124420188643924,4.0197210647039485,0.28139147763622985,0
39,62.88028368305489,25.634737201613863,4.989637757958999,0.09291745158314235,1
13,45.56074452926243,27.542947916552187,5.105972278259569,0.8661194300298664,1
24,64.44853537557488,36.73240297778015,4.91796993272359,0.06607379051115492,1
49,64.11565719164282,37.798709736419816,6.280655560882261,0.8609836991782395,1
21,50.58596830997975,24.264672001404616,5.805301980724039,0.8228600860602662,1
29,71.20967023614378,31.248680339319062,3.5690590113782905,0.10076159456338718,1
19,68.05574702806173,27.845280997573862,6.534367014198286,0.025191314271911458,1
20,69.75823337288563,26.51484265317569,2.2585829391708274,0.04999201489531391,1
43,60.08857703668895,31.42419847677725,7.151024372852497,0.590378064573757,1
31,45.844759330862935,35.704814661827044,4.712694486443124,0.6703536244885746,1
45,69.77872272211138,32.25831236642097,4.8104322633485,0.6206533912462312,1
48,57.296286008642085,28.402437750404825,4.93998376102636,0.541476851991898,1
20,46.102198568073305,32.5743058996758,5.385205432840181,0.17468409062948909,1
34,73.52039365974326,28.200119132095494,4.999736798733157,0.8409538946352715,1
31,80.9940752050251,32.06057150365301,4.866604811162733,0.32755493636024857,1
29,59.587518710207966,36.98232850227867,6.308918309356185,0.9861781961128854,1
38,81.59121154603292,19.614201703495862,5.56559607975085,0.3848577978941905,1
48,60.9131472861135,33.986261492700166,4.041196145629239,0.2630048439743654,1
11,56.19544095833649,22.30472539214766,5.740673914335725,0.8942508137817375,1
40,53.69541545814523,36.141638552722306,5.524107003183339,0.5674141631910332,1
46,76.37082407992742,26.8148719506357,4.454726274418781,0.7218504401747398,1
17,52.198561186122284,23.911643111967578,5.792138426362161,0.4083987833272448,1
20,67.35269309974987,33.476346135443734,4.842427398776961,0.8869155059435901,1
12,54.408361649407915,31.820850315712054,4.778326527874899,0.9177252129843273,1
20,55.396932374256366,25.00406548519171,4.751086882567066,0.4367689311169147,1
7,70.30249693969567,23.735001214158032,2.5718819430476008,0.24072383536876052,1
45,56.19963153710646,29.06259256254359,4.4733006670653985,0.647671384433488,1
39,55.95204620579707,23.979565249144017,5.713173242125601,0.9545843338205157,1
45,71.32804697174807,24.692635135381863,4.977588757096237,0.6224464595729413,1
6,75.97397293221623,30.578103952107167,3.7148135701442504,0.9542224384077365,1
22,66.44689803284233,25.170641828724516,5.964631255192037,0.34380796497261457,1
43,53.452302243760506,32.13269645013271,4.701399840456604,0.915079070799875,1
31,54.893915007024205,37.450717979417384,3.778424509338477,0.11256683241659404,1
10,60.799152637400375,29.25722292549709,7.2060124616710155,0.3588344189376822,1
21,63.209300619256574,30.650755309927924,3.946827405512244,0.4944712344905442,1
21,50.121340898602284,40.090483664177434,5.8794915112857105,0.6531103382522919,1
42,67.23037939579864,24.061994413113265,4.230685899145396,0.29413924494872645,1
24,60.85513329639599,35.95617597590371,5.135826834573821,0.9242393004337287,1
21,42.84291681361871,35.35428798956241,4.097819036631824,0.9034962091941598,1
27,50.7107351753927,34.27158669586892,3.760695818726341,0.7993366129655624,1
28,54.95871326348336,36.458739253663154,5.522202544671409,0.11436252499173216,1
12,59.27142311158945,31.402874829793095,5.405290545134401,0.07829095113828477,1
17,78.89278795503996,27.085352522003664,6.1446494442190644,0.49813145511934176,1
1,62.38171306139628,35.472866456102835,4.965618069704137,0.765343755695917,1
28,51.592281101013754,35.664211058564476,7.220351794126492,0.12323589291126125,1
20,62.20630804307163,35.52656950746644,5.268346667437036,0.6414374669360187,1
14,56.47912252546119,30.222510411596183,5.566774681237212,0.527855391102307,1
26,63.24758239533542,26.419027431933365,3.6415707548927716,0.7259894197343723,1
49,65.80567687035615,30.956811270558056,4.385915684877469,0.4353752261662679,1
30,72.09230647223939,34.71115008783918,5.519679700515978,0.693296597220009,1
14,59.75713504329974,35.121758949299824,4.915772237586417,0.15960867148406388,1
22,76.38960527599833,27.851619364627027,5.187683135034636,0.21459427323162883,1
23,69.08022662536192,31.57686448063695,4.183506244285806,0.9033340638140044,1
43,52.92560455187812,23.45610847757022,5.121946973471622,0.32937507529745635,1
12,82.09855665748464,34.92475051502925,5.118545891591736,0.9855058148365508,1
21,63.269945132700975,26.08345621637468,3.819564980114761,0.046204597650093215,1
42,51.64875496027765,33.92627679785774,5.642549844680591,0.495875814952907,1
36,76.52913051230422,24.253477113049193,3.299935053082031,0.32498716444635267,1
32,80.77777585198444,35.15707953217004,5.184238080597684,0.9959650370509224,1
2,59.669747362804394,31.60917595011385,6.7655926938255,0.99003475636462,1
18,54.96349739624404,26.09321152191527,5.680550537819082,0.23524329185293213,1
22,58.27625042546338,33.45678190540263,5.674299246037104,0.26725687968213596,1
28,67.147317275177,27.048191540973345,4.102573325051315,0.7496722187170469,1
29,72.77856655030514,33.74777518722564,6.769062053152861,0.8896744313942908,1
38,65.70487330863574,28.62944262309639,6.376718094602289,0.6636969878549185,1
43,61.0172320847177,21.394764371851686,4.156409977104433,0.8647089550613632,1
46,74.98011770304427,25.087918797595314,4.525236758185123,0.06329245539572814,1
24,56.87163526948478,27.847926456563577,6.254656044926688,0.6405284813965936,1
36,70.30919338366907,36.84094511874289,6.796147378316758,0.7001708891706963,1
46,57.11937201648721,34.505718152646125,3.735313964909712,0.19031906306471247,1
7,64.31022958010894,38.11930706161071,3.9962892302754236,0.7779702093246055,1
41,58.86437435209549,38.26817608014929,4.85621324357783,0.9442651697013559,1
15,59.44147817347189,27.326245977045424,2.828905970557485,0.8979664922780658,1
7,56.2261348253779,29.057565701205853,5.019045160209423,0.24496741791333898,1
0,73.44854031180694,27.94360037834731,6.185743514029984,0.32399263797218614,1
43,52.67073961891465,26.642446973494618,3.5613629837642504,0.49961136894624625,1
4,52.59767747451291,20.792526453317706,5.127106964975087,0.15836118428056967,0
2,81.20993565845109,29.92626140991579,4.418229295004687,0.9539531631162755,1
0,69.77847564654331,23.572172031444445,6.639945948753917,0.16159662971082756,1
3,36.14886301306964,29.829140592328365,4.4302081378669484,0.7614229579903359,1
39,54.34741260789596,40.57885404781492,6.5189930877485835,0.3414281511709286,1
34,41.88010662437946,27.453274518346458,4.402544929188773,0.5737207976965968,1
31,50.49309306584745,30.973870028140336,5.7711758053341295,0.047173824394361574,1
41,28.614853337659603,34.53324192904641,5.251945618362699,0.20501185753732387,0
33,58.63010422306058,31.401456459829536,4.861727333485699,0.4443912383212123,1
42,48.58058180838688,31.46242093971148,4.209471430946024,0.6771912172405029,1
24,60.599052567964385,28.1879878315596,5.323095421317893,0.7775619262108797,1
9,43.74878741117475,28.840610124693836,4.559464737515088,0.030140517763302288,0
20,60.8291185317204,25.19994738906086,4.310233775191862,0.15249021607878965,1
45,55.85083721879673,34.23022504444704,6.47272274137572,0.7297917386892537,1
38,75.01952965188596,21.29254171692952,5.547530227493227,0.8130554258120163,1
26,74.11356861745625,34.85544169191101,5.643638951907203,0.23657152728578612,1
26,67.85345603010283,22.981508076273787,4.608401481387737,0.22965304700608058,1
1,56.73386219338787,34.81303637038326,4.814021652916695,0.08802943947316588,1
40,79.85380395260293,28.230912368939094,4.751423332648888,0.15029397559700675,1
47,44.46964722160179,23.840656559334597,5.337238912500977,0.008015891882246162,0
12,45.96441370436337,32.89649322539818,5.641803451842506,0.5898312397778944,1
8,59.162169001109355,34.643837675378876,4.969748629688429,0.9038913440894318,1
35,82.5403810892112,27.809606759482314,4.207355005819359,0.14957609953817885,1
21,57.97661093129913,33.60305274339466,5.760570457026549,0.7514436634410435,1
41,58.16754756790718,18.57457752665325,5.033403868208336,0.5736586863224966,1
25,45.58089643888191,23.397018551267,3.559163621229019,0.9399218926131723,1
11,69.45929585270379,36.46204465234364,2.864705249920312,0.798122522470258,1
16,69.53176254329354,28.88165362901042,5.297897175460474,0.8527290227591285,1
13,67.8907520139991,20.688933367755762,4.170526201122296,0.6391421523725668,1
13,53.70779327152638,26.505669097790033,5.4310621293964525,0.8113361195358699,1
33,52.93293231626994,25.382997637374597,4.224381691136066,0.3508695034798609,1
19,47.0687774959503,29.170191342635377,5.133185772495008,0.2090175948372197,0
10,60.838725017609335,28.146245080961762,4.621598472037908,0.9125199712329644,1
15,49.19592670721498,30.894658644690804,6.751920810273305,0.7343358780724205,1
30,48.22583494750711,29.652669741937128,5.950315657818645,0.0907028969380902,1
5,55.76309283089324,36.798696275185094,6.34729690018783,0.8669095277514538,1
18,55.10843824815784,32.12274299859835,5.024047769119066,0.3489039399784726,1
36,54.62021471178045,32.28835805596793,5.822360939114882,0.29827779054177683,1
3,64.66444596840262,35.82578561947261,5.091650077601142,0.6233135672863879,1
46,60.79047802150279,28.05615624785209,6.469591367433726,0.5685986361064636,1
3,57.11843969488882,23.690612783207573,4.927437934743726,0.5382567211654883,1
19,61.83012928311482,36.034851623161245,3.602510659639206,0.2548771834020269,1
9,50.08472958895368,30.679208740540563,3.001378474746061,0.9597737512562198,1
23,61.05278623909678,30.69675603949464,6.668311119564515,0.9501209238295332,1
34,61.50602492844634,26.83335039234882,5.478504474150859,0.004162189922499837,1
25,44.96953140642519,26.915723334482113,5.544256850041742,0.3378276291677085,0
36,69.95693754370362,34.233611693854215,6.489647842291582,0.04554866406204672,1
37,51.185662947730044,34.923278990688054,3.3482650562740446,0.8502487663099076,1
20,60.903097992064346,33.91911702873329,4.641398784768192,0.8865182382966168,1
39,71.6441174053527,33.96480802722738,4.763930170384967,0.5182982836862439,1
38,69.25676757713869,32.845147686298795,5.742275233207015,0.8396780344607154,1
20,60.34333388568835,30.657613650390783,4.307359774899117,0.7033603158537919,1
9,56.37500997117932,29.123101578395097,3.79862625648521,0.49957394292842416,1
37,69.47511908575567,36.05161924970777,3.789651349002893,0.36381139898902737,1
45,66.7469497780862,28.131395647547834,6.1494180762720205,0.2662250253265598,1
3,53.8163497995587,31.849896069403734,4.257467906196883,0.25942913742305196,1
44,52.0510635299831,25.97993501022877,4.447982515678189,0.5620643842375914,1
19,39.27644818304002,26.70350481574775,5.634498150727905,0.16680882649034567,0
16,61.54031841683587,28.81922716071387,4.3010545917651,0.17479187617295588,1
6,59.17302254981601,25.98030811636418,3.295051577244358,0.010393340327031653,0
3,71.36191374642542,33.9892591273915,3.418298826275101,0.6133280595591237,1
28,63.590550934803666,23.259828742274852,4.943192603284542,0.9943441856600521,1
13,73.3422919417269,30.496148116905363,5.497328430365221,0.8892193754279236,1
2,53.02635772083829,30.662540484210908,4.79775475614958,0.7056898044271013,1
23,71.38150330967619,20.946002108401593,5.430442703809069,0.785525297766573,1
36,54.71083620895345,27.794880897381958,3.3871624739923645,0.416852716263746,1
15,67.77596061792272,31.278497690240712,3.454696459031892,0.29807955491606886,1
3,45.41241607469306,32.14363996647034,7.253935916294241,0.36862828188468355,1
23,62.351352993661884,28.97846395699917,6.23278427213668,0.08142208173004839,1
33,40.153120585540904,33.38444102240358,5.768971891898517,0.6337951980296325,1
29,57.32862514058245,29.453418713819797,4.340275329265561,0.17486502221267386,1
17,64.40353993877913,30.068264560375283,4.7619938092695495,0.7628782111600385,1
18,54.790314487689045,31.258269344932767,4.9983226828664,0.1899764622638127,1
30,49.49562371244033,34.63499814367084,6.314346113716524,0.22812402526733655,1
18,68.46118469295934,26.62140998792234,5.402782766445092,0.957305639376168,1
48,58.96537210153077,27.56589063740851,5.5259138012878015,0.10539591202372756,1
45,55.10429352969329,26.655517541353927,4.8323450648825,0.49884253924602984,1
18,60.41895921154276,28.339011419290333,5.792665066840085,0.0626865074015972,1
21,86.36669141945589,37.131171290398825,5.3023227474312735,0.09039099208220636,1
23,71.53502849781543,32.86362659664911,5.04402273274568,0.633500362138427,1
44,71.62573668187841,24.34455127415579,4.256915827813729,0.6307272630585855,1
11,64.35546318992364,26.997765172056628,4.886428257898368,0.19312028132415915,1
29,61.66485272577147,31.86383612138201,3.9204672962200444,0.8724865152583926,1
37,36.03917711669584,25.467461095336148,4.959860994013045,0.7021869956829774,0
30,53.21019653536868,26.373299795926215,5.088911357964899,0.3006105828711646,1
35,55.19425586797526,36.72479833087074,2.595481615393686,0.24838655800892817,1
18,41.25107935952467,26.933121857634067,4.769660460899496,0.7542852531308287,1
47,48.42584209784566,34.77333408014693,3.8241197953954074,0.7336239241326038,1
44,40.19163529077366,36.27661594765469,5.498639325516694,0.1488319115314377,1
35,59.61676164302627,26.33268954415518,5.637159743550995,0.3491878486702683,1
29,68.18765970848816,25.550187217214294,4.573660182334683,0.21667724665844068,1
48,71.06774518624329,28.619339567594174,5.549022087121916,0.29414419608587317,1
32,64.14784462079241,24.556861396631874,5.591066936335061,0.28756396249487226,1
17,50.36603658801431,30.605169392513712,4.770284160588232,0.976023699963297,1
48,40.6793484148004,28.97174044073307,6.534286975303658,0.7502113731105685,1
27,42.43131300598498,31.80290007943151,4.274925062993498,0.7800520489358751,1
46,47.310174227455015,36.98471728116411,6.471365703253166,0.27742316526562116,1
10,51.111403019643255,34.0874249038516,4.774800570816795,0.0005270850463684473,1
44,58.40251502008413,32.44619887706178,4.156673646774033,0.0581570049219895,1
32,49.85835781873032,20.169757935160412,4.648451524195618,0.5529997666567957,0
16,63.38975893668261,32.21687991051188,3.9006107722706767,0.28548113889838644,1
5,57.677264972005275,38.613138303522746,5.784557867389203,0.19295460064818837,1
3,60.10545711741025,14.947387418432417,3.397231021924724,0.04964092161631872,0
19,71.40250552671205,33.446912714878124,6.389608553768826,0.8758817394297378,1
47,48.197682657996296,29.203207126217677,4.06413279825354,0.6001273470579759,1
46,64.18704578292369,25.751024984885277,5.836653371845954,0.10737321444825731,1
26,59.86026771523927,34.00564291955977,5.024225861060468,0.7664040160965936,1
14,56.66513719030305,38.548529503036654,5.270815283049596,0.755825591076799,1
5,68.8525632086596,33.87615364418877,4.409956628722636,0.28940364101525584,1
46,68.79014154557007,28.144040243692366,5.352808000333132,0.1884268915567444,1
13,50.53509204011572,25.28265087795922,5.134974288550864,0.8139818761393762,1
10,58.17839416142076,30.72313816894772,3.5420889318306723,0.3295647326511356,1
38,62.812116825840654,34.36584646190794,4.0374999970667425,0.8474280810809569,1
8,57.26993251977416,28.064734868831362,4.459087888990194,0.0436516130477842,1
25,65.85021332287798,28.548085041746017,4.2450034818735505,0.49928894891154996,1
15,62.811920179102756,44.110001249191995,6.252810945383652,0.1795952813996199,1
4,78.32561240356013,35.39325972979863,5.0070141838475,0.6720448132281359,1
9,44.69720864070212,35.75064339196816,4.221328652360118,0.9972137614690469,1
49,58.775640102526026,22.698570469705942,4.509230175996961,0.4125110320269345,1
2,50.91497488487809,26.464056603532697,4.4955369164529335,0.10031054689195729,0
12,66.04107455439043,30.373408197271196,4.711950527994934,0.31767311947286836,1
42,43.828281099544554,24.99431221057425,3.9246705952804004,0.8915064995650821,1
48,63.46312710224887,38.00198649444647,4.186068889402681,0.7657610241039212,1
29,53.69951568651659,37.05156153295323,5.76660691116421,0.2322116618922574,1
44,52.65838133878986,27.33227331307973,5.185343103366914,0.9535987193653255,1
5,45.53501796459312,38.91959303303742,4.847662453459799,0.622187934693105,1
16,55.34924053798994,29.97873951640029,5.0026228173151,0.1680494003175237,1
44,70.84500530290926,42.94694858694524,4.95443924342459,0.5723221424462392,1
18,59.7481131647052,30.723430652625183,4.790868895268356,0.4512768676639939,1
41,66.27680417874474,32.88096375164211,5.517104838707479,0.8196976747735639,1
34,76.64641821966275,36.999517205847795,5.443159985847926,0.34416002961191194,1
45,62.63755584822576,36.388166749039044,3.4282370267727846,0.8749783198369464,1
25,54.412004279376596,32.55366033067947,4.868437814090757,0.8119703864383112,1
4,64.6725221518279,29.29429840278082,3.494180600659235,0.6746034511599999,1
28,54.55703853685708,32.5706634999656,5.635577203455706,0.2586072223461734,1
36,54.955773167028305,25.919079140619424,5.767666556850283,0.970329576279778,1
19,44.80107200381015,30.760668594320578,4.389221102358304,0.5486667803021537,1
48,69.26257491084392,24.453462337510025,4.883241044665284,0.9075139783630292,1
20,56.139974243505606,21.095591799598495,2.888559702877754,0.21572989925019614,0
9,61.82098245815862,30.252133820697214,5.972789814092026,0.9833783020855587,1
4,49.64038071393361,36.31138945335836,5.709673740251402,0.8160592289447651,1
35,64.35947629715473,34.629023207980296,6.150085261737527,0.9492268834271147,1
5,52.38058761864916,29.590438521371958,6.4865441403371,0.21236573227498734,1
25,58.58291278298176,38.734948490877485,3.775890707023225,0.430658078582548,1
3,68.77826031239125,27.154693045767132,5.888044201638442,0.09763392183360764,1
38,67.9075931223253,20.410836691009884,6.47930444441846,0.13696960655912105,1
38,59.7796992748306,19.08949352899519,3.505422128970764,0.2839586635870015,0
49,42.31868967293282,24.094045297021417,4.828788788154286,0.9516256604732565,1
34,89.92810570060641,34.08312371631114,4.636598016770575,0.6671916811199773,1
0,77.45858970273136,26.82598658266307,5.855461864191498,0.3146323070668885,1
23,67.22674824888298,32.30479320928651,2.60605893365592,0.9545733188379749,1
35,52.46796218409029,38.23141691791989,6.815957696232195,0.7397314066170984,1
5,58.86407838298035,24.49951518711097,4.887462935805407,0.9069790132443114,1
40,54.56579570223483,32.39249865897945,5.916094402017146,0.9272207938390983,1
45,72.63855939096388,32.69481536327861,4.939762762308409,0.7507697499120816,1
43,62.62502890851834,25.696310057634484,5.4921250509796735,0.24313342979158603,1
30,52.158361416401675,36.771054626225414,2.67858174138385,0.996588955118974,1
19,55.29244900875218,28.561464722252616,4.6151176271992895,0.32509084006163647,1
23,71.21188142569905,28.081235095434952,5.847761211343679,0.6717057495677186,1
24,76.00097846820478,40.55806609208986,5.288732346713695,0.844811694957801,1
35,75.28331563486246,32.61383371183359,3.3631589072732426,0.17515099442465631,1
20,67.57032065053977,34.62645274842749,5.061424893876613,0.6090416799448086,1
29,57.47375131197363,36.774464657609194,4.181257674138495,0.3751727769282579,1
23,27.584861746708796,26.747630002703914,4.094580748826562,0.24428906963916364,0
43,62.97160023808222,36.249105485268394,3.4793057266832825,0.011771812756312006,1
41,59.981712411558995,27.49052942501165,5.61870262190713,0.8719740637979714,1
29,61.399820963213536,27.276883053308513,6.113014443935635,0.13588154722685541,1
21,60.53897347033207,28.64000013845932,7.120143134162845,0.8781171606848543,1
27,46.73737838050843,26.889675825275226,3.5259516082570714,0.6006905988084481,1
6,65.57408556851186,34.11078216328581,5.767372161226476,0.6210555545150412,1
34,66.32216314031851,31.336053275725277,5.833171370420908,0.8286517942575451,1
27,66.8233878205966,27.543877926914437,4.419495322781992,0.5094411466747806,1
13,69.46577003573387,33.37252516577411,4.082421614590669,0.3572845681343422,1
9,66.04051644921623,28.62408781306827,3.91425767903307,0.13880668399252027,1
15,55.899705884610896,28.359648148176618,4.472646756539785,0.5704153812081121,1
15,59.2916315208391,30.243419424507717,5.20262159585595,0.5531670542510789,1
30,60.911248672533766,32.317301778331085,6.360112010506812,0.29389648566728577,1
41,61.07699449106619,31.9492382468871,6.1053383380101165,0.6000569256534812,1
24,69.9821765597173,28.18375408873585,3.3845830557313374,0.43936688596836293,1
12,66.4366875302249,34.235556037197014,4.211156751399488,0.8055301539134709,1
5,80.77343439569952,28.888029244601718,6.299640374309471,0.5594862576265114,1
43,82.06468979884673,26.725077556956403,4.268907167404932,0.9336785863468288,1
8,60.79649582613925,22.659891756163244,4.943085836589824,0.5179829683849783,1
44,21.633444515406303,34.915892404995105,3.294711065385915,0.8874953031572362,0
35,72.36832466127267,30.06195038097004,6.153033415512948,0.5205251380141022,1
42,54.59623661012945,31.054361792552573,3.087251794148612,0.5580348036403331,1
19,51.98516078168993,35.229014578497576,3.357189419213381,0.36680799545558673,1
17,56.01554725010633,27.612968842010922,6.050817060836703,0.4001691234605622,1
42,55.533569531853935,23.128003757629358,6.920061679566557,0.9331014872916122,1
20,66.12269810105393,30.34890351107609,4.709388915275085,0.2232824019805375,1
3,44.405642208737746,31.539807760401477,4.953137188137175,0.12145772167282498,0
49,49.22279254208398,28.685754669198136,5.908279559782988,0.8302109118039409,1
32,63.431585541974165,37.36868789038085,5.2894478146973825,0.5769107997448797,1
26,66.22944030413308,17.569167161393217,4.626781820623336,0.28464731446147273,1
6,66.41541644936012,35.60028318949892,4.514546378614307,0.43240022028969294,1
5,52.12963721066701,33.95576825182113,3.4332020425150165,0.5249052267772668,1
14,50.2173435073376,32.2838538885023,5.2329417721202205,0.5921402568364347,1
17,54.93365166212081,13.320492252654518,4.908083177930524,0.8210510229384735,1
31,62.39872752284725,36.41944391635134,4.562153820887319,0.39435232745601545,1
10,74.8547736927255,24.867829446820572,3.998185204437611,0.6765031132264316,1
19,39.5256281422925,27.461540108083067,4.09946914670657,0.8347669737641406,1
23,57.79271243041634,29.147036676049655,5.6183769205067,0.8437734559580291,1
14,46.67321558974796,32.03709017325988,5.881663648409047,0.2542452050364242,1
47,43.477573226465104,33.19714021096275,4.672883843709383,0.3501730442501231,1
6,69.66956645344817,34.46420277159648,4.567520426753621,0.5949060342622143,1
20,65.44624574499339,34.07926755039258,4.146351953385796,0.8857723912469462,1
41,64.49433515947263,31.26463602106563,5.936820043574258,0.7904460866918956,1
25,69.21025839730993,32.079613295287956,5.030995769655907,0.5839629014162215,1
43,55.20281103233864,24.546231420888766,5.367900979327265,0.9837336306238439,1
13,55.673624836664715,26.24486596590489,5.358470130093463,0.4389872294234416,1
36,81.85730616722574,34.47730111837416,4.692298379466063,0.8424505711862469,1
20,57.534289457404256,34.18604743364341,3.8346399001565787,0.8184203799729463,1
17,67.35132113054091,33.6189970822221,4.00386684431408,0.9080383116702819,1
4,60.06381540963315,27.42791619171736,6.1278855326474515,0.9876783550252123,1
2,41.51741469921585,34.55246065971848,4.274315685149428,0.4956966975798289,1
22,39.553709961987316,24.19377773759821,4.589637680251649,0.19562964870339272,0
25,54.21015780060095,35.386799049311364,3.8656094646287897,0.4608953568281512,1
36,70.56101251669989,28.695645993770547,3.783933481073593,0.853884876985432,1
23,67.88291656636004,38.42085203170316,4.230835002971277,0.8361066342554314,1
48,69.14077164224034,22.392789539672577,6.688407184244459,0.33596990758680967,1
18,50.129538210636845,38.81702022959261,5.658037391192429,0.04730680695867373,1
24,76.15872490122314,28.19267835418269,4.473211128576377,0.5098420978262436,1
20,50.351066998136154,28.10260371994128,6.0828767945519955,0.4741009290788121,1
11,62.12824398669969,30.974194094927984,4.847701126703553,0.08576397777713163,1
40,59.89647710092263,26.514605435996515,6.3543400469918385,0.7948899557235948,1
32,58.261261796854136,29.638354993488466,7.211730350396213,0.2835902739385511,1
49,73.38592138295607,26.311868673645726,6.028161739266191,0.6457520921741139,1
3,52.9488947983404,26.494682345104064,5.094550955222577,0.10148786265499965,0
41,46.503947442880715,32.43442975150286,5.699309873516359,0.8607031729096029,1
6,60.199954862064196,25.49217252348242,5.015071219282212,0.7392745031551632,1
21,56.00173265713474,26.159028824972587,3.1640016360249574,0.3884227089786657,1
32,93.77382919082646,23.136043751267955,4.3453745857879555,0.6294889493232346,1
16,66.76507476439976,27.480346600193304,4.048408404346783,0.18745389268557477,1
23,55.90659424781376,36.55801014861961,4.323208958169127,0.9854224909589451,1
33,49.43888430812913,25.770331799485156,6.793671432639444,0.7961080420937187,1
27,41.19711589431215,26.341833674063793,6.122149742854658,0.788940003069027,1
42,49.74780914262567,30.969609732407676,5.440884801441647,0.15338021757787612,1
40,61.14941771759132,28.146017831002368,5.812342950451358,0.01773352489386215,1
38,74.27328651594769,41.14077216674825,3.107886514094144,0.5853713677696333,1
21,71.21689142387919,29.187360176618718,5.728183713089529,0.14412061183981095,1
48,62.2909483164638,31.67609173108686,5.939624316202168,0.780433456488845,1
16,56.76832334297515,34.71884392399661,2.760252812312717,0.41607614017824623,1
33,62.68812356412154,34.622889329314255,5.765236753779399,0.33859424898743173,1
5,54.81362002515424,31.166437907786896,3.5759263573329148,0.07364926246171055,1
45,77.18363995763876,29.194362566569993,3.0299946435539677,0.9960650799446216,1
5,58.1080981872492,40.12014268189628,6.326318216859578,0.9560107803868797,1
33,59.13662141753273,29.501198623428667,3.992950952387658,0.13159690780685107,1
0,37.841775749793314,27.791549477857597,4.2840532606156225,0.3328116041814918,0
9,58.04565153477236,26.770755058529907,5.989604542757346,0.39078753802460664,1
20,68.3648413796494,21.36598398646622,4.694761727747599,0.2968010781155954,1
4,49.32277422961455,34.108078761185816,4.819834626270918,0.9344685596548447,1
1,52.49279665507187,18.25965801449587,4.79791309356207,0.7213418290220848,1
21,67.92711017733664,29.971385795475395,5.347598770974786,0.955916405594065,1
47,45.23342776481947,28.975696828643073,4.773665583609324,0.8745054025240979,1
1,70.57801007541919,41.19982596115724,5.114126074359101,0.7545415194691729,1
9,54.67856109826898,20.84174385643187,4.496441874587294,0.6969671070798783,1
33,56.11431779508797,25.494483565078216,5.351819589879362,0.8661624909794813,1
15,48.76121594874406,29.319517706591753,5.313843031904567,0.6841498967914552,1
47,63.78046260427883,29.01235331265416,6.897885837684182,0.188719798981151,1
38,84.5987198502938,27.252277045949775,4.618749050326298,0.648126516428098,1
21,67.81497239460631,29.595060452989163,4.8158344821950205,0.5150016399485733,1
11,51.35714738059464,23.702186355651293,5.238824325937041,0.9818946770953266,1
23,71.35620585491476,31.785964394974695,5.96443564431472,0.5099655470658696,1
46,56.833204540657505,18.39257328961211,3.908414846822799,0.038454983151043676,0
39,73.7448498142756,29.871153220613714,5.103576521775068,0.26418951076564345,1
37,68.06676402164362,26.998216528682132,2.492173963944933,0.9173817604547656,1
9,30.568584345282666,35.081439713783176,4.728468083277605,0.9623563304466363,1
34,49.959203670449725,38.77655535316652,6.072727030099361,0.7284985766407713,1
48,69.4438522283539,28.34473915624821,4.273857563652681,0.0568638987869704,1
31,61.516572721450174,36.95362964570715,5.176837615285312,0.023541387746265796,1
6,49.762440522921494,28.419418596847947,4.471094425616398,0.47959500279910017,1
20,53.66410484506187,25.16936738435455,4.140597802266317,0.999672306560885,1
19,40.937633799106194,38.729518160928095,5.9714859982681014,0.8692967374994052,1
25,59.11626712473604,32.603882223670034,3.954741310154346,0.933107620881998,1
3,82.10689726015764,30.02219261304907,5.292965293863093,0.6235415049929195,1
45,68.04933390732326,33.435887375493245,5.3083516207661585,0.8591247282515013,1
21,81.90417001188423,31.371075175650837,4.148200482961376,0.3196983743971925,1
14,68.8239708978998,29.65390296029241,5.155685256957629,0.027364003451031405,1
39,70.27479343352692,23.36782586346002,4.065052162532023,0.9182506282226269,1
20,79.74078687745023,28.647316314193667,5.521791874909158,0.21843062464893248,1
14,63.772632593422266,33.11627711729236,3.685054285357106,0.7284863549412298,1
21,58.1277267849312,29.386142871565948,4.660394496808159,0.6589673148771538,1
27,70.32657516622012,34.51162880565193,4.7472283403421,0.15816354841965719,1
13,74.53840237121885,31.918275119333945,6.11295533821067,0.1957789965311465,1
26,55.20035357287791,25.609318409572964,5.140043071711892,0.32907248142979584,1
40,52.784309176599706,23.40414021083938,5.9550134901120595,0.7569306529485845,1
39,61.3885603243088,29.214107500349158,5.554691048489879,0.03924424469656673,1
27,68.31498866931662,27.37885775947706,5.548303000895759,0.40706874028856777,1
25,67.98091048661561,31.68160904810843,4.6680668097699325,0.6651132062885663,1
48,45.75832399812401,26.40931170618635,6.020905883524886,0.1714709459386331,0
1,79.11606067063322,26.923038371225616,4.643829590697997,0.11941727257763857,1
24,53.5883507060315,35.265348587974565,3.2701745200698924,0.3902122410622133,1
2,57.349350031114206,30.74101484313949,4.785212831533107,0.286559217861702,1
7,50.973456400121805,26.486364672863537,5.453476404644068,0.6490956642350989,1
43,86.98328835937087,30.0882090436751,3.393374281287187,0.9695685365212797,1
32,62.42070670287967,36.894556215008414,4.114897641279614,0.004468935929150097,1
41,51.490249193184354,31.468933441373615,3.769411559822644,0.902379912460559,1
34,68.63923549962446,32.964754047125645,5.786717104708964,0.43322303639049253,1
5,67.69135779310034,26.238827317362787,6.6728626370124955,0.6640077292676547,1
38,58.12272976420116,35.132096885673,4.790300845786784,0.8510270328448072,1
22,68.40606712783384,41.59051130231901,5.531530363068259,0.5734586611221243,1
24,51.747080391691355,26.042661787435733,5.5055193658997235,0.09731182719133791,0
49,55.070817250507474,24.090530128140053,6.553796946439961,0.14059517570820057,1
42,39.89783345433937,30.87771121917574,4.347447096047393,0.7892800423195212,1
18,46.76048915780437,34.37752524922205,4.780121035241676,0.2290982314442329,1
4,78.07630805670686,29.543051639748693,4.659231350575942,0.5690376161324339,1
10,76.41428627722314,24.733968019786687,5.075367240040263,0.42808051247877943,1
11,60.65788648648962,29.45707919109805,7.504316802116809,0.30363898280912816,1
9,76.62931447189837,32.99046136388727,5.030811115197313,0.7869675641223874,1
7,58.39925513391695,27.964840865269704,4.14528934739294,0.7312166522248189,1
23,57.56589697432092,33.03627508877461,3.845502773106881,0.6461088844716596,1
27,60.565106484655566,35.82355392619955,6.252645007313047,0.37267136842322524,1
40,58.750784046764345,31.201153128852237,4.140745496021921,0.22647032402128464,1
35,57.848036764398195,29.860261143608536,5.663586959199096,0.5158949509981398,1
36,71.43398107149552,34.14671962613141,4.320308670741372,0.8171041003287702,1
20,61.50135653956203,25.719495862813847,3.733307263416828,0.5756649703841941,1
7,67.12481764433805,25.226450831535388,5.605199600301821,0.9701396431949953,1
8,70.3138052527733,28.667138575355075,4.369255133236468,0.015437488062397309,1
46,63.881857956547336,27.540602725927663,5.4254256392388935,0.9983467813886229,1
14,50.29728674091761,25.983290123547622,5.499282940846044,0.6914090463586892,1
47,46.47134111035961,39.15234237499387,5.546265245012469,0.8326740171909984,1
45,61.48780634807305,40.85996604747146,4.731851316056813,0.3349523677674553,1
39,58.28743695175066,28.23147478872209,5.686183556504708,0.5083413280865555,1
17,60.87391428920122,30.458594748741827,4.077453671551917,0.7969892478843315,1
41,59.83945960751414,29.060785899681044,2.545909748935866,0.7606494723669865,1
19,85.83573660166567,35.53749620059078,5.706892173120108,0.3340344288792759,1
5,46.69773744358662,36.52822780920023,5.1655905048374695,0.32441023502380295,1
11,40.10053730178875,21.113681006551765,4.389921755986029,0.6628112029121311,0
1,63.3237683351961,32.38005400032813,3.528847238024955,0.9336591814719946,1
6,56.235774454118044,23.46589329419426,2.963421701164657,0.43878599067413004,1
15,63.16067869729951,38.79136078937639,5.051743348208972,0.352941799309216,1
2,65.83883022284002,32.20124015105199,6.648785965729952,0.8946870362361818,1
44,72.84104695178897,25.88325230818682,4.86144258356902,0.6830560614565807,1
2,44.92774179616062,28.793393060310734,4.638664613308455,0.3882759797060824,1
26,54.43282102142837,28.555113708669207,4.975632157504157,0.05727623084779454,1
49,64.28761258880763,32.625564714429075,7.17920511190877,0.7214892720477849,1
42,67.70463595687227,35.20956302088739,5.751904226653133,0.35288649069038003,1
39,81.93449550288386,24.25896354014145,4.066424748299611,0.07056619777235973,1
37,69.55703971113867,39.19377250456057,5.028103903902103,0.6122890872463768,1
32,59.432114041137226,38.02845053910421,5.332436911154941,0.3230068704938438,1
27,51.09564247057338,25.623382162044773,3.943661133421155,0.3384565083105294,0
0,54.35710147280981,30.364008971811547,5.7591366223425595,0.4791701307478927,1
7,54.072971770428936,38.55404272057158,4.1821912028556465,0.7174747673284549,1
36,66.55233628513761,36.16459293338742,3.489054232659929,0.27633047763629415,1
31,62.56997445585831,28.31628484976052,5.076133553839778,0.08094591577890098,1
47,46.763504291578215,34.071699072839365,4.9178441405096445,0.4244257214395062,1
42,55.64098530909567,44.98599145859569,4.9989780977973055,0.05492542311639437,1
36,68.77547553451421,30.52579990925606,4.235355382337212,0.6972685098922164,1
3,63.516623549740586,26.836758742799905,4.374887382128959,0.9592434679225742,1
29,65.6864461601277,30.862099260456997,6.128446660369111,0.6587588076481317,1
5,63.82921710057263,31.23276047748659,5.441085615000748,0.2753904497508536,1
45,76.2643073460886,27.37731630499951,4.043253923422715,0.18170238753760348,1
18,62.3604306382437,32.20812533907109,3.0493031055798925,0.23278357130008986,1
31,56.13977202129302,23.727994701362494,4.08558359788779,0.22161000316812152,0
8,50.842449588664394,26.672330664956604,5.157299072160191,0.3138305060445157,1
11,62.496094582097115,33.79122388077399,4.3680682816455585,0.0973466781281449,1
10,35.59295985224916,21.225645742288744,4.290349794823179,0.8957190576464352,0
45,58.15710998167288,34.51583795997388,4.410839561069337,0.8851204953295078,1
15,57.94160140078656,19.940093171471485,4.927292437263712,0.615236253568195,1
0,46.35529146382719,21.343377105618423,5.784627912958348,0.06192036687302516,0
44,50.71734161344004,27.505106284720572,4.999580796054307,0.8040007407217661,1
20,68.09657530148242,31.434319214096753,5.061937021517651,0.06178858373824536,1
29,62.307117490749626,36.62631801563694,4.77513963611718,0.10642122376313179,1
12,61.01788333707327,30.288113815797978,4.500643167845261,0.3252963926442701,1
33,63.06347533932023,28.76723196212005,5.89424087131993,0.4314703176655602,1
3,60.92627587948923,32.89790623992402,5.742402067844196,0.35388895671531917,1
27,72.42862562858315,25.64550589766033,7.0452799176660506,0.16522978097836394,1
37,61.234291817036485,30.697075796732033,5.610564298389253,0.11212971768177415,1
30,45.417868861812494,24.0027687102232,4.501585678192537,0.8594152267044165,1
26,76.3012996487441,30.412952584377067,4.095348690889811,0.36318122595192803,1
4,63.70340267328846,29.350818370752982,5.9529452607116164,0.21859937811150854,1
24,54.107462692049324,25.978660392752914,4.18501311568989,0.48699135662337545,1
2,47.46598281704981,30.825203182688696,5.809736686522071,0.036823400537951745,0
32,63.959142209580456,30.792748265798213,4.240086006107386,0.6002811823322504,1
3,58.828279950256245,35.877270061695675,5.34915838378728,0.2484895868495981,1
24,75.7414678603241,21.97183298468606,3.9402487851336376,0.5981964141313244,1
19,56.54092719333172,29.61975546151479,5.779885354332081,0.614125164445869,1
33,51.62619210317533,26.198688001482605,3.766328344490751,0.8092241913586461,1
25,68.95796218235928,34.34881029088146,5.272957329506702,0.22990475560947388,1
4,69.2528189271683,33.76956032596067,4.802160065772989,0.4634646386192802,1
34,61.68651367610195,32.539399225343104,5.1018064372262595,0.9618873381917876,1
27,66.76357047674908,26.480833709652686,4.604196165838366,0.7271248440846201,1
28,59.623128792577624,34.42735291470048,4.580740052629009,0.9753438080175584,1
8,62.33865101009247,22.34934535628334,5.154781204009772,0.9273657130771039,1
37,71.64990882563923,21.323446482036143,3.997861621910148,0.610748596806432,1
49,66.25318334021503,23.62064500049038,3.9919779383333234,0.2639303558821434,1
5,58.30725561667375,29.83262594836547,4.6414505003615885,0.7569241566624166,1
18,73.52362545926151,33.37582200494147,4.602529860280993,0.6981192458122928,1
43,36.35144627208488,15.119837629952377,3.9946035361956254,0.5888901203573977,0
10,80.52073311421935,36.61371415939893,5.924214692914664,0.697829228491301,1
1,42.940409051092644,30.655560980892172,4.665526581568395,0.613586414545251,1
46,53.72907175227704,22.161138262051125,4.773337797003888,0.5193790230728464,1
43,59.590824648049306,30.504734851447907,3.6724716740304535,0.4159554816833432,1
43,58.53519329271839,35.4626270733921,7.071635854612119,0.04470837457744048,1
8,70.06411040026555,32.997205076531294,7.4270673955549125,0.8656879191031811,1
20,49.42163381389766,35.49536531276983,4.219601421595652,0.8655405825997458,1
23,62.607668174830636,23.168766853014446,6.226086381169098,0.5940473199689221,1
33,54.21787901780246,27.92997382430798,4.90818661626241,0.2678843051581541,1
21,62.95140979337417,25.37653884738234,6.603769592813106,0.02813104403889244,1
2,59.35227740202124,38.58790102522159,5.336233086400386,0.001428804166974218,1
11,60.92935652682978,33.19681421743315,5.099762168767399,0.07290738972253885,1
27,54.50075167535654,44.23504794478821,2.500730460381418,0.359886326351165,1
29,54.899360499039176,27.661952332913863,4.121394026573316,0.18839594599707776,1
25,62.87272514027427,26.376628941588475,5.0205206695749425,0.26505808563752353,1
47,69.43715505756045,29.28586680702425,5.198666252703979,0.699660377304932,1
20,54.01720665802152,36.89178610711274,3.7851662860626156,0.9591497743591576,1
27,51.3123245542709,28.169401553123265,4.271228471323721,0.2067758430200325,0
25,66.13460165671837,30.622187989534723,5.55344701725082,0.4656439341364895,1
32,59.674961069423105,30.483453514434096,3.6167892702666427,0.9914794014994103,1
20,68.30498133985952,30.197483806010947,5.1337297237235395,0.9316743982341787,1
34,50.94202786628853,26.73800769768761,6.2379535314890555,0.3523163030292312,1
33,42.205610745765696,29.313544660448166,5.385469629111821,0.3196890467980832,0
40,54.66995918173666,29.09948699324321,5.335486743165977,0.242170640337248,1
46,52.33647390734984,29.962176701626753,2.9798485508222363,0.15540284982908892,0
17,59.212115999197,34.71758409076354,4.178087223582104,0.4600520791287783,1
10,53.631547857296106,38.803140173122465,7.054201833591041,0.34112051340674754,1
22,67.4101695133645,25.797826186651466,4.400838082454068,0.7448375938703949,1
47,57.11849737577484,28.040031876061423,6.264476209547068,0.2368665038305111,1
21,61.50474498773901,25.874940507969068,4.3891591106437176,0.7363322390200491,1
16,61.57634558440944,30.935507686111364,4.7221794984905365,0.2881465859819744,1
4,61.94955092412187,27.308252712445118,5.515586845353519,0.5927287846475592,1
43,59.75870889545027,31.198984168709945,5.100693015994009,0.6384300963947311,1
10,65.10600690410314,35.518134552223934,5.38151245100108,0.6717814255003328,1
29,52.04344866174193,17.370841570976957,4.181609745273013,0.17533898603726172,0
14,73.99417926653884,32.45889944800346,3.863729810531243,0.2827113697216943,1
26,57.634626166314646,27.699064755510605,4.114128385609499,0.2461156854052332,1
34,46.88450862101318,32.30211133992194,4.467681858537634,0.5761604110154803,1
32,61.88073356991773,25.517652811248997,4.770718617942589,0.07574640227136686,1
19,51.48819517552515,35.981304941534376,6.03727538063982,0.5182564499608501,1
15,66.65334534508875,34.56640309020142,5.087341456025048,0.0874670556430418,1
33,82.09605576042378,32.84176074271321,5.484597102508585,0.3370559899331138,1
1,52.1342790844215,33.96612858905049,5.141601012580132,0.6867060929511154,1
34,63.32372333223985,26.271897664139132,3.8845657464712238,0.41256405501176874,1
39,42.44494411295372,26.90188122655355,5.017269526005649,0.2803418393822278,0
27,64.53905229441347,33.762181004087395,5.130782110191536,0.6158571758990344,1
46,51.1428620020031,26.16135428615694,5.759923221341308,0.7402691124821116,1
38,53.751653815655175,37.228175233290436,3.931411930356535,0.25458493477259625,1
5,48.98713510160172,28.382044643594842,2.9595891348516394,0.2993999010958772,0
8,67.32151226054735,32.50947194930311,5.176263815170497,0.6402939169510861,1
19,70.07304357473262,40.49624759627545,5.3538500015883805,0.9652232601805852,1
0,60.23385214658508,26.468883229659617,4.820615193682952,0.21387153666977565,1
7,51.3557329466428,30.343808754223915,5.028020900726791,0.6542476357112096,1
22,75.89523036103863,35.270915823186535,5.878772378582805,0.9065898410683881,1
2,52.49589872245344,34.756386944382655,4.541194423472491,0.4619667650443613,1
3,38.37967700072561,28.36092344880321,4.7213591578414205,0.3168442264953246,0
24,64.58389009957068,27.41634781239073,5.079036444613832,0.6668710652065414,1
46,48.952253263584836,28.83432033727474,3.7801853208306575,0.03143180648078625,0
37,69.88608793499175,37.23928883075682,4.848102774952245,0.36016055053337404,1
14,56.18862303326581,28.604470718200268,4.936256682665794,0.25797402681711357,1
20,66.03713240544197,30.390578462417324,6.6370422143202745,0.22462170277842797,1
34,74.01500346552157,27.866067645382874,4.70188434237154,0.17975926352696325,1
45,47.91141135379278,33.527742823979935,5.200011239944467,0.7370633015859539,1
13,54.34062869107595,30.777625187918282,5.918617605389742,0.9550997953259643,1
35,59.24328927342937,24.982830946208857,4.1625152746895715,0.38477064532194283,1
11,75.37551319034344,25.155879429825028,6.375740386876166,0.04910330690804099,1
16,53.41617282059555,20.006972167222465,6.763870232057278,0.7189118136725778,1
38,54.054963040509925,25.843392954371918,4.971103712351325,0.5382043344635895,1
8,64.78140575555808,33.96972901816086,4.46057393854062,0.723644613845808,1
34,54.22771274289429,36.61880269006134,6.627119424390388,0.6479041641989064,1
12,61.52525882897616,33.42779181608592,5.7956308727681485,0.9054359809634767,1
14,44.48462579031873,32.773161003203406,5.081969204663836,0.14044019272691743,1
17,82.14329942556597,29.36736975235675,6.426843819615702,0.16916184525974154,1
32,46.52290769690597,33.874572774569934,6.32099218854932,0.34156922402313705,1
5,56.78247296009792,31.431391115409422,4.663743046041777,0.49138881599745277,1
26,59.67518964157905,39.022244859935626,5.2487298532991495,0.9257137810077208,1
22,79.12688134356796,29.50777342911626,5.576792487925957,0.9069642293499606,1
26,46.751542190672595,36.71504041868066,5.028730029887852,0.8718721192693771,1
33,79.83704135478752,34.3705704090893,3.6091294090957193,0.2225269339435919,1
45,67.57176821102023,33.677216431020796,4.061740496301754,0.7296763772136856,1
37,64.17095324423246,19.9425433726909,3.6417372145397726,0.3834917440904594,1
13,50.153663129820444,34.64594780773855,5.492924303024004,0.9311829275410803,1
35,65.71141242038074,29.362460105454232,3.8156476828762558,0.2145358363785571,1
7,52.765133775802,27.78036752782554,5.19241807081743,0.1412579532039594,1
34,72.66661253198413,22.585434794110434,6.831903826275157,0.8423851746335128,1
18,50.28937970892267,29.972064330159085,6.427770184912147,0.7169075951190083,1
29,58.86841505543916,30.167757984091214,3.1625833530660215,0.8214216782238299,1
13,54.44726911986828,23.48499039092598,3.721298529228994,0.15794338767812766,0
19,50.12477037573005,22.63359913553154,4.223483575820142,0.884792687749463,1
48,67.41319816907914,32.433097400640555,3.830976310780632,0.6776203566471365,1
24,65.35458747409633,34.358525655306885,3.3461856226782665,0.6515608028985767,1
39,72.09010198900997,30.95141454961211,4.989159660274759,0.5825838630980549,1
23,42.20124891791833,35.754173248421814,5.705100549416564,0.7648764855911764,1
13,70.64170702341043,29.568075078242508,5.954034038722887,0.4156083138806236,1
25,85.05448905356894,29.72824362799899,4.525523829256191,0.13282124593316724,1
37,55.48358910823053,25.414859856296047,4.728096299684409,0.5392648664941966,1
22,78.9514861210897,22.198790112231414,5.355677245124755,0.7481019577735623,1
21,57.36838727940173,39.27331066929793,4.891514438160851,0.15364745288766013,1
47,46.27590262438693,35.65649525124873,5.810606776095802,0.2240206676112021,1
18,56.94367557593205,23.037437164307608,5.430364862834513,0.6965456220661786,1
45,70.48203967675276,30.778759539156404,4.623695576485971,0.26965093409728214,1
2,51.618235176684685,29.499768444481667,3.1433636883465566,0.16994086058660096,0
41,53.99661340993513,28.630037634184784,6.499031605481994,0.8893920773052985,1
18,65.93539432293191,27.9549107609253,4.313917710555678,0.1608953560541556,1
8,60.030601167385726,31.906345734839896,5.35755864573026,0.34414857904734264,1
27,65.84622952486741,34.09087762735737,3.0834083312809026,0.42843029239854435,1
19,62.37829540758336,32.011955845141024,4.988683416614196,0.4761399855903964,1
44,64.79625319551573,29.397408128104033,5.100261960862199,0.36130992582048616,1
6,55.67698814190459,29.2138664155444,5.1486020725476624,0.9125384993991307,1
13,62.31730942030393,34.684071584613335,8.013793282717996,0.6586252211762547,1
8,50.72626994304066,32.31722469058031,4.3688816262065675,0.3594946492227026,1
18,72.88433622503389,30.363447315177165,5.820664226956692,0.35771971953761994,1
46,53.65725283182687,29.820493511999462,5.523232452209378,0.5029524991847476,1
13,71.28847487549389,31.726352548061445,4.321361007332413,0.03366320416963331,1
37,57.663930390171345,27.658256557202755,5.8056694031809295,0.9266428388329596,1
35,62.019990107573214,34.10769408654105,4.835679063069198,0.22330937771404225,1
39,55.050354491092996,24.620707190810666,5.875243217576719,0.6975925656888866,1
16,49.840045688319705,27.942717451167592,6.960962623421715,0.7777227470057301,1
29,42.552396123946984,33.05553047723012,5.1507988906341,0.8273830151873094,1
8,49.446758414075404,24.335585933228636,4.718874770931549,0.1656423098675096,0
32,56.760911467840785,22.1349572867525,6.051556183810413,0.5366930697557386,1
24,62.11879178828884,30.3153883771462,6.3966531659343415,0.08367436213987012,1
13,70.10379313283264,21.517709227767646,4.11674246060795,0.8047923453135554,1
10,55.54242540203151,23.50598222974069,4.547042910461925,0.48645153395839047,1
34,51.18039235732826,33.78297059253216,5.675423271841262,0.15848905892347775,1
40,45.57285213997287,28.97607371197132,4.8679679895852805,0.7186789456080637,1
13,64.80063617904104,36.427434748544925,4.045667987013213,0.33116984875197786,1
29,73.83194515329343,23.975928295312727,5.540694827895395,0.11450660376010757,1
40,72.66330267956289,29.53023817183858,5.671489715706772,0.4610738249936476,1
3,67.09932748147237,31.997922766038798,4.665614244103025,0.23524659870971476,1
3,66.38543317267599,24.147425349355455,5.061348765331236,0.9502218357374423,1
27,76.9762377970934,35.158809522498125,4.423426931053881,0.3613616578067773,1
7,63.32081461416811,32.5533944158302,3.9047625740880276,0.5724529051465,1
1,66.46129676024171,21.953564566562832,4.502935393371813,0.9483609984570618,1
40,56.79216138148001,29.811291018956997,5.073932350175907,0.3937211865679606,1
45,46.37956629145243,31.929783681293163,3.5249107785307037,0.3581268737759554,1
21,53.161510995004235,27.04971663235971,4.575987068747841,0.16240564039327599,0
40,59.90840961465345,22.600675472455933,5.087830130592739,0.9383035645657652,1
15,60.60785372501303,31.39229394723705,6.194659910124868,0.8007447783462386,1
28,79.26285854855394,41.05621475141281,4.687407645199468,0.2210109890218921,1
48,60.81277167591069,28.065079504211546,3.754097649890778,0.3326744277483319,1
47,71.78843444025644,37.84620590642354,4.790339987302271,0.9149117780819513,1
29,55.64922758423684,26.238555891192657,4.43343069590991,0.537279595807825,1
11,56.88324114234766,31.07772817504976,5.552178555057363,0.5563342866058799,1
34,46.70992362776552,33.857612654380596,4.662094673637771,0.6481444819513794,1
10,52.57671987123428,29.957931670143175,2.2894333784207292,0.7621638179077981,1
45,65.26981391363753,28.511321755593844,8.691624501197804,0.9392855456643299,1
49,60.07560180394133,33.63063760675187,5.14236329159093,0.802225073470025,1
20,69.42938619897234,39.457275576346106,5.089191510308579,0.9345491984640214,1
20,61.8125394834505,31.502934623195657,3.458590028002968,0.8206097581522359,1
4,56.47546268362258,27.419699117348262,3.535430734038388,0.04643406061466637,0
47,81.48296863786959,29.051242213701585,4.908051042326968,0.11753462053694197,1
19,59.06096431286953,42.59853822822687,5.33617133231164,0.884892925646334,1
36,71.63000969705304,30.674535581690638,5.702114139176752,0.027696449045257032,1
2,55.98790793455322,27.027931507110136,5.23743765731826,0.7941746488199306,1
43,67.09599479383567,24.2746604175873,3.8140577968318654,0.8498437319035123,1
32,69.28015659151687,20.87049452943697,2.495533390919951,0.4154645620824524,1
8,62.08491970575581,31.81792136923095,4.899777650621795,0.35485475282321977,1
8,36.45517077303398,33.273209964122515,4.466025329390872,0.19440421911804961,0
3,60.18252460856113,28.016519100173966,3.737428275887715,0.04891887166236297,1
34,72.30460047759975,29.92514790984523,5.828058224105626,0.7453829563109936,1
16,65.27480833027731,24.14769145355688,3.424423250820012,0.07372708444738663,1
33,64.45838875229246,30.664642324137507,5.616968839456582,0.9446696280089208,1
23,42.77743066042481,32.40747660283562,3.5898620249825184,0.2967434627750619,0
31,52.79544929324941,27.32417866416181,5.134088685583331,0.7942443175942318,1
0,64.1135763115144,38.4522633479292,5.933974322018622,0.0596826510368107,1
7,64.10383276786892,25.81446836626544,4.662066684397726,0.536278684651872,1
44,72.14666780132903,31.41738302009491,6.689919834506822,0.349099537090549,1
22,58.55133244853906,34.24158609852303,6.9178863255935035,0.03000110517813681,1
46,64.05824086673815,29.61355249925309,5.237175000019655,0.6557993544091716,1
39,60.16374241931294,29.05761590552754,5.541385370590273,0.9431627209084948,1
11,50.13057263498443,22.85566924775169,6.060708866316519,0.010752767203065727,0
11,37.44208668905252,36.78670747858142,5.544426372485489,0.2704369261802404,1
45,64.31009692130077,29.15053399166202,5.437243217598544,0.7036057426975649,1
46,61.73947208412811,32.686827124674124,4.475930597223912,0.8712537240416298,1
14,53.81824957899831,33.363602439300706,3.312643824822288,0.19077917350007811,1
40,43.80826943484135,26.858507539911233,3.609904586750523,0.07071678453876884,0
18,66.29739514408737,29.012356978543927,7.382367358761519,0.008641400337070837,1
25,57.34079925804448,36.67241175371752,5.322458957805001,0.2152064216561842,1
28,65.56874722368146,24.414011671297775,4.754316518608668,0.07131729205424753,1
21,78.64048530411759,40.639590373786284,6.26332725911791,0.35938208910259795,1
39,38.585691196802955,26.275636073618628,4.25054202713817,0.44012577495384686,0
20,53.00399191297636,24.102412716797442,5.583108267413188,0.4799238058822062,1
37,57.90624386688087,30.661545103442673,5.0771920335600385,0.1423293102446076,1
19,74.5482617414665,41.041741321699355,5.460027501103602,0.4639880488265895,1
28,43.635969807935155,20.445170322038976,4.663590130706143,0.009051641755863038,0
3,79.35861025680605,29.294921407551538,4.03530569270962,0.23942108812204566,1
6,61.358559015662905,32.38132508628278,4.177128926860358,0.3690860493093199,1
27,59.039993382661415,30.168249792677656,4.216115797739703,0.1183515759435666,1
27,58.01940236781093,31.90960835001505,4.997029687677844,0.8140045973173174,1
3,55.63736967819971,26.40983458913863,3.4438648195260573,0.20121239230815413,0
21,70.48116759269155,27.001390770343093,3.752571384977907,0.7548897116462678,1
11,49.314792459175614,29.257886764204002,5.135524297529202,0.4738930394558275,1
44,63.454141816438536,24.350559560486246,4.872324955586085,0.4797430931451644,1
2,56.15818334293024,29.776567992799052,5.190231534256698,0.6451943361056267,1
21,52.37866551485902,28.056273531642493,4.954956465666891,0.04427771163299876,0
43,85.85975175683896,27.649774074225657,7.5189502068882135,0.07875934000014284,1
1,64.1905073475346,31.602532062993188,5.126738433990873,0.3268434897725141,1
23,66.13265544661144,20.89670253400348,4.6209203505127245,0.4168225005017222,1
33,71.37776780668662,28.85454948308423,5.10113178536151,0.4299407971948197,1
26,45.78650054681453,41.586768828074305,6.01995504251033,0.676887130825468,1
40,77.52291909122032,24.569451568371875,4.950371610622535,0.0007050118361522362,1
0,34.910428215049244,36.42750248242207,5.684728358636246,0.9591050920796886,1
7,52.312335899614794,30.273280604563492,5.396045964402216,0.17448741097694487,1
22,55.409683268211,26.98521095559291,4.709584423157356,0.24863167630523675,1
37,65.81723364970506,23.396791702350967,5.110875798881952,0.9056271845251634,1
5,62.18718266141488,30.69840982642616,6.598922114192076,0.005491400869552243,1
21,58.331852593016066,37.26698552907338,5.243078295037964,0.9913060815589539,1
24,59.880026553722765,28.05394427401618,4.0139789758289295,0.03595733562710335,1
17,50.21976976477432,29.595192876316133,4.680489572867125,0.12054551949355963,0
16,45.02767605515827,35.05185425095166,2.8857527502671947,0.24010671254888816,1
11,67.26511622336061,31.704353956731403,5.13739870675288,0.4387216401129074,1
5,66.93706112536185,22.138621101377108,6.312062343782814,0.5184515337155923,1
25,75.84494375157058,30.494436079275918,3.6585942318661457,0.10471847116866473,1
26,52.09982903184792,37.561174553327994,5.149732734508049,0.07367389862102891,1
7,66.92815210300923,29.81529406766251,5.985431805869286,0.03185903640576804,1
18,57.162932716352685,16.292552852613117,6.0911386331964845,0.25675070067420314,0
41,71.90474985193482,31.941074957955365,6.279801172275831,0.9215329735952424,1
0,70.21962776678141,29.00771780227982,3.1317461686544963,0.3898425188879031,1
28,62.11209399224457,20.854527930393914,5.50493095461181,0.7640073920945493,1
44,56.60469843334013,21.60395954973108,3.4944348149053948,0.19018819453895075,0
48,69.60932178608262,34.87553571644404,4.001667863427529,0.06467922572660423,1
34,66.46904523256566,26.3380862720246,5.821122259608506,0.5542797884836628,1
39,53.15559597913818,25.46251809632004,5.158047121851617,0.8220924003705019,1
13,46.72201326520569,29.821807195341655,5.726336074239374,0.898459916663545,1
34,57.11467099318204,26.778985008400305,4.070883395198302,0.5462046035351009,1
47,75.1541381534821,30.500243138888727,6.473603110162877,0.294032284031031,1
44,71.46487158733038,28.98639985281665,5.688333933841051,0.10951174523726082,1
19,48.876725303294194,24.000022099531783,5.88929811929346,0.6678228542386297,1
48,48.32242584100079,27.444011007193076,3.919833223884864,0.2804368171180852,0
12,72.74683849679487,32.21376660654552,6.171401240212618,0.8439624244481976,1
37,48.643640952421705,30.209590201193127,4.683838423359597,0.605121118453288,1
48,65.09295323642007,29.590287588040844,4.388773729854609,0.8588785633547259,1
45,53.839287846636765,39.68692120589692,5.625463540045661,0.5666530100051513,1
48,76.17044924521683,33.65518762692768,5.583211774787939,0.7717423627044433,1
7,52.295752008621214,34.262206324106714,4.153181152242662,0.29430515091109866,1
42,71.43361530205829,29.170157961025375,7.05630101019252,0.5030587903825815,1
19,61.84858654060365,31.100725951756374,6.814350576389774,0.01940637290290992,1
32,62.52194854234287,27.844500052371536,5.605035140811769,0.6078317433235556,1
25,40.29691418648599,33.88774882762064,5.430403422731688,0.5337393475604532,1
38,37.97086646794281,29.44800047950478,5.329786226260296,0.7552823224302032,1
20,57.79434059732686,31.11188874465278,3.4500033739813283,0.7289559654860657,1
48,62.46906063416612,30.80305651077584,5.112807387921463,0.6276170018349079,1
41,48.74802172262277,29.909165592972727,5.099541581895748,0.05668541362086732,0
42,49.11306589523658,44.69094033577885,4.423988313761619,0.9030097072610772,1
40,65.61472629826133,26.666903612526387,4.690650827998415,0.018019190907296867,1
8,65.6285448045713,26.62144234920654,2.618707605284527,0.8032676604225611,1
23,58.62258939612073,33.47048373405878,3.9027270698750085,0.47934635126746983,1
36,67.80201721186074,27.024155004624106,5.92182629150729,0.8179935628896298,1
48,48.25797704279854,28.542968193255533,6.731196901639361,0.46506987371269193,1
40,56.44065082913029,24.56794523322191,4.056619314704229,0.646937805071814,1
16,76.47877605783674,32.45778959701293,5.182848654975939,0.36326550578199623,1
23,60.68322129939818,32.521286222420756,6.098382329397317,0.7436787361363288,1
20,61.26312514586999,28.424039700382778,4.479784974105246,0.25417617511449775,1
38,83.0594658596774,33.574083442400365,5.676248177234616,0.7193559118751524,1
40,46.006578341512295,20.709374931332043,4.96621030441984,0.19338265107721497,0
38,67.9643036664211,26.465732992428283,6.190401988425349,0.7221676836727254,1
12,76.639862798081,29.150104068945346,3.717549260331377,0.29367130524216745,1
10,56.75142073501454,24.138587515485234,3.8954233712323467,0.2786317720487361,1
45,68.59630786854846,21.25643481290639,5.2795391689428115,0.8114939374786067,1
18,50.17980502789095,28.460520174807765,5.096206099900437,0.8136926366900664,1
10,53.13267604432649,33.470100435303706,4.94367610350667,0.6914023695253565,1
12,63.849664160476344,36.41054195713256,5.575834160204483,0.9239086307574367,1
45,67.98566673110591,27.263560583973135,4.069350435442264,0.15619369334506727,1
44,71.20936512406246,33.66607918810797,3.6305643883785716,0.26932132021310407,1
0,75.69628586939493,33.18271019037834,4.4998918919712745,0.29401408662010176,1
39,59.32553441444818,36.093040871672486,4.611721441301901,0.3052863374010121,1
43,71.93611755172589,28.249044848229993,4.716252818942089,0.32803198388430366,1
18,56.57695156550851,21.00749752407663,6.2690457113538764,0.6970091771193366,1
11,69.02091311588268,30.350929262113723,5.770417246799209,0.270758143325339,1
7,62.074887978521815,24.931031295151385,5.5332398691554285,0.28592215485048145,1
7,64.45677907081924,26.382474454689962,5.221999594629311,0.5704145835159514,1
44,64.23507874022037,28.49390427973409,4.565811544284445,0.1933588550642822,1
11,43.95294990202188,28.305361843254286,4.146054843216555,0.36488750654712254,0
47,48.75878141139226,30.70779633447897,3.802842579307979,0.05794038861610584,0
32,61.02541439817522,33.515781582098086,4.305493149529324,0.952547108063007,1
44,43.127209203588315,28.161322083620167,4.957078011639012,0.31730767709823626,0
25,68.31211103199756,31.978487533040024,3.8450157998173333,0.8500421335810859,1
38,68.71555966288142,30.074080049652526,5.169519757736609,0.5299455940699983,1
27,63.2717055287779,34.67747197939222,4.805561872764355,0.22821215728770217,1
4,48.78865987242078,29.057040744468416,4.602701588456798,0.19342757400289878,0
7,73.80138938868515,29.60536662112722,6.161532901211637,0.6949607448830142,1
24,80.37210639718359,28.127997760005467,2.5393813777772687,0.9648688076336419,1
26,61.470768274459736,29.188757300207524,4.61627045471507,0.1830697205291727,1
45,65.10535378451236,26.08255935827063,2.647562554370522,0.11542121669674532,1
22,62.01738654796044,25.587013569282433,5.238562672929443,0.3870993454099304,1
29,65.30369188998799,33.87882692641362,5.7621815831989265,0.39381054694527584,1
44,58.80441243373604,24.583991584076994,3.6488937957861984,0.8062529736919526,1
46,59.65435760156197,28.404409551510483,3.77694241610861,0.4688892944829556,1
22,69.05717600497366,35.07671393135498,3.3017001682895444,0.06246118835230863,1
48,83.45624161896441,28.236496024981964,5.063641992713168,0.9206676917076997,1
46,45.99928765598261,34.14370226842787,4.6592117237959725,0.3731878935505788,1
19,58.96187515597033,27.044771396365793,4.721345269608406,0.6685317304942029,1
17,48.19539514767918,24.74418196824903,4.632028360514118,0.6674882715551651,1
17,75.92024898576084,22.025870725495896,4.026400935632061,0.056342078572621745,1
1,54.12262030680102,36.56362034636331,6.131874023896037,0.0036046591572902464,1
3,45.56799206214206,24.315644091827924,5.272340680131627,0.08803702834417704,0
29,66.38186998848573,33.73593295062547,3.815336463222396,0.9565311329651273,1
32,77.44311114743111,25.00026486603309,4.299453184167499,0.7939929490436125,1
35,66.63597868560763,36.58691958969911,4.1279312255325245,0.13201227672541005,1
17,62.04797877281917,41.033913623075506,6.405927903473062,0.6148698648988196,1
36,64.09140922775994,21.567349701548316,5.7112192726828654,0.6119737505092919,1
18,74.14840662825554,24.57621782920593,4.8735105430774475,0.0005590939029246345,1
46,51.258007299858505,33.865659319016125,6.707221184953859,0.4290642684911974,1
27,58.88152895913687,32.565214616829074,6.452043595199184,0.711775470601778,1
39,55.47309851490466,33.88460927380096,4.76928910585823,0.18679284711737176,1
19,48.3213469270829,27.13122224797812,4.5894346778761905,0.850903831994703,1
48,56.71624740583198,39.93767080511684,4.637636044102651,0.6603048940993314,1
32,71.07721095982448,30.590247333448872,4.0472534040310695,0.006924297064552443,1
11,65.66602148392725,23.915187115782402,6.733974448467163,0.8549141801113586,1
14,66.443105001082,28.734257499785276,3.9935874969411227,0.01940002952160247,1
40,61.46475611653318,23.982165518855837,5.86830431542744,0.8879288041598556,1
38,65.23323782728589,37.95470679277052,5.6905431309088295,0.3337188575698672,1
1,51.99409657651894,26.69834368599942,4.695134021776434,0.6986502552219784,1
28,56.90490114072771,32.46241742372311,6.81004510366445,0.7874309687117402,1
40,61.92004236968677,27.6466342750891,3.4409036789184717,0.2812688199572738,1
9,62.775158588818904,26.923063451187435,4.92030869902111,0.3564368334069763,1
1,63.20187854921873,20.448729093594746,4.510959835059496,0.5095417433223326,1
10,58.61664717983622,32.99087301495283,5.960593150270853,0.5826915317979084,1
12,56.2257659886967,36.49590626314592,5.3535658643751685,0.2920419060771723,1
9,91.57771283044298,25.42016209317424,3.2727048213335075,0.9923953688452658,1
13,69.067872729324,22.273854425006643,6.239479443746453,0.7370046732222719,1
17,64.13147475952623,34.016580213689146,5.485461722924567,0.27415200982002885,1
8,57.66791501793606,21.768793254468747,3.9645081380370693,0.6404321912676806,1
38,55.48781173056123,36.09766467974129,4.650320895213607,0.43537120114261485,1
27,58.691994062730444,25.4780243852269,3.700115085027918,0.8603288915450646,1
2,62.92828843586683,24.483536285876866,4.82916197438352,0.32895007077682004,1
19,41.195644559369185,31.242312105656456,5.150117967359823,0.18785398815324372,0
5,44.30610404625316,24.809303574942813,4.665352841366051,0.04613625878503691,0
26,53.631176110610426,26.464444593533955,4.549535500127146,0.9843092318677807,1
1,62.071394367785686,31.769909663355033,3.3872596309488214,0.35922167361379975,1
28,57.607268528481484,17.85443831416677,5.337241461503208,0.2205184684022531,0
37,74.78121226099483,38.21209622964161,3.0755454031370473,0.4917684734274935,1
2,45.176032130042316,30.21820066232869,5.031079518237262,0.2916393220448822,1
15,52.486545303966295,23.53516993798236,3.2008441759675392,0.23290003432343376,0
29,75.20091740991101,24.913773153565792,5.050504890486287,0.6163845001992265,1
39,61.31119324675147,34.95823189130401,4.993880995412251,0.07484840741361876,1
1,68.84842582801159,33.00526467537052,5.4033449676785406,0.5089929496331433,1
16,80.51246943269463,36.93390328642606,5.862285716801593,0.3874313013446866,1
40,53.06195582098177,26.586285775978826,6.0475884222509375,0.5325292987476488,1
11,59.00685662207968,31.482919185754014,3.38995740062407,0.32044062313889543,1
34,57.27573099069129,32.13283955891839,4.94179394686692,0.5703209209248111,1
42,40.45406995516724,33.476337501261185,7.010940884560053,0.08181854437458436,1
0,56.89603196244031,35.63640561716035,5.119100568497707,0.3761589561093618,1
44,68.81062187380665,26.413680470778264,4.168651859698686,0.23749860824613556,1
14,65.40589541812241,29.429148661197598,4.920298873560664,0.4380897132551471,1
25,66.1908316938801,26.949251272099275,4.616334059685939,0.3983361069397916,1
36,56.24491019360501,29.736940633218122,3.8235418428678463,0.6311836617166914,1
20,53.43902763994359,33.49216391031488,5.869104188207008,0.6287577281595401,1
48,72.69255671898621,21.72982249869649,5.584352558275362,0.41336474742866736,1
30,55.0268285364233,35.54685784729643,3.665490927887872,0.18162315699654563,1
24,62.94082038793214,24.30408937868125,4.906725416183098,0.5819136486070244,1
22,61.633346806775386,28.46314840151384,4.433536350817877,0.9665153699888054,1
23,74.61717016257118,36.21970962483062,3.3984074854750332,0.18544272438823617,1
37,69.7141235767236,31.640048589917026,3.5851805425240144,0.06905917896461522,1
27,47.04741379332879,31.697649741318298,3.734040176199668,0.26456118549202656,1
20,48.1244683322496,24.096869773524446,4.941570246557203,0.41292033473426015,0
42,65.78909818069134,24.779570320880797,4.542046999796644,0.30618842182011763,1
17,59.35662352620834,34.706281983344596,4.040812037904087,0.8347097094826742,1
35,55.44828216046236,27.05428227257805,4.608116970379049,0.49302767248707813,1
34,70.1562788399447,27.525440633500754,5.747534971845477,0.24612788165929822,1
44,61.87459382088911,34.81975625527356,5.356696097272056,0.9501990568959998,1
8,60.52457386889444,24.750432273152363,6.001868807621903,0.12506281972124988,1
37,67.79828640755049,31.34617566443129,4.771687135280751,0.12291144187804359,1
29,56.248910050564355,30.214536630838456,6.602557190681644,0.2452848592095742,1
43,75.68518985472554,29.986571370683787,5.348079883698492,0.07677212165325042,1
33,52.11952376766992,27.40782184061248,4.511082576658609,0.751652684629813,1
31,66.56929066342089,27.100724092683357,5.092951809690369,0.31281083417663824,1
2,74.33832838659845,24.608179181025672,3.7519240474101827,0.7298379919063374,1
2,46.227045107279,32.41332513020653,4.69381486375223,0.7627374676970475,1
27,56.566648241475505,26.65925404241632,5.429974230226608,0.2375185507486287,1
43,71.42207392885558,34.84372310583626,5.611669508098589,0.5183636387374841,1
14,71.57244547731025,28.877224792046736,4.589837777168803,0.519592176221145,1
40,58.28504399611761,24.707747552894812,7.733890427522635,0.8713644123370684,1
22,52.653289063231405,28.810930589257897,4.827792256844711,0.02563085000313603,0
39,69.55935822330763,27.94571400431763,3.3216059578568466,0.3168003436488117,1
10,71.83549102581605,35.045517058640264,6.213267192008498,0.8824893803470213,1
47,48.35336651487605,28.154999053742337,5.607127303849677,0.23680322271664744,1
31,47.960863510336196,28.61894809399837,5.23168882095525,0.13687998974645432,0
35,62.252566819836,37.057733527462176,4.5350791089082225,0.5761390949505701,1
32,66.29360633428892,32.541336607316744,5.393346516026441,0.305876761931008,1
23,57.009309147699454,38.313530080017486,6.6190162459976305,0.46729449326979833,1
38,66.7929381998235,36.29522502031953,5.201632937340146,0.8200127656447366,1
33,52.89863393162618,25.564187058185727,3.529966413189074,0.5206969750830628,1
27,38.853064009262646,34.94975427200054,1.5466459168122335,0.515889782660372,0
36,55.76098927667404,37.626516460372954,5.384559560638386,0.2781826756953911,1
6,60.632321465131014,37.6640656616171,4.014086458739892,0.7928655644774464,1
3,57.241600401035434,34.94047991788344,4.900287282604196,0.7398146240479344,1
36,48.41396736340515,34.83761497454588,4.190922376986601,0.23412051465857975,1
0,41.843510241211824,28.48669478162225,4.119091015803402,0.3200045197121383,0
0,54.85911195632102,25.813089578252125,4.234725866713733,0.7886281929915411,1
46,68.97655771649744,28.238913405512715,4.325124640083434,0.35771780182508994,1
19,72.56197439413683,21.676054992836185,5.776235988482835,0.40355961589309886,1
18,71.87713384138455,36.713976577108525,5.5736437931365845,0.36441227125565245,1
28,51.84090464851447,28.58353520291144,3.7920111771888267,0.16163252651784366,0
9,48.46293676369636,36.4566536453248,3.9282652736329915,0.34089653508290796,1
17,64.96634614979895,23.842502113892003,5.379121904469373,0.8029353031038082,1
27,66.35100011597925,35.41312460501105,6.0525023654355214,0.49107535437708927,1
34,64.00169605200497,27.525596709103404,6.037141359914125,0.45821748327596956,1
42,39.85936725762237,23.57815295845413,3.997091159219768,0.15635117627582973,0
46,51.331154151165336,38.13559026079879,5.989311431900225,0.17756983853052843,1
30,59.70311209714021,35.53655834670387,3.22373036568115,0.04295016435011911,1
26,64.87218194630427,31.058962100928923,4.797115582989961,0.013955531523223708,1
10,67.67307362602487,30.169689425674814,5.487026442608653,0.48801403807288213,1
48,61.4425352228204,32.19755009409559,2.9211949869583487,0.40923235521296497,1
48,63.30783806538236,30.973142889587056,7.092856924085462,0.27537757181157285,1
37,60.848654583611044,26.038620229142644,6.326695182976616,0.990046540351415,1
4,66.85619374218483,27.93973865107539,5.647003972360589,0.3979961956545057,1
7,63.12865651490911,39.80358916019351,4.034971792435079,0.788846899131616,1
33,60.65737660047287,43.360783713140066,4.931896375422867,0.21054559333155676,1
47,57.31631200862619,37.81334252615341,5.7904201697630215,0.24704120860874967,1
11,60.81291425042481,32.391119700813114,3.877338433000186,0.5683913671847434,1
37,64.84591378839275,28.311254836490324,4.819525768761983,0.004028269702193499,1
0,62.67475388898061,26.00907053051517,5.910383849810982,0.017425461908900042,1
30,63.808264183452536,26.33858794784899,3.50540499822695,0.14221872114952816,1
3,73.42721861351185,27.233661706566195,5.332424711020455,0.22312104103096309,1
48,62.65163922746587,40.75582020712885,3.2452303703788195,0.5278495157997718,1
44,53.510014795268425,39.031411481913,4.056153244421346,0.6862294308161264,1
49,68.83606785994169,33.73139194967697,4.495407394323905,0.31187866398802566,1
4,46.33801662331082,25.196934117935868,5.513555612718779,0.23907093600378415,0
29,49.18586619260713,34.465279633555184,4.299210897493796,0.8228111784933211,1
23,63.35847264720069,28.806914857446973,5.125548391329151,0.1627769846806758,1
2,65.16396667786579,19.234952806779393,4.3127718621917674,0.6783265550578801,1
10,47.54948776496005,31.435503187006297,4.4693832278848475,0.9313305164158708,1
44,56.1718251901325,25.790434795829725,6.250661507786149,0.23221091024274054,1
3,53.93916167780341,25.959732854549813,3.8497718217577614,0.08696536551614964,0
25,55.13323677118403,28.747960032159963,5.759153973947185,0.9797588940160105,1
26,69.43597776272946,27.508385135287934,4.998936114525018,0.27077379612125163,1
45,67.06505463547253,29.82871590447996,4.42444631109201,0.27566320906000485,1
42,59.80877820146293,29.588347249913973,3.782477167589882,0.48377229133799704,1
26,54.54038072885072,20.620954535761843,3.853763692900909,0.23105765904614617,0
41,46.503503297798595,37.601389944414166,4.261354975242053,0.9928723554335691,1
49,74.2018493878195,25.083116385256602,4.849945592778858,0.042965885869543974,1
5,65.92113900284919,25.238008074347633,5.603509636156401,0.45147307893230826,1
14,52.933308959268594,28.357233741048514,4.699760740077638,0.5483467350630002,1
29,67.19599497624891,29.45832576315353,4.766689148117781,0.466950857947249,1
41,59.29776379425374,37.2948990841592,4.916009776677695,0.5205229728628701,1
36,57.12890495137657,31.347117260274505,5.476777691438729,0.9875791442170644,1
36,64.35211528289602,32.83232742054767,5.64480281919651,0.8769015838701242,1
41,52.58501750087275,31.372680937916407,3.6130345244281523,0.3084436792961116,1
36,56.5624348048989,31.157307912493863,4.717925290256688,0.551477049190772,1
34,61.214610641995456,31.548647515435043,6.227404017347921,0.00031101252880083585,1
22,55.005488071147866,20.33632928715531,3.683880046280046,0.40956900137371866,0
5,66.69085210267524,28.750407575802356,5.074312890448959,0.1638742228619684,1
3,78.6906650367826,35.811305552855785,4.82915599620322,0.7113605907756597,1
17,52.45701867392857,49.71165505403343,4.433324410063388,0.22108957763361148,1
8,43.34874703695955,23.97845533730245,6.590782651043358,0.7488956455116084,1
48,39.98259832523738,32.11539980162176,5.036835808867875,0.31315983398007285,0
28,58.49531858505018,27.14476711062829,6.5111450719443145,0.9258286213113759,1
12,53.36835409873817,40.238259519484245,5.0056272052444095,0.4454166017013462,1
46,62.078605010670806,23.231086196042593,5.4602558893177315,0.8395177196738491,1
16,61.32597672026101,33.1246974515794,4.42277849107302,0.6281660030390132,1
44,43.96783153385904,22.963944502479052,4.433906324702246,0.9773982149034702,1
31,41.851161705185945,28.407166659695836,5.40934753024886,0.7427227507120846,1
47,62.959332403460955,29.828433346250954,5.427697457633591,0.7277033223113857,1
21,61.35428834719957,35.348458408698036,5.5979870665918545,0.2648659824493186,1
3,55.741820016334486,24.614165869207362,5.376678286954576,0.5048597509725403,1
4,43.428564148676955,33.316915244236924,3.6635790729959155,0.29011368868563847,1
36,64.7139126276499,30.093888616939736,4.193631323287584,0.019293437018403692,1
40,72.71899545423943,31.3639669314299,5.849942886148695,0.7105853326512335,1
48,62.77982440218922,34.79166357342571,3.0415346345966627,0.23583649970426868,1
12,51.525261094349354,23.587216534973564,5.292607241505603,0.3973240303427875,1
33,60.44552165571152,34.05297486574296,4.8881199009308185,0.28463878717386626,1
44,46.33885919066315,27.155475734552876,5.849581867472359,0.19963585646365045,0
21,70.57960713838793,35.479367274884126,5.416621186070755,0.06711932438375345,1
22,60.818443345295385,31.6727881726894,4.336019720291538,0.33788990877128633,1
2,42.31843088246768,28.952358092414723,4.290649961698336,0.08174492352120255,0
41,56.99325639556317,27.049870154545893,4.477216527003081,0.5403191404032229,1
33,64.63301510234231,34.116474971776654,5.580063047370627,0.01962410376147128,1
31,56.669523790244774,36.304758427404636,2.6977863204447554,0.9400198796428597,1
44,57.24104278559826,27.335742295699077,5.157379444357061,0.9664750194526766,1
48,47.75597792952728,24.334967171093016,4.1169654127726325,0.304653848296369,0
20,65.66540987081656,33.47105521472613,5.190835297807257,0.2601946408064699,1
45,53.51530799980863,22.7573452898315,5.344497786503369,0.10440519970180118,0
43,38.43554622994967,23.47243781208514,3.3376734170713127,0.9049189265806687,0
20,56.287426293296065,24.686498622360503,4.7731335729993685,0.5868639252999043,1
43,69.81149715570353,27.922747584806253,5.155570356800247,0.6101249229981065,1
10,56.130705534000526,23.318340553922773,5.087950095275148,0.895856462601998,1
38,77.3798498512352,20.30600045309211,4.877799046884035,0.9107867938565986,1
3,64.28967948548517,24.322779028314386,3.7791124801859883,0.8283416697105109,1
0,63.38758162280366,33.212372232863096,3.9313719693534583,0.7734415610996611,1
27,58.71601734082391,23.642279639366166,3.6219526772461497,0.8772412222999837,1
23,59.31713792235709,28.29865161022915,5.554045570839754,0.8759706066845226,1
34,57.36576364880496,39.73349231182781,4.884429158193399,0.36864485627189947,1
12,56.97730607917474,29.75412934986455,4.948246760707287,0.9733912199789841,1
46,65.30867162067149,31.712654948647966,3.294506556155106,0.7091322131603892,1
33,50.641687702094345,25.269799908742236,4.966397202738794,0.37020943401266204,1
10,49.2410617127574,40.817374268500714,5.633637071982683,0.4420495172755089,1
35,48.768049491246224,27.293527554307857,3.158160425425721,0.6871310582814713,1
16,80.45654547677154,28.859476577742416,4.46459374125503,0.36109890963467917,1
34,65.3034290167058,36.58529338983682,3.4296508684551945,0.8265577120200163,1
17,63.04492201680145,29.091328775731906,4.579717925270113,0.1480636211914763,1
39,49.42485329706568,30.239443913376075,4.099008102429077,0.9075942987109628,1
21,66.23342300674828,28.591558396054353,5.380908833641603,0.30119751183660903,1
23,58.83428653546672,28.625838109713865,5.169239563426392,0.15271278534313093,1
18,62.1416894113175,31.85251005414046,6.291504405634044,0.8580242814460233,1
36,50.23379684136444,32.76471594599053,4.945922150699507,0.2394632389357878,1
38,61.602688574175765,26.783757843937163,5.338487802104273,0.8433957380496012,1
20,55.76166461793517,26.16959771926535,4.442292518351522,0.2962644034486761,1
7,52.343888429698126,26.954319555712182,3.896935348771421,0.9338642876541567,1
27,67.34106335807249,22.99372992900116,5.834762434690087,0.21907763980131123,1
4,44.62292191469997,22.047848707403514,6.243255053547079,0.06964999107200132,0
16,65.6477626431415,31.48583573612454,5.705655699238253,0.936531163342389,1
36,66.84486133552996,34.69297901587556,5.1312281231295325,0.1656257422436529,1
35,51.2035632444876,34.35522646572609,4.025906445514724,0.9441325417222752,1
18,51.796715388675324,18.090043634316707,6.1416281734269464,0.8239773501183365,1
26,57.769743187335976,28.774674564783695,5.579509315637012,0.08192538971663499,1
33,62.820362104622205,24.489540222037206,7.024878609329446,0.4451351989429355,1
10,58.471450081857746,30.718687189104283,3.8455760497600933,0.07339965813511562,1
44,64.3356246019188,27.910882405953096,5.862566501247381,0.32978656461181133,1
46,77.62979652537399,32.95955953122294,5.549106504874798,0.3515030782399867,1
11,54.92283230850286,29.904234547993294,4.657972799751944,0.5996333303275736,1
20,42.8482002929658,20.519990525410556,6.363834880203104,0.9758955678431125,1
10,68.25923583030654,25.164570636002296,5.402345148424548,0.16976344010755906,1
38,76.8331457592753,30.028925574133268,4.063106971538346,0.3291509647488121,1
27,63.92768363051125,30.45055214615543,4.88166098372559,0.5871024942145305,1
4,49.12251324646332,22.97161596147999,4.051141192896887,0.17142085531959717,0
16,58.76107636764799,22.317701482269392,4.5314842846144865,0.7107096622587191,1
19,48.81476515788368,30.281226687865896,5.703826153539733,0.4036597158863706,1
40,66.42855493962948,22.981663469747364,5.989274045234216,0.9495722956353171,1
45,46.487095973015656,21.65685286749607,5.2212123337893654,0.6298709452157262,1
11,56.998712131718,27.77429743684329,4.249925123410468,0.363080711210095,1
5,49.956621737060935,27.557769543306744,5.381608420395357,0.7194731210687536,1
16,61.268246851349616,25.607997613303496,5.723399637957637,0.8387545779899512,1
18,56.33658322862242,26.481315216375187,3.027888254760282,0.8004797640295018,1
25,61.76762103250264,30.069178616111973,5.1164787750309175,0.2627643941286838,1
47,60.223505549663656,26.399185481600902,4.809810201600669,0.41698335214885907,1
43,50.1334097227589,30.353485108324197,5.953711255409572,0.45217766103050494,1
43,66.26877063529022,28.09765731941333,5.385689164861499,0.3883833921723755,1
31,59.51234348156885,30.83825077693328,5.484351701472786,0.3108635828558175,1
5,50.114709921340996,34.39102782718322,4.518089033619038,0.7527477992813477,1
35,82.40926556205793,34.196239226952976,5.001651717132436,0.012224243431511073,1
37,64.76430166717125,36.44105235533041,5.943684969803888,0.29354422885877085,1
10,58.467394466006944,34.1907344844858,4.935120267029723,0.14161725697290362,1
32,74.15204526701824,31.192787657709022,5.174669555731574,0.12876931589994722,1
23,78.41815609386607,27.832841811799277,3.464042701557934,0.2769586668974786,1
22,58.546505776861146,28.06119538591888,4.9314599636727845,0.7621530911150485,1
14,63.47397486434762,25.61111346782095,2.9880000318938906,0.9694218690784336,1
26,50.11997181997059,30.02264645525779,4.483855130641743,0.5146184665410988,1
10,58.528072492319886,33.48693739355967,5.063515557726899,0.33897181757691786,1
49,58.009374462401304,26.371661985584897,5.767030794484571,0.8291704663110869,1
16,61.84827033621654,29.81391070668113,4.000840056548024,0.06710342526824942,1
13,63.3276047863701,26.613188856391155,5.373684143470102,0.09316794187902822,1
26,65.5982844882806,31.046771650938073,6.468493404362128,0.3453663147492667,1
17,62.37642656299959,27.25308308025025,4.359256134284378,0.448408499471351,1
27,47.89257373370835,26.302447143529736,3.452947078277343,0.7978378692813741,1
46,50.61532894258915,26.600166525339873,5.289839957057088,0.9252639393357897,1
46,54.53592380536327,32.516643869227835,3.808002993463707,0.5312765349917838,1
3,57.17759408076771,29.516252973348227,4.18100142652648,0.49564466957127484,1
6,70.50774290472114,27.85789134999982,5.923336941702486,0.2130110190790342,1
44,48.37061013147087,31.307022512736054,6.876899275376681,0.4511815436999833,1
34,56.425849518293,27.927418912661746,3.9993098836585146,0.9236442312740452,1
47,69.5300949821405,35.63258946842851,4.262580259984587,0.3928995362733715,1
8,57.00122525503388,25.130669231533716,4.560131037591181,0.21068248780096244,1
7,64.60415649842824,29.065142435913593,4.452191946474573,0.3372950292051431,1
44,58.604579570720965,22.976173891664995,6.9332925138120345,0.5145946126351735,1
16,62.56783257324723,28.26562804054953,4.4694321703122135,0.5985850305995709,1
16,57.71527456190459,21.60182251146685,4.612248085473871,0.4324298796401692,1
48,66.67065472728353,33.731582612795634,6.616177473174826,0.7585361795403025,1
32,44.54943592593565,33.8325188350279,5.576676311539301,0.5844533821067067,1
31,56.36687991611455,33.92085086862238,5.985899232949245,0.6650481340116873,1
7,62.96572676694308,30.14436240087234,4.0938871269776085,0.8629189246112304,1
18,65.33695248006192,25.60064797644954,4.469820316824264,0.8656885702726528,1
37,74.92952622753828,25.998296839820252,3.9602816423210396,0.2035083123020981,1
2,56.089753331344234,37.650860276102605,5.801261546035816,0.6233447448326498,1
4,74.79481761860873,37.17838551899898,6.225243207783444,0.71664086104166,1
12,53.40976173340329,30.612775784753858,4.400225630818487,0.14585295326085113,1
46,73.28646411544644,27.421829829598366,4.6357586770957235,0.8427698370589184,1
45,68.17467126698372,36.84311711349255,4.679509934961342,0.1804698620113313,1
30,50.86541420367777,26.52748419307595,3.452776006721824,0.7992794232748571,1
15,63.07039237251822,31.144246040479537,4.326177922240346,0.16146575662344942,1
49,59.487641644678085,36.75978652699229,5.773266214763601,0.7417785368110011,1
31,66.25584593675,25.818307501676863,4.124581495554906,0.14814797888666376,1
21,57.767284115666904,34.14611792818556,5.092981862204988,0.3788293108584687,1
28,56.927537743382686,32.602803979219345,3.6919810255358434,0.14351613347207193,1
21,73.69094582762851,29.802417288842197,4.855999088871132,0.2707150963266297,1
42,59.01279105544327,25.032832004334423,4.436678845413992,0.9845147773534846,1
2,68.26422324191766,26.37780119948362,3.7783285162162326,0.10767565606938367,1
9,57.746485149558005,31.447255364253294,5.790386096155112,0.40646482641788817,1
41,76.66663259227523,22.883316025593068,5.846627361201019,0.6769193408855229,1
20,53.21665370664507,30.65371929509125,4.030461287764025,0.09459857039728581,1
15,53.85856468752815,32.70525492030831,4.783816535806273,0.10903298741953338,1
11,75.24517181115903,34.9261008640455,5.044318683072449,0.1432628725238746,1
1,55.55053609104747,23.008214627698887,3.1852382128721506,0.6449863780330233,1
40,76.01074306164392,36.58123648580637,3.602907273605968,0.9093369179792065,1
23,68.91840579594813,38.476817470899675,6.286284436366781,0.8259894539686515,1
34,58.453502934391665,32.05075783856797,3.9348731034974294,0.9830552393574917,1
29,41.86706527982842,24.809757092876698,6.258183108251696,0.5781378845993937,1
29,59.80681695728164,28.359453558198794,3.654586325616669,0.9614773046181858,1
46,61.016300535334246,29.762013774407464,5.658827777140403,0.304934165215452,1
34,71.67217733304373,31.352317543652784,4.688696892489665,0.42150459384606576,1
18,75.88447176240112,30.10990776321801,4.829233730845633,0.39604136796612965,1
49,53.15012820856252,31.405825714473085,6.855935913533964,0.047357480278904296,1
7,68.01181763988183,29.546266213304385,3.745813365681318,0.8297052685405584,1
25,67.6540215601335,31.325535472561217,5.5947981962610704,0.024718188692368637,1
48,70.73412702410445,27.69738289419343,5.553489663557822,0.7298762510850118,1
39,64.98689912135545,28.309066415087656,8.354573389166378,0.407064782655264,1
6,40.5750230903823,27.11987414761666,3.922869179768114,0.0062477160769091045,0
29,58.445775674722405,39.58629767252036,4.374015206496563,0.28994690286279945,1
6,48.44292425083085,37.31950393087161,5.815922285832554,0.3461276959188273,1
2,57.973942270819265,32.77647095006808,4.799736140798137,0.9647024710600154,1
0,69.80004236133894,36.62654498633869,4.53694904326825,0.6610790976074561,1
35,63.05150835874973,33.992306694889415,5.957511488323165,0.5435715915061403,1
24,71.48090866397433,30.906355797570278,4.733431563696279,0.12705056420265803,1
36,63.41753920713539,22.47214329490158,4.108140929618583,0.39110433951281687,1
0,47.01674060331097,28.6891803993743,5.726210154761981,0.035764353600368004,0
14,34.79152993427265,28.324810539908242,5.37528800802786,0.7616854184723676,1
36,61.4880876167959,24.334624134539215,4.6871534043940235,0.16277670219374785,1
12,57.86073533648835,22.56918862696692,4.639698481239979,0.5944357009464011,1
39,50.230542606181174,32.46359673283513,4.085093395059437,0.6993915382563186,1
7,42.99372750348622,31.622521611854065,5.725096855115342,0.3665091277069856,1
4,52.65256786527291,24.16301509966194,4.639892182745625,0.6325931520994418,1
8,58.05508515135224,26.270607467819055,4.23015409642633,0.7642328616466826,1
0,66.6587782370639,35.80611136577082,3.7144448328081454,0.1841237951059882,1
35,61.8863108156798,25.611517432417198,5.3921543579088365,0.6008603288374847,1
34,76.0806724717273,30.853994519669012,4.491417021087003,0.7338831354408689,1
1,49.64395943954606,29.051108502160094,2.9873246860109286,0.3570480894166259,0
39,68.81058892057433,32.53181735531032,3.7967312103559534,0.16249115811654524,1
22,60.47298743128728,25.719461736717847,4.766403064341017,0.28611602112442347,1
8,66.94669124118585,30.450417387700536,4.794462335082832,0.933074666839829,1
33,55.63485136734457,30.843612886729385,4.756457749629349,0.35744795476593705,1
45,70.7168037389059,31.150904031146098,4.617243888432439,0.10770058775888203,1
13,62.952247583452426,30.395369289813065,3.524146277263589,0.08272650764932887,1
3,53.2055501508225,31.723046602970552,4.125451475850949,0.18049506574384377,1
29,59.87975971086812,40.958851660254055,6.1837769864841015,0.12751233568975173,1
30,57.60444141062901,42.80648888385553,6.036228126853066,0.4950436599571363,1
37,64.89178350637793,26.80391929606639,5.577951782344051,0.3475514441756089,1
10,48.202232506254916,18.408785098237505,5.489502604040668,0.8414056546832641,1
34,59.706482978843056,32.977476503609864,5.904755908065492,0.8810785324312177,1
7,63.95307252649331,30.931262299506333,3.8792052625078997,0.4732793878877798,1
2,60.33023307193033,35.305209295917905,5.032928366756949,0.8885271045645945,1
13,73.46941244388995,31.424429498576586,3.8797328493530396,0.45046163873100986,1
12,67.74022774071052,30.293019697628594,3.897085530234727,0.6419621239453586,1
44,59.925192032592534,35.64453297938611,5.368064937746941,0.16253483264775082,1
31,62.16689097497673,36.34390294206921,5.946750439135875,0.052582561821875484,1
33,62.95665551482,23.06719970609501,4.806150865577462,0.16008517640479736,1
44,64.03299604166824,25.91696906430208,6.649000432209501,0.2518452358454064,1
18,41.74342004335392,29.472035203556608,5.211784327045537,0.7509818930403453,1
37,56.98473704230653,30.49218811962292,4.223214467583489,0.1735052424614706,1
15,45.155609318065736,28.870083983238757,3.913271448126328,0.13065469553603204,0
1,72.78280947459487,32.17103588930943,6.018131484184716,0.9276093791294486,1
39,59.391504799970726,34.9805239465855,5.128459115739815,0.688802422343942,1
16,58.06659050320377,38.61354855360364,5.676047378169482,0.4733055857282805,1
33,68.96797332033235,32.8945651188645,2.3420367395467583,0.09496839321575856,1
41,64.22324797449875,25.73833160773445,5.244672034346938,0.8517909115713562,1
15,48.713654856207924,29.26311887401091,4.488225811503763,0.10825843078886443,0
37,59.29094637472631,29.623238793702214,3.6062404640831356,0.6110465317428557,1
1,56.64833026773615,32.573201199905796,4.937317657051574,0.6676764926214869,1
1,42.55467111393946,31.94084016716971,6.091813533654456,0.40013880514998723,1
25,53.09723766762795,40.25198325555755,7.266228286419718,0.9112167250045752,1
12,58.16459677983534,27.692434323725458,5.242152407322511,0.050700611709019405,1
46,58.850490685081574,31.923752668834016,4.290853410038477,0.8181169057986892,1
30,45.17768576322691,41.77355698872046,4.230497443481533,0.5537943982581998,1
33,71.51665583047476,27.073965515481994,5.963132362065199,0.6112037244076158,1
38,58.97896941108561,30.725743480851776,4.003125880847108,0.9868255624823503,1
2,60.37553076660563,25.275597494379923,5.622427379527763,0.5826478031178226,1
7,64.00641638339837,30.410434498137157,5.293681189959617,0.7970279855623931,1
22,52.11923746096329,26.09891425931179,5.18310139188288,0.15353076571977076,0
13,64.56355973132696,35.23400451745673,3.4318814101192077,0.8092895921098178,1
26,56.32925353981817,30.736594295156976,4.643041797773675,0.7610729072241664,1
28,51.03414459352808,25.32301370008853,3.5418422086423873,0.9681100733676848,1
38,65.73447493355398,34.202838488958356,4.411752598683234,0.9357106349693205,1
38,74.91673858801808,30.898330194357936,5.917138661520513,0.2139865455114055,1
0,67.24829373485832,34.76409388611727,6.231057903355565,0.46493312926432817,1
16,69.22977565140431,24.261686860261257,5.213948649490885,0.9114831781728534,1
40,54.79369393437701,31.844122061243308,4.429659487566015,0.6407650697076446,1
29,44.023802708315436,33.86670847322355,6.588099332360418,0.46370039427287013,1
12,74.90137522099842,27.883112548821316,4.41640936624382,0.10893876160083071,1
20,80.5451488940476,23.704986365159243,3.8643135081909956,0.35175756723622953,1
18,75.42806773769682,29.79196252314803,5.696482967916784,0.6652399491535791,1
18,56.6421406102025,36.14057646890464,5.457734042569706,0.7769144819504971,1
24,48.453656612711555,35.629651653170285,4.457424089074159,0.44716691400925257,1
21,49.34317302180433,27.857857826222116,5.100225229569567,0.05584449301108296,0
30,43.16267432385951,23.58457281811779,5.442159988851773,0.6331721822695304,1
16,58.926213815899544,27.844101398252135,5.203678841051817,0.9215863922248833,1
22,76.05677958082455,27.65761174634044,5.45893895496458,0.4964107489054833,1
31,58.583373681277564,32.23223391652389,4.494285138440025,0.9284247012892929,1
9,63.02322900348275,29.474992485479394,5.526245044239599,0.35410072366254197,1
9,73.75596964304208,26.233678941314288,5.017557837583282,0.8863657699364192,1
35,55.959046881676,35.52131533630334,4.528189478463647,0.7863397526321838,1
7,80.35531456719595,30.70212933722417,4.754115237766725,0.9617415499400027,1
19,79.92094407497453,32.17707826365471,4.902098164075582,0.791021235210428,1
31,58.68888661319517,21.375072829343665,3.554621662938721,0.32147974963046866,0
49,54.22465735980787,17.87867564651357,4.363340753430071,0.9005675272993175,1
13,66.97238046390314,22.81227109277796,5.064905515592786,0.669731076461139,1
49,56.52475057481142,27.597282871966122,3.6490089646111477,0.16206932574123722,1
27,48.434447829326636,32.88178008806904,4.380076338185419,0.04596507973936015,0
45,72.8123865352298,18.28876564796351,7.384644978371872,0.36584560414828526,1
23,72.1644738727708,37.96426032185994,3.870741635178806,0.7868641497316774,1
14,61.55511603763561,30.85283013385063,4.616186087349571,0.6182145954469193,1
21,47.37135246271822,36.80147496474955,4.166282721471269,0.527127159729342,1
29,47.70473748782614,25.570149587629356,4.883129996046663,0.0037276345902581554,0
3,61.072292884191526,32.51929967086245,4.18508165686502,0.43550070209874236,1
12,55.00128965494968,30.425979649853936,4.756756876707567,0.15772338872524883,1
22,56.589070678583916,34.08843156527277,4.281452964850107,0.45456739711318783,1
7,70.21963155060004,28.831043162001414,6.055127816369825,0.9917703219878365,1
17,67.33179317422558,32.36607604503794,5.081637037719546,0.8795388231199289,1
11,73.78142680497612,35.510976593856,3.99702734303678,0.31063060410658105,1
30,50.09376776622742,26.744118530541122,5.840796523832693,0.5935073929629318,1
13,56.56808431313288,31.211221162448247,4.041733383969887,0.5020952334139177,1
33,67.58981695460113,20.56068881388826,3.4359198110883487,0.13004700521468282,0
17,64.48078341012892,33.512515095316786,4.996957512567192,0.9898065158151844,1
33,75.32380382587621,39.77331271731245,6.907264424339979,0.42517515661329086,1
10,64.2053670590407,23.777819761256524,3.1723358710841127,0.5056590370718294,1
40,78.48109104105552,29.543093697860286,3.669012078430903,0.6475993123109399,1
11,65.40017801723141,34.402406504570564,5.752525663160844,0.19154453313061792,1
48,70.6216744758866,30.157087367332753,4.35767860038804,0.222226602359603,1
14,56.76485053215543,30.825497757466128,5.611948567246543,0.1925584251964374,1
30,60.14287211883989,28.04500279238181,4.162511093058053,0.3844655434665284,1
48,69.10944403839476,27.859238734560428,5.141962177409177,0.19967695645772032,1
28,76.12978170593054,29.566529232073112,6.744473925385488,0.9263959679423892,1
25,67.29236949310753,30.20835711069678,3.805410352978129,0.7143140463502409,1
17,59.168282280653806,24.092793692113453,6.023760810137304,0.8978355692229759,1
31,73.77335029528342,29.669890070269858,5.679706796632087,0.8484841303101982,1
21,38.080213437201195,37.84266969354663,3.510755748901091,0.7031519515634316,1
37,45.77765498493126,27.904331032055477,5.558900523741773,0.24274618907515932,0
16,66.8163422366839,23.81372508562686,5.072806128862606,0.6153188642864619,1
22,60.14108356253125,29.242919660067866,5.091094009913729,0.18629886063526735,1
23,66.05513651124166,26.426935939378517,5.336517566451703,0.1324760485102776,1
49,60.64407522431942,23.308290873390302,4.649634155584195,0.6325752419526063,1
7,65.70945694603873,30.695842308663103,5.070098958942398,0.6246255935383099,1
40,51.8559717900681,26.44858981424461,5.241452425040288,0.15662214201948832,0
5,65.70486086079691,26.876429165733626,5.746057938885529,0.35242769744793145,1
4,69.94414528207585,30.767136901926946,3.472838966621919,0.06628117385682908,1
43,72.20550603931233,22.334127023188326,6.290885896491105,0.7157331136860524,1
28,80.13554294648699,21.292151748744374,3.844709656940787,0.9874956513975438,1
27,62.440984435023864,33.35436097250966,5.761628464146387,0.7399061554250342,1
10,62.73911086847179,20.345831996379587,5.07944509927278,0.8441521695754413,1
0,44.76827535826152,25.116611523463227,3.7188436572013024,0.47634324228471936,0
42,54.68588598861575,21.000802323057812,5.528145469704004,0.09558408116675032,0
18,58.069179259933875,27.56931766575584,4.054593360804829,0.7266065225053029,1
8,70.50319552276355,32.14029373825583,6.0687955551576405,0.25652020013081467,1
26,53.88998875910371,30.561689743661884,4.289165161498756,0.3882939532575296,1
33,67.96340019748833,41.95936694728642,3.5050139023946225,0.7030992499618434,1
43,59.9837828303662,35.434578088945,6.533845105036296,0.9047845261955824,1
3,58.22831884885238,25.344210749216995,5.181323671236909,0.4862490489992497,1
35,62.48893969133256,24.01472497586795,5.867191125761315,0.9616055730956616,1
17,56.08843627747157,43.53343970487751,4.148528121246633,0.5199035282940041,1
14,55.709627519073344,35.31286002866681,3.108189463291799,0.12251044846314063,1
12,42.95214094209885,32.94684803634786,6.675202424087777,0.5184337458253974,1
18,57.52045792672111,30.37425906107809,4.993573187821052,0.8606277059379672,1
48,55.20031853851273,31.367607837375086,5.491351894163547,0.5380451331243199,1
5,54.840190106509205,22.58963362258787,5.656595780598269,0.7477553478624172,1
47,64.16873062590041,30.78519585098384,4.664608946984311,0.5479576118578754,1
11,66.58631952790509,30.356156987295073,5.2262295476155165,0.5460545603729003,1
36,62.321945046423274,25.4793057844926,6.5939525925054445,0.2847609012972653,1
16,69.95415190449475,27.30736773215761,4.96755877112067,0.20126048455574663,1
22,65.75561925830365,37.57588196721778,5.942101316419575,0.27891879584465384,1
25,57.04943810194358,29.37412539852569,3.0087530199693786,0.4408378909238132,1
28,55.3714371428562,40.355856512665554,6.1237606303192145,0.8095901107066984,1
32,63.128222367668464,21.296602817563084,3.4779957019940264,0.8289911073038604,1
26,65.73767109901901,27.38934906887126,6.009408824033501,0.16337781607271806,1
24,73.97844307031498,22.263607243765406,5.390631220451271,0.5528549141543084,1
9,71.91173044940095,23.95288773054083,4.904079323926122,0.41602772296342794,1
46,54.58526993492831,25.858971471703512,4.90041177879207,0.5709357256381633,1
22,58.979937198727384,31.576548133852956,4.747268906642665,0.6476233870170266,1
20,66.7101780491777,31.334130855401934,4.179330480556437,0.27961199271885595,1
20,70.67997778058972,26.60354840186197,4.794023721369953,0.9192423819415915,1
42,69.38969468704792,18.861002213317093,7.208059077509089,0.9354481550020175,1
12,59.361221671686536,37.388464365160765,6.3023067107847295,0.10535774254927899,1
36,47.45977347571483,28.57117641981822,4.128996821477566,0.703018481116219,1
32,50.01063623754409,24.418549148494304,5.267687402327288,0.03323206169494841,0
23,62.72633514319414,31.374653905350435,5.095979163236431,0.04656379790728438,1
43,63.422255794243455,31.022225852615872,4.857706556990328,0.9577999140830219,1
10,49.01320626565615,28.386617675000174,3.9972224433625207,0.6948531348703155,1
16,60.44569610889272,30.742655078207523,5.445897984806653,0.3245416298480499,1
3,66.31224356971784,24.22485079795991,5.846071629914636,0.6698776677458906,1
46,48.48773342492856,33.79956421588242,4.16610131493322,0.8458350506536815,1
24,71.04997201804414,25.015664526215648,6.955541417289208,0.8709034764113038,1
29,56.22468851440175,26.972151723482842,6.522003249235555,0.020519779024165352,1
8,72.57613112576651,33.24400908075788,5.548165558951233,0.8182280074102644,1
20,54.665475542241,36.01979482505117,3.7682802973311866,0.8532027150599326,1
19,49.73374517115821,37.92887284023169,5.401408625984562,0.5955702048985262,1
18,55.418630101582806,35.27899119233286,5.2819780015644655,0.47990384355002236,1
18,59.048518769226796,28.37963908099109,5.513155276218496,0.11099891719762656,1
11,56.11520093228519,22.294834654497684,6.590464272289736,0.23961383966889915,1
36,57.83998578426887,37.02527792801447,4.824025945383379,0.49048511966542396,1
41,63.3396514967619,36.85347994452488,7.0478265796557436,0.8650797111735102,1
16,58.288206302036,26.64011923323252,5.40650434599375,0.803134356799323,1
36,59.33887606047993,34.6059451891228,4.709536824338735,0.4959295809187364,1
47,42.90773600797404,28.339111030346306,7.399377206706411,0.785627022830479,1
38,63.91698016010473,37.50638441755864,5.8298919000200895,0.7657333750164519,1
27,59.10796702308332,27.42567668798109,4.545266113042527,0.5790153513666073,1
40,76.1029298048287,39.893256437742515,5.084216588946442,0.22032545343196674,1
34,50.604348327460414,33.93060273799123,5.635233021854534,0.3480037687598495,1
46,41.91704671500486,38.987724223429936,4.849138973214658,0.16406455019241817,1
47,66.18068493930042,27.681013651750604,5.1339078690449504,0.007150506422759273,1
17,63.46527018313,32.02514802222097,4.182796396337279,0.08052543134143653,1
13,49.91566979468854,25.153604008278172,3.314805469192092,0.7596256343931247,1
34,44.702510449959085,34.21994626059598,5.106419322744712,0.033486150767497724,0
43,75.3739673068429,34.49520766418562,5.140027822225887,0.399852638814125,1
40,74.14110390606781,41.98511959100593,5.527119591557854,0.9857803316719528,1
6,35.12543241293871,32.410198986098244,4.423810292893803,0.7952392178102201,1
40,55.41776970743499,33.620471012530466,3.6594457054593352,0.7506176050391641,1
12,76.64192054783899,27.64584811748109,4.034675530252652,0.2747087679731536,1
17,55.23937442222133,32.70689686317619,6.055633756839825,0.6417302156108583,1
36,55.09387765973347,28.10054395656208,4.333388687792429,0.4987118476843829,1
12,57.17240672370632,30.57930379421,4.557919014196238,0.6238244013183498,1
35,48.79103026231841,30.872578307728975,4.687586436168888,0.43581611899349704,1
30,42.95224255771956,28.238475633254147,4.38072383071321,0.5309630403031398,1
1,70.5254731073475,30.314725482709967,4.306789172467167,0.9883962490176815,1
15,41.57063093752325,28.123524151432896,4.128876435366189,0.3293128550079647,0
8,62.47271452108756,28.101344374830802,6.4006565745682,0.21645277348432967,1
8,68.8657949275765,35.38332325751136,5.68010068334293,0.44849444283072293,1
37,45.48773701098842,30.877068209132055,6.247820773150238,0.5243205106090529,1
10,50.757315974049284,31.735331361001386,6.449339756460838,0.08562883624372586,1
21,72.1317918839159,22.71347615507232,2.650120202567019,0.8059720221785701,1
32,65.3289172022704,32.11729165915195,5.343454642028076,0.42205278769489263,1
35,53.82714293121113,32.65211731987619,4.413821366101681,0.4131868338310326,1
44,72.02249003361172,28.008306886556237,6.116809644353348,0.6588398446832632,1
22,72.06535723454303,40.42514838130346,4.258528796757439,0.7732443333486324,1
44,62.69052693015707,18.553863679079676,3.9458502436362903,0.9859402697781369,1
44,50.99839772126337,33.92183567885273,3.565954139346898,0.17351969849525517,1
33,55.86551296528205,33.56402402477431,4.697325089021198,0.345555683453576,1
8,62.8638674395539,32.70791465999706,5.914945262528311,0.16825726873651392,1
23,58.11405170852512,30.881063528193113,5.256167216861312,0.8808550282272588,1
7,69.38957178234851,32.75339661312519,3.797351734863856,0.5484932386621831,1
6,44.70225919890664,34.340877397779465,7.15265909036189,0.8524400957052837,1
35,45.05736470933761,26.37056208084003,5.649538639491568,0.9852252910473493,1
17,61.80871111482433,31.49597811090045,5.777410115757687,0.5502066808344759,1
2,55.08455586193095,29.08341578988348,6.2850288273476576,0.11815181919071693,1
27,53.72951385302259,24.53115799887246,3.3597844113742203,0.3612677208966769,0
5,42.319432808256025,33.58584987306645,4.088565861412118,0.03618929726866382,0
43,60.19545844798182,27.178197876579834,5.8230113569242725,0.8493009469362477,1
43,59.472448919992345,22.510706626102664,4.189261671978523,0.017886941606900297,0
20,66.53478981951741,27.304446696491755,4.724986527744952,0.5921849901299412,1
27,60.68906133120972,26.00550550953435,4.9222593471686995,0.10613328590735782,1
39,58.67395921759503,35.14239504595055,3.7225946113700825,0.007557841394162268,1
0,71.77000636790338,30.76596570279039,4.63918281786636,0.2561504422614047,1
35,46.8753269655145,36.9119137284497,5.914503217351832,0.5518521930375623,1
20,65.36389218847576,26.66721884383477,5.729453889817841,0.07508791220455469,1
42,43.28852835204651,34.3708493594825,6.113014661967468,0.6148878829801947,1
34,51.61638119999192,44.198114574039565,6.009875873790796,0.6719922211374055,1
12,47.87342867376687,31.7801623356357,5.4058739257025845,0.969698100113452,1
48,67.81942535451918,34.308244311615766,5.3266784983096995,0.8995370803881227,1
9,59.34589766404606,33.46758832112703,5.253330760106618,0.5667911025788351,1
43,59.86496755407023,22.889623362870868,4.372952832746039,0.7933648087099936,1
46,48.93267012270549,32.92908648733725,3.9700552762793864,0.36364108164699194,1
9,57.00306504067111,31.532281603247846,4.3104026538801,0.5857122160635566,1
45,52.36534696690888,28.701263083008453,4.673970683442531,0.4033541699365023,1
12,63.834550148542164,25.579818128975596,4.344174055257223,0.3370417617120576,1
36,50.08908864668386,33.469916201635186,5.413831738483916,0.7276394858749435,1
37,73.29794365205076,25.137981301946894,5.201895216064251,0.2966705442867459,1
23,43.24419550375906,40.66822802340948,5.309323498720218,0.3805522700050772,1
1,51.934801675434386,30.57084541744064,5.35140806591578,0.36717157108077947,1
21,76.77200509966096,23.883464761067483,6.195663937784532,0.870403427186231,1
16,55.64861252037966,27.430018608358306,4.9914271076129,0.17040446995100111,1
35,46.85121335595588,28.609328308550914,6.008369433834611,0.3814757919656465,1
13,62.19071562537668,42.06188326961923,5.516585357979167,0.8878697917288222,1
9,55.24607757785458,25.577055265952517,6.129633536635086,0.015304425878583383,0
34,51.64129744381694,29.418913683743064,6.614629834386572,0.9478669953281135,1
24,49.04129189201282,27.31085815067489,5.57664957997907,0.8989004197954835,1
2,87.68373605625943,32.49629242790832,5.103768249671998,0.41784814640911516,1
46,57.48448099815864,27.39058293147478,5.097307817443308,0.6530252804661295,1
37,40.74432639667123,24.30471666930145,4.529833920438161,0.9910666606220044,1
16,74.93709759005534,29.023527101019006,4.496227853423944,0.5549483770617768,1
11,66.1107090511057,28.503030783338783,5.9021171633115355,0.09689869144560836,1
23,52.33533568980212,27.03877811187993,4.0363297075524445,0.8536410135304116,1
28,50.66880911313858,27.30594820551441,6.614772635562226,0.13415161455720814,1
42,66.73472796158231,35.92347898940501,4.84827674709598,0.257271655605963,1
24,57.53081672510545,28.401298928662477,7.862077893122814,0.8735153530592366,1
35,40.74022181554899,24.329361687607836,4.306884573170382,0.2560292118374363,0
25,77.87239964604669,27.68942018100072,5.250188919980334,0.745085930652749,1
37,55.66009537784043,30.271678297326964,4.648150729751581,0.4476736787588629,1
0,74.95571736482427,23.31865181724323,4.206915908456728,0.7597489456323179,1
19,72.78434957965715,38.12988980003199,6.063800350878719,0.2323522450391876,1
27,49.98990455517186,34.33789738753136,3.894445805602194,0.41956552495890176,1
15,70.33189864363148,37.150863718093895,4.323925493025765,0.31816133859157003,1
46,53.48557450136319,31.960640627438412,5.58631970891491,0.24904404198203478,1
16,41.33299413196058,19.531512749349496,5.744960810949404,0.314429865739676,0
39,55.754018339778575,37.676668583192566,3.6081145787724793,0.32299219889847186,1
27,63.97637501776279,25.682158201450537,5.581676885215374,0.9553781936563274,1
11,55.37263352003662,26.089066279989506,5.128899913416339,0.5332303326141029,1
26,56.92951659074899,30.781625719777217,4.08227664213847,0.4620521883275325,1
41,71.43566044928613,36.891149233350745,4.2111184646644455,0.503318569903519,1
46,61.064939802900916,35.266435669762,2.966548572051599,0.9961309760734187,1
29,51.56701688715047,34.531405600880106,6.717444427797577,0.6535891048912535,1
40,67.02030323667327,28.440864735627233,6.015420414977007,0.7034866414637879,1
33,61.97675566954245,28.36196236953944,3.7108549898217813,0.3136218295403246,1
36,34.783951985379574,31.729718339900334,5.798907672791795,0.4715377099678695,1
5,64.28352913771448,29.349645793582336,4.425977656050334,0.18406538949913465,1
6,63.91828707716102,34.44658953664677,5.9148105363497,0.6851894556906661,1
31,60.2012112958086,34.15058832247613,4.5039264308409175,0.3444945257532199,1
31,68.91700581069576,32.95670660586353,4.636645904892042,0.7482883657618686,1
24,53.276064156734975,17.370193591153107,4.711652732242335,0.2131613101349381,0
32,63.36499788820901,30.63994181838632,4.342644658338687,0.40350302820150397,1
6,44.33040628832647,29.455730596336494,6.399271375233305,0.47118433996140885,1
11,64.07090383398833,30.840128008797656,5.898526993081479,0.16652535377020095,1
15,79.53059695539896,26.228376807267967,5.1099485383332794,0.06959109444124922,1
15,50.05143647532459,23.376070448003873,6.02456816398581,0.3170676973184722,0
42,52.40197868012225,32.3156923998752,3.3729282847545408,0.544892143526181,1
35,52.89984557108448,28.21849341133969,3.7715412214489676,0.6526789485677399,1
12,61.29998225801595,32.873464968537995,5.474554762357963,0.42527134322863025,1
6,49.36963727146282,26.645428111576145,5.735536555807888,0.5002776131050455,1
35,64.2124737869098,37.07955320246339,5.279407546255752,0.5431929744096614,1
46,68.46839945469165,35.005324212853814,3.1173053249216816,0.5119108210485769,1
8,65.34347213453785,31.4841355427294,3.9376654756622522,0.09032855552362551,1
31,42.31584574361928,28.933557933070265,5.416591866504168,0.4050010327146273,1
10,69.95167665158606,34.26204438899099,7.426472289241268,0.20433142332715748,1
7,69.3736741425368,31.96273907618703,6.217912665058428,0.5337359742897543,1
32,68.30161372346305,31.192920939653025,6.577304298470772,0.7580762522812572,1
22,63.72842248655825,35.214327047798044,5.339725422190299,0.5794862993055433,1
24,62.201893142051325,37.1326807720332,5.332490980789377,0.22182185146685252,1
7,70.32389398126396,23.737944077572276,3.9665145327439237,0.20775688559751826,1
44,79.23513487603455,24.748079463250967,5.951822053051617,0.03699813041571143,1
21,50.4695953663515,26.09869637260601,4.926818297458997,0.42638088215309056,1
3,70.78125395794771,22.487877011782242,5.692732375463719,0.43286153616243117,1
39,59.13782901992547,29.686257372154245,5.0306863528809345,0.23643634533602342,1
2,58.703269479713995,33.00058227622253,5.27911842475074,0.7642584676822604,1
28,44.63469309617962,29.892908525238315,4.912271883701378,0.38648669660344503,1
40,57.15210590484605,27.32939179193552,5.224624697822893,0.669401398075399,1
28,50.02735042031585,35.63228878564579,6.00007655754523,0.6400703322237786,1
33,55.36145570494054,30.702782016033748,3.733770470930776,0.6047404563953748,1
33,49.018136162218504,31.714914836831593,3.50707757368489,0.9080661604839734,1
27,55.51091612686994,35.7711740244988,5.425864577638899,0.015890115788719128,1
12,55.93889642976597,29.38379030574433,6.440574297907617,0.06803731084344367,1
14,60.967549184388005,40.3010703631234,6.692744616801082,0.7221406503499873,1
22,43.85250137708669,27.76092498064117,3.775589782289928,0.35352591897914376,0
43,45.54481852254676,39.9897410225645,4.5971261645976265,0.9865223953225423,1
25,63.619142707305265,25.126324090437897,3.5207847455550905,0.21641272253256216,1
3,52.02561882929901,32.58742451440221,4.44938837361288,0.18341903809175375,1
25,70.74529790229931,26.787339155968816,6.122848095049362,0.5882218245941179,1
39,62.252697220150466,35.59783058490546,4.987108216441601,0.2794252788886711,1
8,66.06762150206407,27.60883696070786,4.626125920376212,0.34049298506902126,1
4,74.10692320420895,31.45435595322043,5.54508575641121,0.9210243239828434,1
31,56.90289188193427,26.747290019792153,4.204947910190529,0.026242668647726508,0
19,54.255132945837246,34.68612586833307,6.592978364881858,0.5312594199172156,1
49,68.71702585598814,26.721243696804304,5.007284972241473,0.334899428019535,1
10,65.09513563929686,38.41707422371334,4.598205757040101,0.3459919759532891,1
14,58.12669690178699,25.02001446519305,5.586849234795611,0.2478088098883161,1
31,73.91457966955942,23.271860408359267,5.939286160211046,0.13485008677816557,1
27,57.87755690160069,34.75776039039543,6.595975240149259,0.034481661725059065,1
21,60.32773637555781,27.041781798682393,4.7900310937418356,0.987695506239954,1
40,60.21222650834258,29.96381343275232,6.086056522693717,0.6603660251134209,1
16,50.65406105101529,28.388794230821397,5.1012116118999975,0.7772053066603625,1
25,60.77585389486391,23.43695866423655,4.388619979026306,0.06500229929993961,0
43,73.96760177398491,29.61503167930831,4.223188470995765,0.014837413504777075,1
6,64.44968315376175,36.32457947486151,3.903016556366996,0.6002886873194444,1
41,60.310634263989314,35.015685016527826,4.258306001110886,0.7238313892335184,1
25,58.38232718834331,31.158963813129624,6.115706621760084,0.394866266225365,1
24,63.30867028406351,35.56134146517554,5.706709601786037,0.3877551086839276,1
9,67.49766628489185,24.702407076529116,3.7587883440580505,0.3844795213275576,1
44,66.09238830889753,28.37272835547497,3.2536090797850648,0.15275584796102093,1
18,56.68135138178021,31.979024703651042,3.8877068442035894,0.7539135112007355,1
10,63.247815941101145,29.34792586591444,4.223263791752851,0.2151927323403886,1
12,64.79939741148279,28.765883347617212,4.6967342894229915,0.3244104959762911,1
7,49.92805012473022,23.996781338394523,6.172863523008714,0.6712597375655835,1
39,61.68230541183694,19.593293056786443,4.452283141100334,0.0001047107981435591,0
3,38.38696113697638,34.08933212474818,6.680499960177274,0.7662571859599794,1
46,64.82533709821185,31.21610786626113,3.319800107678632,0.899094748266758,1
30,66.60343054562682,34.50999189105046,4.651367479237694,0.05161737526326793,1
27,67.4754612578646,27.813820289208127,5.785548669136401,0.5916238064602847,1
10,56.049531478304324,26.43611057586203,5.847205252366433,0.4084589698143404,1
42,63.09046835024035,30.03273983318317,4.664286043611607,0.07846339139347225,1
0,74.23953845541166,34.270998243064085,6.001753433784197,0.6822309873202942,1
48,74.13769648291259,28.842738925061727,5.812196442506883,0.6123186226673364,1
46,59.70827300773439,34.00892592164243,4.317885340687489,0.6426603272164181,1
37,61.3931963072956,24.968459972034566,5.314928468444422,0.8134953650370442,1
23,71.10911144734433,29.192764334150663,5.703613284076845,0.28691897560982826,1
46,44.99197984737825,29.649429279609844,4.389465232427175,0.6770680714343819,1
30,56.769242573229754,36.1319497196096,6.694325450269163,0.7433176945832772,1
40,73.35570455536757,31.03813699007954,4.164638053382357,0.16881496459993894,1
45,69.75200541684767,38.73038759147097,5.144092883294512,0.9570668750624416,1
49,63.69263777649905,23.261576000262586,3.7502226835804917,0.33998104468813284,1
25,44.94167594669379,30.649594522056397,5.1033601986625605,0.7137082264816779,1
48,59.50089766958838,30.89699019590223,3.9329267839291777,0.7540201262858824,1
49,54.10084603750067,33.100465987934335,4.705870858670737,0.5040309193063757,1
4,63.31038902817213,25.933200317755542,3.4134024386789035,0.12871730613084997,1
19,51.906533152051196,38.42223169705418,5.799813400325721,0.27566293241757667,1
40,49.74276605025393,30.064819707358797,5.356280049741607,0.23424695232872617,1
10,39.351347223163586,24.56466243532541,6.087410553636699,0.5186423299175882,0
32,72.21804684976702,29.919875047931907,4.652194835360164,0.261268870997007,1
49,56.00229488556943,28.43419238559943,6.133847366880998,0.5467704769577979,1
37,61.57145783702534,43.91617571123665,5.039279645394836,0.288206754387033,1
26,59.97761883525819,35.24971799762507,5.113167459428737,0.000979133676900057,1
33,49.32566067039501,30.248306778541085,7.1140533253519385,0.3632567337826115,1
14,47.409350885518066,29.440416574003976,4.515324035061396,0.6068508531891527,1
31,49.94684874002765,34.755284312407326,6.22745903115485,0.7736967765373128,1
20,52.76831561170607,34.99431080164107,5.479684940547614,0.028364460979974915,1
45,63.66606247013805,15.442250403396756,4.428095107754517,0.2583130006765927,0
4,52.04282336479388,33.21496577366667,3.6843091095365272,0.9854621200476676,1
5,77.46490631594622,30.139832719893132,3.9669149495445097,0.26181538853055,1
37,70.27151035893151,23.44428089106512,6.130674797854511,0.7771976565384348,1
21,68.08359549665708,34.40107069812088,6.734399526836957,0.5093736184075444,1
17,58.8034109752685,41.23094006779132,5.091439903210226,0.12217398405535362,1
13,75.14280735720484,32.7839797341389,5.143881762621123,0.6434001289950534,1
9,57.81994368878876,35.50214221128432,5.776453433156487,0.96634085225437,1
45,59.68738585845754,39.02059545982202,5.073302029353185,0.8868290327489984,1
12,61.69974539749269,25.848689246399744,6.099700037970322,0.6902927878387065,1
30,67.01823040543344,20.712142774165414,5.291622250663185,0.5121482669437062,1
29,66.36908079002986,33.28433031654751,5.135541313652443,0.31933300554954813,1
2,55.24874721555397,28.761942317792744,4.300787152505881,0.3569666265664394,1
29,54.670062805740464,23.129132738142285,4.0547329205267175,0.3462067408870878,0
5,66.39902957152084,29.609150319321035,1.8409119864547572,0.9220819807687256,1
28,67.15236583891233,33.6377368689531,6.234116799941871,0.2113124590284371,1
7,56.066488751771274,29.2551416761782,4.853392944777674,0.3780298416839647,1
43,44.128119303215456,26.065861846324815,4.599602655264219,0.4319632356237745,0
44,57.92683903991755,28.88246469851745,3.0482927036145666,0.4089009953752709,1
42,66.23525798825858,29.90261767349327,4.359887234227648,0.004198247840519587,1
43,78.0541684641978,20.352588686869588,4.228313541717104,0.27097357691559076,1
32,48.02042037659338,29.286125234146535,4.205226912769225,0.4985685525556186,1
16,55.734287471694266,23.278297639275543,5.332836143152628,0.7604933151436839,1
47,56.10596438474624,33.29512976010548,5.122248553196004,0.5694739853805872,1
10,73.55805339431501,22.19478712206611,3.6387040663802948,0.38486200458461794,1
12,59.65058499541367,35.06346102275468,3.7021589000926673,0.6651408768987019,1
49,50.92673440627735,27.95417465393029,3.700321447669634,0.6658932078749099,1
10,65.58695282921819,27.28512146613994,6.810526087567177,0.24792468274880586,1
30,55.95361479959054,31.47227298650986,6.49272262869163,0.10377414717265132,1
27,47.75612726642046,25.66982777388304,4.147701000900402,0.8031835083464408,1
43,51.072266927238495,31.39372877065032,3.0234056800042692,0.5297823793336924,1
5,77.3404195442262,26.339456126558147,5.12804424301252,0.1765247619471898,1
40,63.84209221649462,27.216327438376155,5.046940116237671,0.26207106577880523,1
15,61.07760055452543,32.026770846645675,5.316916986988398,0.7664244925840371,1
3,57.501062641879535,24.307096331328086,5.741373892477333,0.6532723846070556,1
34,62.92148842118799,23.678313491188216,5.451703953395942,0.9451665640361085,1
47,62.802359460024945,31.24112753705171,3.8835604684997467,0.46494741484809066,1
25,62.92168828207326,29.865500737553077,5.294041087164017,0.05218662987238254,1
11,61.14845090277753,30.84346372404696,5.853823575335654,0.7004228674226323,1
10,68.6879833830555,31.638196183607104,4.275998276996627,0.2549107549687579,1
36,60.231043460007314,30.286877769034906,5.299956468755859,0.32385455345757974,1
24,50.220611644473614,33.040463119835344,4.447219282532192,0.19664825376676798,1
17,53.87577109099132,30.48718143489329,6.9961697209412295,0.30893539955052185,1
18,40.20981306510288,19.963480501623486,3.67317286113298,0.8294804756134845,0
22,80.26817116042392,21.260577026690722,6.155948936528601,0.5767133050108688,1
37,68.62754591952687,39.63974590121042,3.3291872385747308,0.10915374327237248,1
17,51.69929504870763,30.000359335294316,6.793052685216608,0.5866036733915648,1
25,57.181551506029,34.751208258585486,3.8584509325755905,0.6335633555537972,1
5,53.631235257935664,28.27148047186462,5.189671543989336,0.8848236912928693,1
3,75.42547211374117,29.70992452803035,3.3708068133031954,0.8596454435976231,1
43,45.80122835729071,27.73317672864578,3.650018882978289,0.0628751162397877,0
28,61.14476058818779,42.32963665730682,5.897747047624621,0.8666980949763966,1
33,58.914721574351525,31.266212111820714,6.028162311469472,0.0508847340093711,1
16,68.26838630709115,27.325710472469012,5.239358932367647,0.15412198421264256,1
42,58.95990772275305,21.742301432849047,5.741081665490241,0.11155000207592514,0
42,42.41791123344565,39.86866721367926,6.044878742653973,0.1816972406222671,1
15,57.48882165357559,29.183608073858483,4.315823136200685,0.80326199423569,1
1,50.278377820566746,33.72114559780799,3.6010385656831856,0.6861193446534396,1
33,60.795795465565604,34.27998645153273,4.986296613797205,0.6869624373283231,1
7,74.34177036520326,27.68584738284815,4.422798814102792,0.9221276186789696,1
12,42.60574755767722,33.36226387693078,5.388621480200995,0.39185103243996877,1
41,51.99777264600096,26.97930856624191,5.5480286120879265,0.0032874431122135173,0
7,54.473070462165026,25.04786818980292,4.318349209430719,0.6397684520689753,1
29,56.18368904586789,35.82232346256106,5.704108542966443,0.8680743864256488,1
31,67.40125664105244,29.209053100889005,5.654138375951308,0.9762601805610449,1
35,58.26455582438612,32.592564168013276,5.72331757888902,0.36389273031597036,1
46,64.15802725720445,32.05460496940886,4.592207622989407,0.8221521884430948,1
29,53.74226956268224,33.189659800276445,5.779922164828575,0.8492277143386605,1
0,62.299243454179376,22.217315328991877,5.520002280675193,0.14443784108724256,1
42,67.77797630877716,27.07354734341815,5.640184644756561,0.6314985552556653,1
38,52.67700450262912,28.377624212517876,6.6777885630885265,0.17314009914086925,1
16,67.81358119806515,25.842606635492547,5.327774189925412,0.44663081815369376,1
19,60.52372768727569,32.14503424008194,4.393037776002533,0.8792669192056812,1
23,70.45460240482252,35.934465387979486,3.8895454690005358,0.7894671121574774,1
49,57.985800999230264,36.72592327673149,6.127936159993822,0.5703394570317467,1
21,63.81244655162099,28.30397617395058,5.3573076760354486,0.8087091643431323,1
28,59.5939376832147,31.459829312289536,6.670021988320224,0.1528275088440162,1
21,59.037877379594214,32.22821752245049,2.97044780879953,0.19491936758662898,1
43,62.5893042822569,33.10628047101765,5.910667087786442,0.2088647915569377,1
8,65.36807469224904,25.60932463463678,4.738862664579372,0.7760135553964244,1
36,47.50435088075995,39.10290134132483,4.646479005118829,0.8909655045397616,1
9,74.33633608817878,34.63260092173222,4.235192159851409,0.5628363204403689,1
35,41.40336959450202,34.763246718462206,5.899571013885143,0.9579716247356753,1
36,53.15187890261104,36.017300284501985,5.613536177283224,0.7280302512054606,1
27,59.05730929235099,32.670679711329925,3.8576179749605597,0.5636838338402289,1
27,64.12355969085948,24.863432884745137,5.164921437925071,0.6115905268527292,1
41,75.76172527741379,29.305136342224465,5.706114330680471,0.8495341532464175,1
42,41.417085117748925,21.744733024690422,5.178010525925907,0.09018070742089412,0
20,54.923058716102894,32.07536254849542,6.107840300026939,0.1680174869983848,1
23,38.73166512200734,29.153931709172266,4.709961456110817,0.26629498377508165,0
41,60.31621973910248,29.79738808236534,2.7456423268955255,0.8947758559903022,1
39,62.716835845000304,36.02000565042826,5.186717560768237,0.9449449711206552,1
1,75.90795742171252,27.715029807217704,5.18062576940508,0.3561705484686619,1
7,61.20634760893454,28.73938420613962,5.311186496704354,0.9238572260112431,1
47,70.4402512944238,30.10986647981608,6.106979097967701,0.5468478009671489,1
26,65.83837081539059,20.800038752931837,3.0475367467066934,0.47327374417875934,1
21,55.647518029948316,28.669681721189985,4.76151669566734,0.8327646779295999,1
36,45.910392532079605,17.571025438569084,4.077342191998449,0.5460834368858497,0
26,62.75002298291811,27.072392190521303,3.791969611881515,0.4544822988678807,1
28,45.078979828546366,34.275945266964136,4.927701000437107,0.01596350427033466,0
2,72.95207072669643,32.23633279125534,5.701822030280676,0.012897662403908217,1
43,58.37937897963176,27.02589844772962,5.300946604859159,0.6275914001244614,1
12,71.95177411511416,30.20399109111906,4.312477577504239,0.07341693084691614,1
44,55.197855658676005,24.625052164347974,4.854528400456282,0.7369453087362632,1
9,62.68850786400992,29.9882829842524,5.929896444629616,0.6223414632920018,1
35,62.09348857334689,44.65160142746255,5.683129245060022,0.45772953271215433,1
8,59.54955881989076,39.22900660185966,4.447229986773371,0.7098036431116866,1
26,55.673404866034076,30.263110650086304,4.382503624336022,0.9930713444694486,1
33,63.9245601847052,30.80072082457687,3.2835158394010024,0.2463567736325204,1
0,50.73836736516792,25.102173426827246,4.570588666417636,0.5570557001472606,1
31,47.905646710409414,25.991054460244747,3.264211069561483,0.8428559062071891,1
24,72.42826893326827,31.810921610523472,7.067069687386114,0.016874904539759594,1
28,67.271679888921,27.375537171817577,4.14488184313329,0.20350832870251223,1
6,60.6589160860224,34.52074797425791,6.108980855313217,0.5209586561598897,1
48,76.65142382543782,37.848428404888786,6.81810620789199,0.5522460249325004,1
2,57.32234481275155,31.663103923905194,5.216201408527988,0.08633326405235775,1
19,73.22703219988979,30.508686029199634,4.899985743613094,0.40742952566641266,1
19,61.75574084925822,21.59610187544674,3.6776347439449175,0.5197847579861811,1
29,49.7524924992361,33.73805122636025,4.495399878351225,0.4229756988103447,1
34,78.48040191770849,24.28164349230471,6.603965047869026,0.7005962558037933,1
34,69.90710846624086,27.909954356832902,5.351252629622269,0.7713638886443674,1
48,58.78978968990436,34.797879461925675,5.028348207458837,0.460261619256777,1
38,67.2717125953395,35.14879082154516,6.312123209175662,0.42565972783811323,1
26,55.962965660020934,27.667462363249413,5.696290548455716,0.7053636707861228,1
25,68.29149035059542,27.955422325400068,4.852126852220237,0.5553023588871225,1
13,36.08921434716041,26.50340563371664,5.216255835673597,0.8704394466139689,1
16,49.801986663054066,24.010731273370446,4.231934962568692,0.481146151414673,1
17,69.79259744286963,26.82602258947879,4.438959353636414,0.5743274756721628,1
44,57.50344461781081,21.934349905426558,4.793701370741341,0.1288052031407083,0
28,62.07542294888742,33.41531290754133,5.55747106237369,0.8359972418449356,1
19,46.53214337884565,31.97261802580938,3.7526370273099543,0.42229213168380264,1
26,78.47866995702103,32.80264642435257,5.076240330422729,0.7190632927893217,1
17,71.90529643717676,25.227979747124287,4.610137839936936,0.42948274908113093,1
3,57.993147816246704,24.02464718242472,4.099070781533795,0.0010122297369256072,0
0,55.953041431366735,30.2675713715678,4.6155084505083455,0.4004102502664021,1
49,70.29604361419693,30.320512824751127,2.678596736949778,0.147502195078566,1
0,79.82470450168927,29.263650862435274,4.242411325971621,0.39861507930166695,1
25,69.53760255811353,28.552583654060754,3.900513117924044,0.3213439402276599,1
44,81.71802667396602,38.553878888471935,4.720083957399236,0.20254737867560135,1
19,50.77648670938082,32.13012505896489,2.720210177036067,0.12377209716627413,0
22,51.80613169501209,39.853391957332455,5.190892743509469,0.728561222249406,1
9,48.110588819466514,36.34482512715817,5.909423296406863,0.7548603022996687,1
10,64.4176064964948,38.516354630086724,4.882703627770101,0.2649975052171575,1
40,61.7560354980437,24.627686168219988,5.498791873404376,0.49519022471681884,1
40,58.48048876528014,32.96585495499015,4.487269443598757,0.46407094746023114,1
4,68.09258628123298,27.841172555033136,3.4453788762241264,0.3552475710570018,1
0,72.32328605214664,21.683066443202335,5.001691321285652,0.2776371817967549,1
16,44.74337590713158,37.48001584777763,5.680378376985219,0.18603174268169376,1
21,54.030279720988844,28.531537371471856,3.6756118743923425,0.8728926200686428,1
33,68.2014359412306,24.724491848666577,4.534772723678165,0.8333124876573444,1
44,55.32261316141418,27.927180683756532,4.7528835990955836,0.41717941023671656,1
40,52.01793923641846,26.018879386130905,7.8514076452849455,0.7212012565275506,1
28,70.18537427650395,26.531510161916664,5.223371194719892,0.49833208239921867,1
3,47.1049993027602,28.891983049086754,3.0944264211362227,0.08538326529272833,0
4,56.98420192208895,38.65407596522371,2.8471490981577903,0.8223905084430511,1
10,63.28644025804809,26.668413917276872,5.73049883026375,0.21927154401409854,1
20,54.261800860898816,38.29635332109595,7.485031975996529,0.7068175107281433,1
34,67.83155656013174,34.244183979897606,4.719025515399281,0.5273979649151659,1
11,54.31123024802631,31.98135781793043,4.6591804079414905,0.6905399698145,1
25,74.0861949344592,33.74060016125937,5.4307741761975965,0.4712030557239626,1
18,58.742537025042274,30.06827831918729,4.2017035916548915,0.7025611484769867,1
44,66.71270136705354,36.43025051931713,2.455845379571327,0.032812552945086226,1
6,67.46023952982816,32.834901316335504,6.037264389275686,0.040852939100912034,1
46,53.724599972559275,21.676670074872433,4.38681787159817,0.8963399652155097,1
6,39.465134513441114,31.481259659449826,6.050117865821371,0.7496940159715572,1
25,63.60755754663835,33.91986571496307,4.23901320968932,0.828467519882902,1
39,60.72288347124869,28.554993906993914,5.121779127460538,0.4565853869213141,1
4,65.55826027575128,30.631279363569664,5.8548319474886945,0.4596468618828774,1
20,57.734725276171616,26.935710026627966,6.070350951071872,0.534004035551073,1
13,55.69572301199284,23.1118717196822,5.232988667481424,0.24366204675985048,1
3,80.084730109817,22.248115645343802,5.183239095798999,0.7335024984885612,1
22,45.27645938489222,22.314660064655683,5.6197061801791115,0.8294544034005605,1
41,67.33950478364238,33.34522371235266,5.464169534394152,0.907224092655396,1
19,54.25398141816609,17.548591458118356,3.708819465828687,0.5170338483754986,0
14,56.64221382259578,26.667600365182594,3.727917645696158,0.41457650572734184,1
49,56.828971674260345,26.17173357377311,2.8909408969791204,0.8309332443449622,1
44,51.96565725828743,28.58920232006268,5.7665080008396465,0.7526657800643747,1
28,65.7122421023624,20.717842250318988,4.604270226289,0.8672732197091927,1
7,73.90643595949958,32.01944047370309,5.820197245376302,0.6557310574524087,1
40,64.70013661246662,23.634193029200503,5.403710573454491,0.8833133034728666,1
47,61.03381996212095,35.66202770354634,3.9975733184290307,0.08904166604532127,1
18,50.13559500900753,26.89117156205584,4.879777566465221,0.6795615776854959,1
47,65.16825265824451,29.5219348829404,4.545177948335908,0.08879508848722184,1
38,81.56349631729299,30.01886928277603,4.390776519736438,0.7489076432935146,1
45,56.193053762049075,31.22120526430286,5.915287325493281,0.6284438701329399,1
27,56.24016420648134,30.18507188748071,7.5107434705476726,0.015992021581576532,1
45,54.38910869019003,27.86444725633684,6.116203641743548,0.5992609860734446,1
26,55.10585765505579,31.715242653470217,4.973043632642597,0.14627980855867384,1
3,32.54700446327615,32.33073565247477,6.259507759956124,0.1424114197790698,0
14,64.05035385855713,26.174326664451897,6.712902650310803,0.1504630116566178,1
34,51.54447823645386,32.131839094867786,3.607629217689703,0.4838236022468424,1
36,43.897368812082,35.95860151200848,6.22485476136253,0.11552025403187505,1
0,67.53189949732548,33.52947098052276,5.769682018743206,0.12565574845272776,1
2,49.17982214958064,34.66187620823594,6.1881190566565,0.2561679861338765,1
46,56.61330946116242,30.859604244537227,5.813287456016901,0.0008582238277602405,1
23,74.6644239118858,25.319247769625605,4.7722709924658595,0.27578976695736623,1
26,45.90784201975487,25.951777701481774,7.032870644182767,0.6184077668020328,1
39,44.67401765402238,31.59943983927206,5.339598608582149,0.6015705605953655,1
35,62.69306189562338,34.713818625761554,4.565672979305747,0.9695336481646462,1
33,71.49487364010369,43.92955956997028,5.505978015040374,0.1196300789797774,1
28,44.25658282268037,34.909109722193016,5.972395901727861,0.8655713314655792,1
23,64.07689736837177,24.14782121251249,5.094761075861996,0.39118975989658844,1
23,65.80999539961692,26.163637138200087,5.393136383522225,0.3870362879616457,1
41,39.4083951630768,41.392586579779994,5.088367082103652,0.34881088362434365,1
3,67.9850133790722,28.92805534011611,4.339924266899357,0.12473653144295849,1
2,68.7660587984218,30.237573173806442,4.178175541372229,0.47850503709894743,1
33,56.882144267439756,25.197915397953857,3.5971837134284126,0.7873779693470139,1
48,72.52346362298007,37.82551702787122,6.518020034046745,0.875432407147698,1
22,71.36455574324845,32.501666036603126,4.776582751870339,0.9628592581273628,1
22,61.03117925717205,26.126993260573443,1.5724248982447104,0.7852924857004524,1
44,55.48554609675067,25.030873555713644,5.396533079279509,0.6230917056547689,1
4,50.27172107417043,31.53601972948936,5.3758271045073025,0.4975337797059971,1
30,59.62436490633809,30.221030874402263,3.1334323171696044,0.8748972516013959,1
40,65.6975891970418,34.160551086105635,4.167603791666738,0.7395136068581604,1
5,56.75823138959359,32.734842365636,4.123710965439071,0.16125817597151415,1
36,38.0249899473797,28.677598256156887,4.257732309207723,0.6825504927962065,1
9,72.6871389457657,27.28099202269317,6.21277586170357,0.43103859793001187,1
39,61.90223221844894,29.20028925850583,4.851122451933163,0.5957996774218147,1
6,56.20375503323166,27.246595766716187,4.572765115183849,0.8983530838174291,1
38,68.57158388423288,29.34902233597619,6.122389942220593,0.6525705487339041,1
37,75.24638596482757,30.082204643096908,5.495347745183706,0.9387242851762801,1
20,31.980884305121084,25.510345533099716,3.259021742023451,0.8663696752640758,0
19,64.34263649922072,33.153399310489405,4.383376360832097,0.12890125116344775,1
2,45.73350789189653,28.147861427651648,5.3219620871339455,0.011651913778953915,0
21,64.99110506798941,25.790578248573283,4.066109865987967,0.38441140864888135,1
46,61.27927202374579,28.24196285859066,7.029554788421132,0.8653299883587092,1
3,66.3572652644055,31.211290783101433,5.112878763652584,0.23012599271016876,1
27,55.00752385505345,30.415190999066517,4.246623660422475,0.691399921899496,1
11,41.26759888180848,32.11059057452231,3.8770563566639504,0.47599536922301067,1
37,55.496318087433316,34.49173062537764,5.927527588035703,0.7460777604290668,1
35,64.06847635139783,36.52470102004017,4.352138063006043,0.1649768789779572,1
46,70.15392328675223,31.427430813440267,5.379924178291707,0.23909103898338824,1
40,48.28168699527475,24.652988063822516,3.848480643125567,0.24252446949666673,0
4,70.27060426873018,28.654445987348495,5.070197791524503,0.5484658135082107,1
12,53.521277103534786,24.97840807808496,4.364114102116539,0.2896244578050269,0
22,63.624498815945266,38.48427036856141,4.684605586524946,0.8117223728346883,1
49,54.90106047134367,39.937004412635815,4.203719199614543,0.3467942191041695,1
29,61.82170627712102,33.251555987481716,6.0256262778082705,0.6608511487903874,1
36,68.91877634570275,34.292294213195156,4.508996024875674,0.9485018860968052,1
24,47.729859227114645,31.254715966183294,4.856542805080298,0.6069237176808208,1
47,53.20094103253169,31.830279577303955,4.904857719201256,0.2421535222138428,1
26,61.84962587342087,22.012728908354386,6.612270121633628,0.8304566731354773,1
13,84.01583661030352,29.630338173715447,5.8903085873914,0.012542520696833925,1
47,51.36810287833172,25.5942346882687,5.79068075827796,0.2565371614310422,1
46,80.40133885996919,31.40678268769185,3.4221133769736984,0.387490488547784,1
35,80.0442330367517,29.70195077305733,4.343607612397461,0.19597886136786968,1
38,59.026888492984085,39.73410981173057,6.188618715828915,0.604018092539011,1
15,57.018474738001,34.5831384436142,3.8290691845783504,0.5580006169402517,1
21,53.07934801335308,31.422559912608225,5.08401354812173,0.4064965684387696,1
20,59.31797469667331,28.66530156430187,3.934738495739211,0.2943794466543951,1
20,45.93280567440442,38.38010729379965,4.035092744590593,0.433907243362022,1
7,59.23760982679402,29.85022676936735,6.680785652864204,0.29120225671273536,1
48,74.96880273850856,31.65836980817639,5.719270641576388,0.22125850827835225,1
15,53.889149375232826,30.211248022134175,5.983140227794587,0.35127013230934645,1
30,57.59275696010949,27.97923047146339,5.783741480163779,0.6023355819507898,1
41,42.98859525732758,30.182531111927602,4.860711637770498,0.648390856719063,1
9,63.740620881310434,20.19016574660842,4.308403292096103,0.2973471610636259,1
31,62.64481684951374,22.261467993794064,4.597909740582507,0.9473980363295809,1
33,60.63702359765771,31.748152708348137,4.808173545613253,0.2619592299176039,1
8,57.83172949777857,37.84099845263743,6.7762860693279166,0.7121321101782967,1
16,57.07242081227545,31.741105520720843,3.6636435689704703,0.08148005689799998,1
10,65.01900233700673,26.39815572551673,4.4463385513812055,0.6648445460983803,1
31,59.71183398411377,22.785731229663323,4.087036633694617,0.45994874865888524,1
9,63.14971871555332,33.922636302378194,6.05662319752048,0.5691078446433954,1
21,62.149828174545476,27.164024244924494,6.853788259339097,0.18407265951386542,1
16,71.23427287095762,33.2161770927628,5.308786359826396,0.4335639685796311,1
3,66.76994097375054,31.949325790328587,5.391015834843584,0.7662778565571535,1
47,61.9286184315019,32.39150196127345,5.091320923041936,0.7670848328015827,1
46,75.1842203065218,30.16800853676778,5.437478989281125,0.23755596123159606,1
24,64.20268529056561,31.918221924848208,5.773155162357627,0.352599275113029,1
20,73.0496268879042,29.402727993718326,5.4256405128868215,0.0038135553921014864,1
36,66.06942608386638,26.823467328158983,5.498834328278295,0.089962174338176,1
37,41.58080921068457,25.18250469741974,5.775414363493875,0.12673035264875487,0
48,73.04834763319329,18.074956010145108,3.2217218987449328,0.29365132589590004,1
0,61.35176241342669,29.094452187977453,5.002008930145726,0.7590154867424669,1
24,59.48045229099222,37.59689091475977,5.305209042084518,0.5102501321559869,1
35,62.81348347489577,33.65040046268798,5.416148180519292,0.7926081365522494,1
16,56.55016838042933,31.138545592379792,4.829113738216046,0.7549057075970432,1
40,62.270288603889455,26.329975028554244,5.160751499797152,0.5871382095076755,1
23,54.08123933656908,34.98669612879539,4.280093595319233,0.49986020119607844,1
1,72.7427225873437,29.403453440984876,3.22515526430227,0.93132086154928,1
39,58.8641188637895,37.874671568945296,5.9831371013056565,0.5692702226144151,1
14,56.17416157277567,25.094563683526594,3.8656283966804965,0.4828239846157095,1
31,50.75074184280726,26.250152360136717,4.839546136886238,0.8691208095398361,1
38,62.68775789148641,25.763650278901856,4.250870367097995,0.07143871475230579,1
5,61.87107100125092,22.589408147829936,6.58700927987608,0.6560263195179041,1
0,63.88424613677506,25.314776574041186,4.920355285491285,0.11302725015973936,1
46,49.72748112494871,30.516081298829587,4.689543537117934,0.8198216278861046,1
22,43.98818801188427,26.43899487574686,5.747865868725983,0.7926661850496388,1
38,66.2559130250656,10.718123353797015,7.156474167608186,0.5036000342532465,1
16,74.84641861876507,35.37136648710061,5.4056895270580885,0.6610441500859928,1
33,49.73646377610104,21.579531353262972,4.622580538368164,0.7726216913041647,1
40,75.89441283561699,32.946141424433186,5.69659398135469,0.48330387001636677,1
28,62.839110587363805,30.156072948347823,3.4273209314184347,0.9059579137893272,1
8,59.9293709544917,40.58686408210171,5.046429260064397,0.4370300092586292,1
12,56.02451303454222,34.9847874076131,6.993957654956412,0.8920225151726947,1
5,46.15481980575004,27.476977022575127,5.157747396685772,0.5827440488484104,1
5,69.877285159246,26.48968218822344,5.107777656157649,0.4262432639395406,1
19,52.24393638562397,37.513638403996424,5.020636540357506,0.004097534312602513,1
2,52.201933242623994,22.62064451449294,4.604523719573801,0.29555592055647495,0
16,69.91926309886955,30.95439967959354,5.314490672364871,0.8679214923416584,1
48,41.170165533282734,29.34439768375164,5.775273011660303,0.42871278906369525,1
11,44.76402189331833,28.28386965647662,4.668179947509225,0.42146852717403716,1
47,59.818657564919185,31.767569922242128,2.509248261699179,0.4894106810671043,1
46,62.93284429004852,30.947799302543377,5.465617505278754,0.2863040315225779,1
44,64.84734647968924,32.28700371395872,7.133126076520104,0.4915512697574701,1
0,56.98201506603747,30.69487826181642,4.623738591943869,0.37576311644007676,1
16,85.3036966864169,32.08840702508624,3.5288366172433965,0.9094425304325132,1
2,57.72107441234166,30.466825964657975,5.677412984732479,0.5639667711965541,1
25,57.69213847897278,26.70286556391843,6.743832264184004,0.8341509691424247,1
14,52.03013331186123,30.020006301182978,5.5293735697152355,0.6868740955763406,1
35,61.23906816521071,26.428067201479898,6.724700054166511,0.2126029840560979,1
31,66.14961232046775,26.09811697634575,5.793668545625713,0.8676656097008894,1
31,72.0357805453346,28.31924998641124,5.706850985677693,0.08727079738852384,1
3,45.10715735559782,29.402884196320787,4.481999317257888,0.44863786057288924,1
17,57.54004661644299,30.176126531739055,5.285406890753217,0.23915542553204472,1
48,64.46703610809143,34.58189413681665,4.970529043282223,0.5375554226322046,1
18,65.87057534594535,27.507679587295783,4.936264279433348,0.3000495794447966,1
42,60.065486578045395,30.9842596323741,4.746134872048932,0.7228262592246237,1
34,65.42423969532102,30.590138569719095,5.225613467458554,0.9369187011538042,1
39,51.910361070742,26.956858562669673,3.7036550158632737,0.7090899782152368,1
13,75.57905432318357,30.368703931032723,5.811718399281575,0.3553103667758055,1
32,69.9262810297943,35.01360707588657,4.1222547072198035,0.6000699616579538,1
13,46.55072212934827,30.932531084417,4.749728774995292,0.888526091798121,1
33,49.248969518832446,31.13291964513654,5.330559893035165,0.2700283897869056,1
3,49.53078249893094,26.473358345286663,4.072726581604488,0.11820476373827071,0
23,66.77969970896528,39.844294256024384,3.0335369376947474,0.13076398861099192,1
28,47.15272233582533,26.758218148387495,4.616953322302493,0.4948530103433477,1
18,56.6897566579192,21.66108269726261,3.5689025074163,0.7321362611298429,1
5,64.54704396416774,34.30092060109038,5.71231093267047,0.6572577420864065,1
32,59.33834065453565,29.42591480175787,3.846496427457874,0.4538895004846818,1
48,62.588875157127056,28.484790895264624,6.485155563709162,0.7292980401813631,1
39,49.341972886512416,27.272231097942363,4.9942071107647745,0.633969956141017,1
18,65.94854373397244,39.35857312157919,5.059174194594229,0.6282307556008476,1
0,53.867881075240035,31.772951393023412,3.019368671455336,0.20237639729420487,1
4,56.75380325602059,32.74875610822542,5.1448626288505235,0.3125834330262819,1
26,62.37731727905986,30.81307811791134,4.919820083126747,0.3444243252892102,1
15,61.030782215308484,31.35024806722598,3.7009109650745304,0.8081907582838953,1
5,60.23980019015593,36.993123052797074,5.087268338796808,0.7751104909653611,1
39,52.493731780232444,28.745726693861524,4.602076989192576,0.25267275741490436,1
12,57.004505888008076,22.71531227239635,4.7832121821046405,0.05515227430997982,0
47,60.021835908370356,34.340273271138884,5.025881762194047,0.7677838092064555,1
34,46.24914766832915,32.48350806121196,4.528545786841798,0.4098661787943184,1
18,55.37467033686621,30.539899064425214,5.246456626948868,0.21980316899028418,1
11,63.876798790328465,32.35376620773893,4.913444517649037,0.11701687057109544,1
15,47.22563396154658,28.14627889852913,5.472768468386575,0.012814650588500953,0
42,71.5658165159424,30.103462914271297,4.471325406028009,0.42772963481388615,1
9,72.69613262599843,29.34149873070045,3.9350802470660406,0.33976381438682546,1
24,47.548494240399144,27.042558714645416,4.291131471561862,0.6964701507072828,1
19,73.57619633050139,35.94586391552501,6.442656768851778,0.9766654321874082,1
30,58.56418411287866,22.938706862910998,5.955966526206747,0.20678261961615396,1
3,64.18514559157055,41.80441085906483,6.213379132599109,0.2430361403739374,1
43,55.033489478717534,34.38681104603238,6.28271395817022,0.33730257686439646,1
22,69.23044827226762,21.110122326488245,4.533681942826798,0.4659376348833053,1
1,64.06094018848667,28.879168352545353,5.295811935408462,0.6976986953405354,1
21,51.858467434023964,29.15727042048221,5.075839002847962,0.35203152183860664,1
36,48.347980000347114,31.959433144710562,5.659538525591422,0.10420054297077908,1
7,45.39697564790777,25.0531086463014,4.710831754769033,0.7303416372477406,1
6,61.87941776432756,30.160126716841088,5.092974157091004,0.7946416780178531,1
13,65.72471411779736,29.394403009386764,5.072271477619686,0.24764865558791416,1
2,66.50965678779441,26.311908187132808,5.532262399915698,0.13675624374230655,1
49,58.82018905392622,25.61623884264384,5.655717221071599,0.5278010514657503,1
15,48.43003544335636,34.594023233511784,5.0936710323402,0.2083143008713465,1
18,53.17925201976217,21.517087299787033,5.123990784065808,0.37416343334862856,0
17,71.52348638961925,32.38939468048026,5.225898020748704,0.7773612201288504,1
15,55.153714353999185,33.98755153439062,6.646551420623043,0.2196070431845888,1
7,61.43417630681476,28.90720830830792,3.270002208683068,0.806259261118711,1
32,49.24349516425113,30.26186419862498,4.030320338782192,0.6740199878163105,1
48,63.36583045459035,35.81747499848691,5.673679596445941,0.21972586373790082,1
11,55.42315438320922,26.475742446379716,5.269784398839091,0.5264046010460833,1
10,70.46712713775764,26.99173785555438,5.262749550150876,0.6140707625062671,1
4,67.73557706206813,27.522581594503457,5.667495498713357,0.20027603781364345,1
26,55.042940534251,35.82662799611641,5.213992893123763,0.1449493358125169,1
11,58.73335972652337,36.46146873442354,4.440717521550776,0.5311679344262646,1
16,54.488837599593715,23.020548827681907,5.628809140108259,0.6938411661356609,1
5,45.8056680345499,35.03120373655818,5.0208871629990774,0.46506884007154825,1
32,51.42557570452783,34.09454153173642,4.552422821110446,0.07003924853192034,1
4,61.982173277208204,37.76797405224914,5.690360624577911,0.925212706696798,1
27,63.25259498229582,31.925540160631897,5.651033858282,0.6949654458545106,1
13,61.48547903592639,29.778699398607117,5.214766491600792,0.6211962857868949,1
4,56.98266946041364,35.726083432858296,6.717119153994558,0.6436270119306773,1
32,69.33066605720985,33.49451895750883,6.326826734770284,0.3986056009080694,1
49,60.635419045609375,41.224492070743636,6.001857194053802,0.9844004993061019,1
47,67.03253828095947,34.79353922480914,7.566365572808747,0.13267921171851194,1
40,42.26224867797481,30.767739882119578,4.853536598002284,0.7391413774832266,1
18,20.775997483816575,24.129478098119144,4.535199670683906,0.42087596026709884,0
21,62.8378802783808,27.09541411402941,5.860363099303359,0.8810960476081263,1
4,45.752343462785106,22.82022510985992,4.747365702005719,0.7172612742170478,1
1,57.87548297286944,28.924689819695683,5.011927715647823,0.5622522233596923,1
29,56.97902958975394,34.63033796616423,4.014080034249695,0.9376936343881803,1
46,75.87400602415536,29.981644557597424,5.6066594577131275,0.9124433609397369,1
38,63.99996552943607,35.10862634380037,3.52899275446239,0.05233399595224564,1
3,61.658590267986725,31.68786866719507,4.903561778840631,0.19258804673939278,1
32,68.36991154633674,27.984538551229953,4.9846442624842435,0.6760465849045786,1
12,63.68497586839039,30.43812577584982,4.563961157580168,0.9218394265060845,1
19,55.42323007011567,32.36048345527548,3.2427852413385,0.43033000253514264,1
6,70.7147593025456,30.69611699231808,3.2353689062255495,0.038305245360408025,1
14,48.902498721117254,30.75342114425957,4.2538275933282,0.6432972599800373,1
22,63.23247187533562,26.15474946206647,5.539050328762064,0.19468699724114358,1
13,44.52430205863689,27.83511867378892,5.288924861441944,0.5523217333166839,1
22,62.03943857515995,41.29230398077322,4.983564641168859,0.3846832586245532,1
18,61.929896417729296,36.142332452117714,4.115411513982522,0.5580270391020311,1
28,76.76454961914663,22.63079551595142,5.341132221261107,0.9324363194633998,1
19,44.3502610655822,18.165155212468193,3.200970721961082,0.48580059044297197,0
28,53.99112824146187,30.38096210724361,2.6034505176280223,0.034528823772123185,0
23,68.22682426574144,34.46736447212995,4.756928448784995,0.5809179862794438,1
17,63.353172563973075,27.400290812888965,4.453948619902971,0.32574553017531793,1
9,61.803050513375034,35.108293640989686,6.0131712976474585,0.7781348843958051,1
40,50.438642970414605,30.298272825035422,5.157983777772834,0.46992847029467544,1
7,54.09181651908571,29.184693601365126,6.650735309999851,0.7413707378316422,1
25,72.45041008223257,33.78057588087591,4.45178493130454,0.9088209953483137,1
28,59.48490806246072,27.340621035488656,5.486772291522161,0.36227399127245097,1
9,63.753596961444735,28.566468390981733,4.74772287058437,0.9893779123908035,1
16,58.84811671223521,33.35083631065231,6.381719724131138,0.14981286593978516,1
1,48.16914484750235,29.84302031466988,4.79594955287592,0.6439316818931886,1
5,69.33810426074997,39.54388136688868,5.854406780145765,0.03476760313124483,1
4,65.03232384532497,33.469127064280094,3.9223810354758397,0.21305666585113592,1
27,83.05636837367189,33.144069141663806,4.584787356867955,0.6337785914565751,1
40,49.84418620349455,29.752476769674658,4.915956588072533,0.04619173956109668,0
4,68.22572921200481,34.37377338354803,6.2634175399628,0.10178708528835867,1
17,46.884560339629985,28.38696113599177,2.802813058991961,0.29101059491521397,0
25,61.57346567673078,31.411888755997577,4.667355553554221,0.5756371359822509,1
19,69.76506589063165,25.4185347649772,4.633519873572699,0.015982555391149122,1
40,39.27864883903513,35.19720696115296,2.9230264776056196,0.48235425757781214,1
48,57.950675257583924,31.453023486308958,4.535964239253185,0.6257437487451047,1
26,54.3679026595738,39.912565318489385,3.459332868808706,0.4025227888323295,1
48,52.98042701704878,41.96149191834879,2.6693365219626077,0.06763980747890763,1
11,63.852126522593544,33.81659725716574,4.737687171504677,0.6108746351964212,1
6,71.20685706422596,30.342126556039517,4.703854879196141,0.6058353969144674,1
2,58.66721284770845,25.269677439372156,4.755046417040668,0.506042355034503,1
9,62.0548642756002,34.52374901629412,5.252858245898351,0.69314547559554,1
33,61.143087530592474,31.05142281947614,4.120603176786301,0.20780173315328432,1
24,60.01803506356414,32.69017419577231,6.790856013445921,0.6785407423505577,1
34,49.10657362287894,38.64893693728122,4.966705991868497,0.1614547396502526,1
15,71.08444601722893,25.877883556683265,6.2864304630614845,0.39269363103478694,1
1,62.95195368158836,25.37847915759332,3.320100758511288,0.0675666462785981,1
23,63.94881490002577,28.8178703081466,4.165470349908126,0.8191273320802067,1
9,51.93490370974418,34.10600574875912,5.68631480504423,0.5382334210149409,1
37,55.4077960201076,32.774336201072444,4.773435724322066,0.9710492023636883,1
21,58.23865802289222,25.52155744152114,3.9268206126270337,0.9423266010770811,1
25,44.65875306551148,33.78276450351241,3.161370101355919,0.9985611362318517,1
42,43.11965674802322,23.993935905533686,5.733203672240364,0.10126617028223972,0
38,53.992520693614324,25.811291628255713,5.651602254948855,0.606580378536662,1
26,65.2252076644239,29.42271341405405,5.243320691419228,0.40757521163416055,1
28,53.46862610070059,27.2328437701239,4.504093809214083,0.532664587403624,1
46,49.811948024092864,34.44929744325467,3.886909972370195,0.3087673660033182,1
37,51.8531434676233,31.43189241500547,4.9470184601032985,0.048068838058429875,1
19,55.44657576854687,38.827805888136304,3.6846813963545997,0.7077502696069947,1
26,56.46141037179896,28.764073173227928,4.24841591943541,0.9658170738331703,1
40,81.65521452206556,29.38898924479628,6.261250581399549,0.532381826084405,1
19,70.54620628487318,36.051913045308815,3.1491642368685806,0.32957995046189525,1
43,70.24774112281727,29.54539598438102,5.677527826900367,0.938278248731973,1
18,71.68580364273382,37.47002623853773,6.4941959514491625,0.364666529474856,1
19,50.011791306659504,32.704141051922456,5.8162597193826535,0.9145291927403828,1
34,47.776353850127606,18.236067650573204,5.398212878426484,0.8556908548250707,1
46,48.931297084659434,35.88785207074732,4.536427153828876,0.5287110057487415,1
1,73.34506133337838,34.56363406559905,4.354111945565987,0.6768726666684572,1
29,54.52808211117509,34.75666303055272,2.751869133936679,0.7003174436156105,1
33,47.48643817760713,20.44510810727371,5.037006680267314,0.6410917050272575,0
21,55.690037997801866,26.685050193644763,4.597759551270906,0.16074995497195865,1
2,57.61394468285373,27.05647583221615,4.301965591318093,0.6927762117068205,1
5,62.68413273694562,25.794393162198038,4.979918971120987,0.0032180841116837833,1
14,62.50951020712043,38.70961265946969,5.062369480204655,0.710036818379263,1
26,51.71819436126492,29.94116081088183,4.364442702632946,0.5548361346252008,1
9,66.85656392513711,29.817195286854147,6.613080783476787,0.25976042214283845,1
8,53.60806466249842,32.760041551578894,5.7306027791124245,0.8037643447438484,1
32,58.43723663294957,32.84650833944691,5.896278558373279,0.4052789388765209,1
31,66.86774070503355,13.325536446870853,4.89669721636059,0.4857771846161324,1
47,53.58178596055659,26.768212314253184,5.5112357322611425,0.02767455486713466,0
5,54.30648576418862,22.936057111043617,4.104295399401437,0.4013196857665261,1
40,65.9166804969313,32.001530465774096,5.666258540250306,0.16736279248315977,1
35,51.42266823394981,28.555537928329763,4.79559739268626,0.2761433118347436,1
1,56.15207976395929,30.076937822506345,3.978016464985674,0.25213949868673935,1
28,65.55742178042892,19.607401255547387,4.977233328780771,0.046020793734093735,0
3,80.54092441435975,28.45073887654751,4.70794596975011,0.4604945452476179,1
0,66.05404504762747,35.575651259164076,7.323069327220917,0.5225924131298888,1
18,64.72639762990012,37.04724741551084,5.435394248479912,0.5710626286813167,1
25,65.3080158367273,33.594317097703495,6.579717467448222,0.46221977049235485,1
24,49.26809725932951,23.322673532759406,6.131287106358727,0.8695268940170736,1
9,61.15596738679908,36.29700901496062,5.037780599797499,0.03767974510864269,1
14,59.702335116635986,33.62001127500008,4.556280797069955,0.6138086057932604,1
21,63.21584540372756,29.41405482967731,3.2597734187996767,0.866131679640283,1
47,61.16508052475871,19.87481842745128,4.12905644933526,0.04104024091236047,0
20,63.79699677417113,34.767974753312586,5.6627534577542145,0.4963069994242394,1
21,56.88532805100798,27.039168350083106,4.697869614879297,0.5890271928818982,1
35,60.58608917371793,31.730829105273905,5.375820325738442,0.19090574957667794,1
33,47.72171433943008,30.341969303183312,2.9697248486526635,0.25250010883189933,0
29,56.80092721997086,37.69197492219139,5.453514849097373,0.7855933375433521,1
24,73.90833548176643,29.37316507001246,6.096481557199286,0.5673977817095203,1
44,63.18808339628256,29.92443204957026,3.2242417101937466,0.315778697242063,1
27,59.79078962616923,37.89307695239315,5.3715639063567995,0.7647552222772703,1
0,78.96123276254346,26.70888878124906,6.343534653608461,0.7467155742042457,1
48,46.391650216989206,34.07161425703889,6.680086649339466,0.34540178530838905,1
44,48.9054444455378,29.00692138560768,4.496500929142041,0.48864763044927406,1
3,77.12711411276273,24.987290189975354,5.779930344611533,0.6645189335375971,1
6,60.45960936048934,30.005804933604363,6.429789820005415,0.3432492178820159,1
48,57.57416963710206,33.45852556803994,5.4013813907803785,0.629009411001177,1
8,48.00795674904357,36.76854919988256,6.285077588996811,0.25107373073177297,1
35,64.47696266395012,37.37346992672841,4.9641383466616995,0.29202082748825897,1
18,65.44459869527462,28.526179628872338,5.394314143770797,0.3106726433744439,1
0,49.055056391651036,25.06375383983893,4.378390773537798,0.9360547704155139,1
9,58.59724414449572,28.406305502112602,4.835399842326241,0.8336721421076496,1
35,56.64484167966934,24.09234623334922,5.433716169876364,0.565165975589168,1
8,62.55977146418771,28.913069002917474,4.303380674954233,0.5638722094115391,1
44,48.80749757779356,28.291673581901208,4.776413626859246,0.05614652205514237,0
45,72.51947454513157,33.63745102078383,5.760873680946803,0.6495080632705115,1
41,69.15823781597604,18.97032410042811,7.052557533176101,0.32811985732824855,1
31,56.36824441267184,26.3319602695668,2.9505615083514263,0.6122993621300796,1
31,57.835812883616285,26.372408477790422,6.9765766673236165,0.8402337477712363,1
5,58.63577849722384,35.93563626204013,4.740128235577233,0.04549830585998482,1
47,52.21691446993496,24.430778112994915,5.964899869027385,0.607063503410931,1
37,55.56570581764964,31.13328679824497,6.16109269999174,0.564200614566763,1
16,57.29729632325391,29.359357927901094,6.564496773940547,0.20676655522943355,1
9,76.12868370707127,35.21521263418191,4.2720381352702095,0.646432948964679,1
49,69.46618308330437,32.97915932255274,4.774728691882202,0.554835233945291,1
26,69.34654707336624,30.6062186591019,4.946403901047097,0.7673201240223181,1
49,63.699256130043906,27.22666562705966,4.642566157502655,0.11061856814934945,1
34,48.826729910687654,20.73828748445062,6.318760974839139,0.4436073537040206,0
20,59.58508895422621,31.235428278437027,4.9231722989885345,0.9979329337681728,1
24,69.7048845961338,32.65244899264936,3.3814523351916312,0.6892808482044704,1
27,47.41735370632712,22.125661937626734,4.366986177686236,0.6842982226364885,1
46,66.36553206873265,23.831529178357254,3.42159997330312,0.317871100352343,1
14,83.22609225262767,31.26164986685838,4.771661213306659,0.09388810422118299,1
3,70.61816645989731,31.69570843103935,5.672549674567937,0.9494943752360206,1
28,74.14029135561988,25.046763449539704,4.345523327696311,0.10547140296859381,1
8,62.18338750442161,27.12967643215981,4.596967035365423,0.9927063106043315,1
26,69.6793194876499,20.81755580714787,4.725234707661806,0.12578097242193564,1
25,52.82146785645965,36.88631951906617,5.140742493835245,0.17090734852592782,1
18,67.95863812341227,23.50062796315774,5.516082778635525,0.3083669550500321,1
27,66.54388134060763,32.711296956242755,5.8072554279353685,0.5123751934895382,1
16,62.89911174037663,29.8251965192331,7.255516982936522,0.7904016521107659,1
42,73.16007419718498,36.447968098123795,5.123495931000073,0.9710083019348388,1
40,54.61215162152612,26.03872953612622,5.735793053979715,0.3588248809574325,1
41,58.12942483526337,30.306263551701935,3.412443252321725,0.020413093225159273,1
49,60.954620413582965,21.50786545381325,4.620817014434466,0.6166795229958033,1
19,49.70389028910599,20.30736581530123,4.729583106537927,0.7107898612487696,1
44,62.269319438002476,32.98166791932737,3.982685111012896,0.39744421553566656,1
39,42.81069587046153,21.07487080465149,4.464007268632464,0.18347604897642333,0
38,70.4695453442821,28.858912327827348,4.892515282344372,0.3060155947380373,1
48,60.46637366565966,35.0564772398646,4.495336625835192,0.6557997093199129,1
22,54.791070960962365,33.7334242804734,7.60183418783816,0.4941828697679683,1
46,51.65626387704879,26.67707256025703,5.5122753415777295,0.743424028652254,1
31,57.65420970380812,22.057484317959137,7.001022738859336,0.21817024452331424,1
46,66.88259710772414,32.54747430827764,6.492651178834005,0.8419856183037161,1
32,65.4773897873756,36.71128391430091,4.360753866549614,0.15588491819672434,1
45,52.94462052721539,26.68880960667188,5.037560467419811,0.3299154289124441,1
4,51.53960327372366,25.983435707964418,4.5651753789254235,0.5912076298552212,1
42,66.56898706319647,27.375490185655007,4.8381772407136685,0.7368631916524695,1
47,52.776525953849706,32.858043554035575,4.02356633081127,0.2661814712040226,1
33,60.59909774079504,36.14258803207456,4.558464670829777,0.948119735481841,1
39,61.23754642524277,23.80196594309739,5.359518881533239,0.7061112831969251,1
10,63.120621317267386,22.508590953376736,5.333122056942204,0.21767503175891223,1
49,68.58270430181872,41.69998160966224,5.253403665216267,0.7257655356285703,1
2,47.37037063132677,29.113386060549807,4.940325175116441,0.6963336947178913,1
32,40.88840674739512,31.26446397845155,5.86074242523694,0.752684071811559,1
10,54.32552718771648,26.540345796911804,4.742956973921462,0.9158807247264359,1
15,78.01528407832186,32.44981154726358,6.391552339761616,0.7117171853791993,1
17,80.22174100087378,34.800304373507615,3.1524024429824378,0.35191029288410713,1
29,78.31177135565888,31.498980857864648,5.656811023975756,0.7905174777467047,1
47,58.070186322393106,38.70429038507217,5.488371112247357,0.6958617578022926,1
9,42.178849180151715,28.366277050294542,4.32543344274845,0.5742591858585778,1
17,36.569608983481594,28.68558763482312,4.644768973144723,0.35383289333022583,0
37,53.859618384505886,31.157031756387077,5.464790939109037,0.9210491764082794,1
18,58.0192636985064,32.32480822753048,5.91593524714875,0.5127547427524448,1
35,73.00625401055959,31.139736310313047,3.2505368316688936,0.628103377037235,1
12,68.67805459542446,23.577924865224546,5.628246067654255,0.4153630880272745,1
45,62.2740507899162,31.562575830977806,4.542348814442444,0.7808153088147861,1
2,51.101552290588586,28.129132075982813,6.125289774298553,0.3410395063871057,1
9,50.3922044175511,27.09511492962677,3.160724786183823,0.810634391508951,1
37,62.541276870714356,30.16241027376622,7.445298965121207,0.10794142867158074,1
0,66.97050978839727,25.192386563353928,4.113860066985903,0.7089618941245887,1
26,63.918812622455846,24.32304338063384,6.4299611867896775,0.4768821492310735,1
45,49.65402040393345,16.922655199980753,4.930815380267167,0.698753562921908,0
7,66.50667628792087,38.736186642549455,4.181333262799869,0.531395643046668,1
45,64.25910967101412,32.77865659551501,5.265114005381411,0.13430632770360196,1
41,49.29333593809822,29.416179393468475,6.029125444956368,0.4769915425504253,1
16,52.15679029699744,26.66388381556676,3.4472951992552376,0.9645589706646885,1
8,66.88495974561566,15.619838589767916,5.70158884928701,0.7548406012367884,1
5,57.65492464854109,26.357355618892576,4.987821501342911,0.3001892820214471,1
42,75.89147301636457,33.57933168582038,5.577044082566334,0.9441141479068454,1
24,65.01129276064576,34.710871517969345,5.01097535733898,0.7789462771891076,1
38,55.13368811810731,33.211459968016506,4.4281311612453464,0.3644471210781587,1
48,59.897943996090675,30.791959778762344,3.8868767486281213,0.603573965776185,1
27,60.63383392637718,36.5193707296569,5.672645112047025,0.42668560403638955,1
32,52.7160968675829,28.357313889557297,5.667271992198835,0.09669039389196366,1
36,50.87411801822373,35.42594458067181,5.662272247690808,0.806029406361824,1
8,67.013898938095,28.077087781398934,5.427596319440573,0.19107812512752165,1
17,68.45273297042095,25.594293455611187,5.94469887183947,0.458038296159045,1
20,66.03781469552959,24.971435097887394,6.406069279769642,0.7026381208885781,1
1,75.15318094323801,24.677517894135235,3.1235821525934817,0.9322136888268664,1
42,54.58226763988398,33.29534014401243,2.6582025561309117,0.06272609044706268,1
37,76.7427076607113,26.28627214451461,6.717947359879645,0.3932335567840376,1
39,50.99078881445847,24.83485577482528,3.658953485414811,0.6146477248863553,1
35,49.873144366315074,33.5686760983068,3.9137567132103803,0.7793093054519453,1
49,42.4004111785075,31.639851952361163,4.712385688125075,0.9209311761005012,1
42,55.54204686173183,34.81295991422901,3.3460284212868974,0.0004973150531231152,1
36,54.96277663170547,32.562997556363996,4.618413302692362,0.6277633826987775,1
14,65.25937280254651,26.234442099013442,4.051894655877335,0.006936925194663268,1
27,62.43890941620451,30.380512082342936,4.766659130302992,0.7872552875407968,1
17,48.07026628980863,30.625664953848386,5.279841304907102,0.14966659701437135,1
33,56.07273761574182,25.40420670762999,4.6564617745704355,0.8946206393445258,1
21,56.28537978912315,24.476875129530036,4.605952714602853,0.15512423574603873,0
10,42.240177530381075,26.596391954411477,5.257995796791646,0.76432898191258,1
12,50.190532729866305,40.1829117833604,6.044291797949948,0.28930392781395164,1
3,52.291863693859106,27.936279528892257,6.602964346921666,0.557253881830254,1
21,74.33625019820946,36.164333956933575,4.781461745997785,0.6084342351046322,1
6,61.914507159573525,27.65669745260101,6.824889151923237,0.20676064864713672,1
42,66.62168753947499,34.44419409769996,5.876706834761246,0.2986968835260547,1
23,45.01364502850788,34.512458277789236,3.7679915460268236,0.1075077824371915,0
3,71.94214483013992,34.76295253976022,3.738791744386325,0.005289005377082101,1
27,73.01102063024092,31.939136710044792,4.42271214939733,0.23946803851606313,1
14,40.01655032855374,36.886832893905755,6.444603983359726,0.5160023558390371,1
0,52.94683276084152,31.89176984676364,4.4986326844344635,0.7135972594249814,1
2,64.9576557301551,38.5676486467014,3.1076431754937266,0.7935596250919318,1
13,66.44388453538183,21.900400984057832,4.7711157911122895,0.0697659607366421,1
37,53.21505269512778,31.74143123833409,3.0194280324395932,0.2724128865488914,1
49,56.94500536946347,31.416617962678334,3.945014353063128,0.7702239787416645,1
0,54.02618938954857,25.317400770972544,4.412971593707414,0.480868874917909,1
37,61.1041804694612,32.89792110881869,5.149668910924691,0.1821869873265517,1
37,71.97178531461913,22.54958662211691,6.024162326606878,0.3922140078964912,1
20,52.28957842858795,26.729078371198355,5.694135943371764,0.27003419089995595,1
47,70.00820497768414,20.00456093551096,3.8206752015525147,0.050653505254220854,1
28,52.183279276531124,37.793132584814074,4.628287737834348,0.7636271455980684,1
4,51.523727875031156,28.842252530273523,5.076375588702566,0.2916936609201587,1
48,68.18594618343214,40.83442017408156,4.737792875553501,0.9451313279330595,1
9,69.21936378007616,34.01474963259747,4.730704774131706,0.8881250404460186,1
27,68.51409936762654,32.24049106675512,3.277256675345728,0.716277480233708,1
20,46.84202591781859,27.068861528595004,3.8472658488603595,0.3266343872263089,0
49,55.340490219279495,24.7682498215629,4.5970601508607265,0.2799235526810502,1
6,68.22988592003321,32.61485786948472,1.9067743250548377,0.47527148015840137,1
2,60.415418405638945,29.64242995363509,5.640644320009854,0.35460250032764085,1
44,49.26307153802536,23.303648422573495,3.6273209002889306,0.9011583240254598,1
46,64.58317939125442,22.415707917458406,5.686838133265137,0.12349513928123457,1
19,52.851927410085295,25.206481354282083,5.59891600447091,0.7244675756150425,1
18,77.94524848392211,39.10483612633115,4.456306956887616,0.6108967943258578,1
34,75.44841462418259,41.06638959005652,6.000548325701538,0.8063011913363678,1
3,66.04097426355567,31.02494573654455,5.743197344924933,0.5424873267502066,1
4,73.61006704769774,30.74471398120644,4.691038529165359,0.6295406776154768,1
0,60.64791350123381,28.318398140852395,4.578240384808302,0.9627406319664755,1
3,67.65437494375016,25.32757325845249,6.097232785664357,0.09196155269916162,1
11,74.77720295302075,36.87589528803622,5.2320138394076645,0.10486565881706333,1
26,62.45498681794313,39.36788196948568,6.044697168368142,0.39360768472789753,1
41,57.44812828485716,25.532904570803574,2.611025925647263,0.47273279340099283,1
22,42.953780418228845,29.585808107876993,5.098485097019462,0.19987204206266262,0
24,59.16866474278506,27.750668496449162,3.422590913030627,0.08266779698286886,1
20,68.23423184562311,27.898804625675115,4.974211492513237,0.02217625656415967,1
23,69.4563342756763,35.92954127714931,5.713820208345884,0.7645922504458386,1
24,65.0436506571841,23.44019227316939,6.7391401457491025,0.48505739366382516,1
44,54.5870090503776,32.33234845468153,4.061833271562814,0.8434034298331691,1
45,40.23178431052409,33.64119053652933,4.474295194698017,0.3608372350385709,1
31,55.04784901995265,29.289244131990905,4.904467092924462,0.703446130027975,1
31,56.956551289460485,34.46533913493386,4.02546889853811,0.48852052236316046,1
4,56.87071032809986,30.73825920268725,5.978559728789257,0.6120699986131903,1
35,66.18556356977925,36.08564960578056,4.929905454634376,0.3701968411211154,1
45,79.85676411014839,22.38897347537073,5.121957023376046,0.08116977044734075,1
41,61.23529201841093,28.256123694965652,5.620173126774159,0.9473735822114755,1
48,57.832682108435385,29.640934285744827,4.92828848362459,0.8360898529186143,1
41,57.407781869959074,16.638963077643254,4.1824608718241345,0.31189177315497396,0
38,61.24384766907714,24.570236332107328,4.936979761701533,0.9587029355439439,1
15,51.71706239651601,25.93200372820607,4.143818640486611,0.300488731415116,0
32,61.20198558746055,34.74102997411675,5.107980889116487,0.4429900202168703,1
48,64.50812336331799,26.465783268426996,5.996937720801797,0.7551356606888772,1
20,62.09686063574488,25.909605063470114,3.825021707727668,0.3090042483323804,1
8,64.57541934004782,34.08742890328096,3.467628998557908,0.3245079786357309,1
5,64.33747609348535,21.910446771049727,5.049249935919674,0.41008215877266696,1
44,42.28103317753556,19.643779662782137,4.232200383256094,0.46838935960266403,0
34,66.36870158395404,28.19203849965327,5.031745274411969,0.12361624181342767,1
38,53.28985154337546,22.761466159608226,5.320403520609701,0.017491658019392897,0
21,49.04160836996042,22.951603526701753,2.8563137710714606,0.9191571928550542,1
40,48.95548172145004,32.86716895843991,5.689849427658542,0.3531886320229931,1
4,64.3354161047253,34.379869189562896,3.8303314970447513,0.10168860155153736,1
41,57.77425072775147,33.944321079260625,4.97765204943531,0.7591714021400439,1
22,43.18031216014589,35.54388330153616,4.34061766456157,0.2950606709978908,1
16,64.78037815192283,36.20567160007401,4.4480429852157055,0.18166407420144703,1
11,45.603918692011725,19.357048955865345,6.693957939617988,0.9626110328606663,1
22,61.398213585182106,32.252059799647334,5.319267520795661,0.9205428914541096,1
15,62.38498925673054,27.351959002152206,5.904688402953591,0.1057458579369902,1
2,68.85577081695045,26.26287877004782,5.150941354202743,0.8992852098215547,1
29,77.81684786466852,32.80207316104352,5.620013574654954,0.8908675260032751,1
21,46.35323674099458,21.348522600521243,5.417378362143452,0.6343745529184762,1
8,59.475261439369504,21.2444569706384,5.254456144686825,0.5297380008901814,1
28,57.236647049557824,33.16786372040858,6.10715590916468,0.2174385178013084,1
46,64.33749685960962,32.43893008755449,5.15650545384427,0.12138427540586894,1
36,62.15668770933618,30.68366327935755,7.285148572217706,0.6063690509600312,1
22,56.4745375726338,25.600432976384315,5.960531572812438,0.8219572567228927,1
12,55.590978113891445,33.71914817291062,3.86045930226031,0.6886438545425544,1
31,48.83549144815952,33.40151446030238,4.823450291017018,0.18080042366735594,1
45,69.8786158240651,30.42652257523727,5.397077599490668,0.29001864025171,1
46,64.59204181599529,24.113394793651143,5.044496835712037,0.5464175871895194,1
47,69.17768197795138,27.873758271352465,5.6868734189721675,0.6249925175434623,1
22,56.896038635244864,34.18916838762222,5.797016704833873,0.0722526125073556,1
44,53.4316453130557,36.635956114008934,3.6404130142010356,0.614051638244679,1
16,49.21684933370772,28.367316983118357,6.281077544716495,0.7363193948636227,1
39,63.58917583740659,28.75163516095869,4.503182534513956,0.1813578486078259,1
20,49.60206775471765,29.191554459874695,4.404095494135243,0.24621871505306248,1
1,78.4866306896655,31.37446504455486,4.4008776072944595,0.25889659017871425,1
36,46.9235741890656,27.09466349969988,5.808576405990583,0.9398102525758547,1
5,62.73660119212502,15.529074712142082,4.732932301852214,0.40701612078798943,0
43,75.66854707213787,35.96384500823548,4.336448355662292,0.5305714563845662,1
17,65.99089759263809,38.97344473581275,4.576040842556463,0.7243143497170241,1
29,61.75673712491779,26.938000701971436,3.205308341084123,0.37146026338696936,1
21,50.31516353038104,24.666733155406128,4.157836236048513,0.10555554694435498,0
32,46.182308114322964,29.31449738804889,3.7604164513469005,0.6543218707187206,1
29,67.70050108917586,29.062480581356134,4.730830669504109,0.6672731665737256,1
16,75.06147240774946,34.9775928858148,5.664193270273593,0.26054781500121404,1
42,55.61150009521828,30.273197208225188,5.553875900933227,0.0352289098507218,1
31,48.60938492383649,26.036885848144085,6.256750497546583,0.6653531542453764,1
41,35.41830569450981,23.407952747209755,6.0339758172966205,0.7034255524482221,0
13,50.19235156337462,34.328170924098366,4.471403285081623,0.026064892572764675,1
9,58.8634315750096,32.99755620582125,5.019071400753713,0.6931832684562178,1
46,75.99123240836734,35.30279939045909,4.967443905778581,0.9389285690660725,1
35,66.73133692232969,25.15906624639453,2.848947317278113,0.1787852830141048,1
33,63.05085404706753,39.19218449764165,3.7827404630902555,0.5213237546019458,1
8,55.99880338698869,21.281527464713815,4.832713322848887,0.6967764547083679,1
41,54.16834282744044,33.5480051070074,4.827103564859192,0.2300794021163678,1
27,74.05647597507964,20.45208616401549,5.512325054205167,0.7515488916625471,1
10,62.0073854075839,26.04834309150766,5.463641629535848,0.8680884296380853,1
13,38.97399308078978,37.805114652239794,3.2293074979002645,0.8145509607698326,1
38,53.264603521027574,34.15682127237995,5.51859673445753,0.2588989155943514,1
46,51.417839682283734,27.26889792256409,5.178587206453764,0.8042164408350875,1
18,54.537359908225355,27.405814785891558,5.623373181644629,0.4133432444023837,1
14,65.62910660285085,30.503110554177212,6.06686558764159,0.26646342482224583,1
27,58.925551182057504,32.57070495380361,4.857117027212028,0.16797146717492684,1
23,59.23134592996338,36.25789691341348,6.24558823698008,0.908981442506687,1
7,73.13473161325237,27.71882997695753,4.110599546106953,0.42689754151662773,1
42,53.03538910213312,21.941074682563993,4.054261879627782,0.8657311868828067,1
8,78.6419952588735,30.7848431352438,5.4287721901355415,0.15954498892979296,1
46,53.28692408628914,27.712845812458028,4.63123245469482,0.7669934661531188,1
32,60.89198196612571,23.496831476257764,5.26163256461897,0.11001334778988969,1
32,57.18796404597233,31.48834457656397,6.992982119844491,0.017564946079942745,1
18,61.23419133500961,28.934431229536052,5.393495073503976,0.9950493077264129,1
2,64.4459199507313,31.532561032348973,5.21216953886412,0.07353733325699097,1
9,64.33835240088877,25.527778999064097,4.130779621348153,0.46154045206283456,1
39,52.4688266937942,32.433552651627494,3.3000201933756537,0.8783853829301309,1
46,48.77085322552429,23.414509016225107,4.92745338472649,0.8193795480657569,1
41,85.03171790905711,25.861343051517085,6.066870246608197,0.4711757129556081,1
0,55.160156603994466,28.78542884456361,4.677061992939326,0.6108485066734489,1
28,66.99212438671987,38.70909207479857,5.401462499205369,0.6297061516628193,1
49,43.923586894768036,33.92412684274247,6.426497272718582,0.10982498301065569,1
33,57.203872800953235,35.385962521338946,6.40151631323036,0.28490409433964636,1
12,58.72800616017557,37.085385166715724,5.4288158876017825,0.3009831611810966,1
0,64.72815069927833,48.01416067905437,5.170106478657343,0.37812815053466853,1
33,32.77545859008061,30.20794533779217,3.4813669509969243,0.27391753514597283,0
28,61.661406130783305,37.10200461564928,4.369805355823059,0.2514984614613226,1
47,48.50258544632107,35.063176272009706,4.719244191981927,0.3547855127184657,1
46,63.24345711194924,34.98016251653763,4.147668388565847,0.3792265079031819,1
12,49.63670803161837,38.871198090200906,5.248453262952764,0.4872240567586613,1
47,51.44517304074419,27.90343484507762,6.9116481834861005,0.17353540214828955,1
48,57.26372389606732,27.5065748803181,6.517761592661617,0.7883366635189697,1
28,49.476705303968046,31.59882756740931,5.243879861831207,0.86066770037064,1
38,55.24465553264645,29.086501140390563,5.779434072024829,0.24816488349058174,1
23,48.06624231456685,31.592504264990865,4.271395684643881,0.12330072711791507,0
25,41.66829548301273,37.81374392526506,6.464089350668802,0.7223119812634452,1
16,70.1795705242936,27.609266386468608,3.4380334040548197,0.9242451227229344,1
6,47.039513071760716,28.476605187031346,5.912828161086162,0.035148339172960674,0
12,58.21319112392016,30.871555017632886,5.495589710199774,0.0144359790343207,1
4,67.52891081493784,28.858407869874153,4.244140613245576,0.18342546138433657,1
25,53.85055897483957,20.429970859932563,4.791213243262062,0.6847924853079367,1
48,51.74834100254462,27.099361786505302,3.8657472968439404,0.9647810078308917,1
2,62.262380886674215,33.43686621118752,3.9083599521977677,0.7503809551593262,1
6,71.17933822727151,37.187733754663235,3.40894599937607,0.5730326003652615,1
48,48.30684734913531,24.226907162311367,5.767513902200712,0.7005493928755477,1
38,58.49852167982561,24.203588003845784,6.205344969426681,0.2306983112921892,1
0,42.67505405032672,30.151169013586678,2.838192136186574,0.6885519480651205,1
48,56.0679899631781,19.622024675610817,6.838305516151506,0.32144495347864255,1
16,60.34204684538076,27.775148985064362,4.98799176336316,0.2224221328326783,1
42,51.453753582449345,21.319789702243032,5.289853204876838,0.2365559985123017,0
24,55.430081661747685,36.84530649921233,3.527587164414924,0.6677877518561464,1
2,45.917732316925495,26.153344228247978,6.320825750164865,0.7672257222002918,1
14,60.770786113814935,38.26417093169513,5.200250093166834,0.581802110558547,1
28,70.5569424888315,35.56760676729169,6.1388262397713,0.06385526139255882,1
42,49.028561302295365,26.768413511512918,6.220858320647744,0.038009333705462,0
31,53.77328233447617,24.64020181576961,6.3348744227212705,0.21716685007817071,1
25,65.02546246454182,29.03227125416206,4.351719224147797,0.28646870242398514,1
15,72.12090719322737,29.476766878708982,4.7920379921067955,0.4048198928411846,1
24,45.068101877910685,31.730734719762008,4.388297925270486,0.07602807736940331,0
27,58.312152625840504,26.117283552349107,5.895096462741283,0.7251587659423253,1
8,62.83130822319525,33.731974367611016,5.332889229363741,0.7114981587134916,1
0,58.97943609371152,31.326640274999498,6.0691448640132375,0.34667759365763984,1
28,35.23207933122913,28.29802421642068,6.1127388030572325,0.5630025243684105,0
21,65.01090009308771,26.439796722909886,3.272740509061092,0.10091594436889306,1
15,75.19336351090644,29.07557508450657,6.350770130553872,0.4152186428001058,1
40,61.16661751169504,25.915493740862154,5.950860957765717,0.8575647574800557,1
43,49.68893946705737,30.29219347441794,4.630775116814503,0.6606224631215976,1
40,54.86872753635717,30.42719342609955,5.349792766529629,0.1039437756738808,1
6,77.69913067655594,31.308536417381696,4.876330428417296,0.8475780312173548,1
13,69.09962540860559,38.83121204835927,5.6160556786311755,0.6806962294190494,1
28,66.40026618384329,29.337776401502136,4.628603619295124,0.4530562940859236,1
18,63.56412583534376,35.02298933562241,5.4789272411691075,0.6920910390131472,1
18,53.38862887809027,31.14793698487851,5.067305304659352,0.17282025543031931,1
1,57.994288193442316,28.80877849050773,4.567806096504695,0.5504864702725486,1
40,59.22077264321484,29.40420365024383,5.1901362449020585,0.6179270035655277,1
44,65.49574316064444,29.70586795415975,7.706469573488757,0.927744822943114,1
14,75.08918894266904,31.39883853864108,4.314463370174318,0.06689171080164125,1
2,71.18338136793128,25.20339617390515,4.7500564087384305,0.37478271426084886,1
10,45.806156442039594,22.673298082775165,4.3318876003669695,0.9368147099309335,1
45,62.23994968901049,33.271486967371374,4.436783614472416,0.21722105512859324,1
29,67.36763345167897,34.4906191629063,5.815774353385358,0.8132003283226635,1
39,66.18860330144635,33.728179164014016,5.715882459636068,0.0016055349594957802,1
17,53.7076623661258,30.77486009278236,4.99413649667869,0.02588406984748559,1
47,89.14109215768362,33.83612313726644,6.026296585269112,0.3276228852531172,1
1,47.22915437668881,33.56714513008571,5.79344329549431,0.7685037108302726,1
31,49.1681155333395,33.938146794774774,4.837665813973786,0.10414346923510909,1
7,62.33595081261576,25.70229589328943,3.466135258205794,0.3828536436281179,1
21,81.16803054963853,24.515241014226845,5.829783007949002,0.1314681687294954,1
5,51.63805149295829,28.057153766238645,5.169664621001975,0.22359356944140818,1
11,57.34171634353008,29.913079452286723,5.022223463700592,0.5029941921285978,1
46,70.77293673015693,28.790394364338553,4.5339519799902845,0.31913874195921177,1
39,59.82137845112266,20.616548343310622,5.744648949116316,0.21191264598008264,1
35,56.65396145469704,38.60846306067571,5.348496252428501,0.39349698108692743,1
14,65.6563290188672,28.62977005557132,4.763171957197703,0.701054964273631,1
27,62.725179902295935,30.863522082884767,3.7745454527810884,0.1194181066009884,1
48,70.30438785636791,36.222744953815294,6.067929101880076,0.4795944453607578,1
44,72.91468889065364,18.275138652393974,5.604905223155877,0.2747197086139396,1
17,63.07003060005362,27.44153064044144,5.2554028999455955,0.37862087353995655,1
1,62.91732725378309,28.064413632100976,2.3432260048860023,0.821555178908193,1
12,62.14110982286134,28.318449772746778,4.96210574288394,0.9297299797044285,1
44,64.89130556649287,29.132567046430236,4.758796296524337,0.24297790512095974,1
14,60.55170637871464,37.23567399222422,4.381504314945659,0.6299709568294901,1
19,59.99391517677711,33.36729437863611,5.754235278564284,0.6766772798671725,1
28,71.96627120827242,34.79017634314415,5.714860034167278,0.8424859989824327,1
41,75.16116180355043,30.23560135905462,5.436824717192388,0.8990424685011967,1
28,44.92447055366579,23.003134769272492,6.037890914767742,0.467991797534026,0
2,60.10021151740569,19.601514824269966,3.9777014859661577,0.9825756452485002,1
18,53.113055665547655,22.352961383841844,4.546345943230693,0.970828973597063,1
2,56.890285335139275,31.7988285208301,5.074792263185806,0.5064679708384688,1
13,64.02516209735322,30.158848563488174,4.377997980772085,0.5420321206468842,1
39,66.69438371542468,28.94918176221996,5.727169221703543,0.6677498395508988,1
3,58.87873556388655,28.157115466299317,4.477799151868305,0.3738161442197936,1
10,40.866596652771975,40.05860787721373,6.298370004446754,0.662043913910311,1
30,50.349544194238206,25.885482045117627,4.06884059824981,0.5142853936547086,1
42,68.96499670200166,34.639097280580295,7.131983649500617,0.0354367657772392,1
31,32.59573577965069,30.00956468010497,7.029297355602423,0.852728936676751,1
26,71.87427151682,29.695302441070016,4.905246853684655,0.9404458011570085,1
29,65.21229990644541,35.883187743083724,6.146170450925748,0.026229078546995854,1
42,73.16176081530023,37.31265191345722,4.599571939491393,0.7892618188072851,1
1,58.0143081311904,28.802252715575808,6.013286498231345,0.3858132609410273,1
48,39.38594575977095,33.99601359621071,4.824021668543229,0.5856318000289242,1
8,64.30362641506498,31.819456810750268,3.714560101491516,0.4999949469607158,1
27,72.7465312403834,30.037185694049573,1.4671818123211011,0.5513106508330471,1
30,69.24721805513421,31.02127471328513,4.731286553929389,0.49518630475808445,1
33,53.37308516511965,26.55995592577581,5.279062508685293,0.8533753714878757,1
14,60.86761075462647,28.469503033344576,6.330316426036217,0.6835066846953113,1
47,54.67163731220076,27.09682360123647,5.036625032151391,0.41263725554582753,1
24,51.80733535810628,34.506883582144596,6.002910134717589,0.688568581150549,1
35,69.55388571179851,29.523994422294688,4.546058452778473,0.9650478190838814,1
7,48.02467688734838,23.511429876924808,4.662721030468555,0.08030826205343267,0
8,51.06183569418387,26.38281388418456,6.0540356825285855,0.38808997155805713,1
36,48.95974366527614,14.003676773939109,2.535325515330728,0.8704540323237958,0
47,45.09752476700953,27.527536990589258,5.012983828902916,0.7390551108114733,1
44,61.464142918426035,30.188225325485746,4.6000386504441355,0.9349288894483516,1
38,71.61503048481975,29.31932075566513,6.360611204852284,0.039809887623239226,1
31,58.15123243754734,39.90077175765696,4.47175370502018,0.8627756092127871,1
16,44.94252199435834,32.87453020457519,5.516584969570094,0.7917987699548719,1
34,68.39944539742028,32.65225926544576,5.921516969334694,0.8150390160823727,1
36,76.85701754034972,21.78365482714861,3.5074040058695894,0.5972627281121508,1
18,53.53757675853406,28.176789729414338,4.860629691726099,0.05191703512060575,0
43,55.21445733282282,27.566685963381524,4.568363565914062,0.5391299289508364,1
28,65.15660630083394,26.06959400595996,5.946293246829594,0.407751136989867,1
6,76.21873747785051,26.000596672433268,5.675081840812194,0.527041752651845,1
27,54.80165854274774,20.95938523029188,4.766797969940818,0.740295973621342,1
8,46.67550219001795,23.620733976593357,3.9525919495839483,0.5959606345117608,0
27,66.31418606272406,34.370467013824744,6.03814669602009,0.29256288985929024,1
5,67.990680731423,29.285426540034088,4.9323472234012185,0.5995073430704215,1
28,60.06131450435227,27.46798790862833,3.3816234343325378,0.08313844308102436,1
16,54.418667403425495,29.97294332673646,3.4676196010300764,0.005365991217319843,0
15,69.94378730992047,35.83695339350575,5.437633430072976,0.4015280272925481,1
22,65.28036004547964,30.02105260437893,3.7241938072344816,0.7571863610907356,1
30,52.31564483096507,32.70187065465519,6.859647493603614,0.8226342309888385,1
2,60.490947313056715,25.766975788058712,4.062929715640669,0.5498393133074954,1
20,46.48292467975354,26.906850246266405,4.999639274642724,0.8680068862751051,1
25,66.8589045643792,31.769884425318377,5.159111966160306,0.12591485056277762,1
35,57.37766430617144,39.463268541685565,4.2706222607631545,0.9641058553017406,1
41,55.64289167615263,37.148874297574366,2.7601729694220314,0.9217603365078189,1
36,59.67125514847566,32.91414034728069,5.190895097616227,0.5992372504977761,1
21,60.40307699330248,30.75716880080359,4.246760009897741,0.05872212403430299,1
41,68.9493006156556,37.00534677813585,5.116538427616443,0.4542028628088066,1
11,65.91090531325221,33.97339161522562,4.877668947761291,0.17927296112248636,1
41,58.435907212071974,18.531689888146694,5.263291248071804,0.6284252684106753,1
12,67.63668149718995,24.73034576072389,6.56187012065606,0.18996519469027862,1
10,64.00737253691614,31.690701626789657,4.4538169872728774,0.48179766042413186,1
15,55.73400363713963,21.065162172245138,4.531155345657504,0.20562692686019002,0
7,58.75281841763514,25.51205497621569,3.33420269724611,0.18184513032901872,0
39,58.51777111156879,26.50092528171013,4.8048160489007055,0.24792357594204217,1
39,65.05261343174202,28.71917046877083,5.409869989274966,0.029196455515993036,1
44,56.32977385278358,28.562848958868962,4.516505122428973,0.7161149273798656,1
1,56.09590813578367,28.554397864165864,5.416430500405491,0.3067263763500697,1
29,79.68757309433958,34.126537586201565,4.822491474510809,0.6981080539383803,1
29,69.39735481747104,28.67388067274733,3.6977337620310102,0.653478218434347,1
11,52.393993355748606,28.07684933964383,5.311985071183105,0.0661126586231866,0
9,65.70940993942199,23.25413947928242,4.794167866434983,0.31203475812333403,1
43,61.18350065655177,35.12173100992912,5.122757821409358,0.5668605333081277,1
10,63.915511752600935,26.64251243026257,4.433050116789584,0.9184011939896083,1
14,61.373413245651044,24.564848359993626,4.344597477009105,0.40131971044850234,1
15,71.89642645485236,31.065452874344857,5.157410807552965,0.5047915452154143,1
16,63.45620344651446,26.165293688084684,4.769400087957865,0.7501588035003506,1
25,59.37911301785713,27.37023630102853,6.724278249169265,0.8032954738153629,1
1,70.42190576983018,31.292300871595344,5.798730512161165,0.9233405036867612,1
49,62.33285041087872,28.36758688110222,5.545004259467688,0.49718943734457277,1
11,61.21478579329058,41.55804687650317,4.822519198498585,0.1938379295018654,1
25,63.14022602486114,29.62585728340401,2.973976551523491,0.7644212298010604,1
22,59.06390976633634,33.089191094396114,4.192405072382321,0.12557526460536994,1
17,60.09226992995469,20.291529762535276,4.352706547415682,0.4183423121726104,1
31,54.133054112381274,25.69675434042635,4.725015613710086,0.628213049852017,1
48,52.48832780376121,24.565431525416436,4.966640500610047,0.6918561864370739,1
37,50.014296135175606,25.228101383486855,5.656074965485495,0.733027717215927,1
46,46.08016713202924,32.077689969185016,5.2731455610700655,0.1935323915404188,1
2,51.202826386154435,35.17782533888705,6.159203191469905,0.9816492013720507,1
37,58.25732965533074,31.723152523172555,4.68809802648075,0.17841857661896,1
2,61.03117582445637,28.866776882168455,5.257162944170162,0.09607340525621655,1
29,57.28703436852359,26.845724806437904,5.343844227778801,0.6640504019288651,1
0,36.44296509872642,35.56799875593254,5.2457262843585895,0.909999999856586,1
29,75.74586357762342,40.356277270774314,6.281890247940142,0.5593837164993627,1
44,70.86480122890381,30.675278523918454,5.803774322747192,0.5954824345147394,1
31,64.45759851217129,34.696815320357864,3.6805967804985773,0.538484747934319,1
27,79.07490672553268,31.716851748977376,4.88566890094066,0.04274819409288921,1
20,50.22635882516289,33.777524532327945,4.986026317770205,0.6813115724933623,1
45,78.87625120626005,24.17726610944942,7.151541063695006,0.35819912054347325,1
12,50.34785923249452,27.55931859928938,4.67020881875453,0.9356737953134526,1
26,62.38737925291357,31.97734720022792,4.017516096663818,0.18679004754861384,1
35,47.26162674865796,36.062454720409896,5.438325429476643,0.3021157817162806,1
6,60.14694095544367,25.909328891811626,5.496985719623779,0.5048547488820471,1
21,63.861664979983885,19.833504444799367,4.926227136270308,0.47735504361900916,1
9,58.453096688654455,27.508677867793754,4.77973899702911,0.4003047416794543,1
38,67.13877444090137,35.05065357174125,5.948903956062085,0.3144029376872882,1
14,60.990144494872574,22.08052204456075,4.146401845740179,0.14718473659918352,0
14,54.775852716224904,24.11540053934208,4.659046657131464,0.8209218728736056,1
3,54.331866821976604,30.77959293025556,4.4778501378866125,0.44876978727218453,1
31,68.10913772615696,29.42014373619268,6.093894597620588,0.5729565590990584,1
22,53.46257970193032,32.97233240776614,5.285494203286344,0.5465528636357679,1
5,69.15402970484936,23.856366197772104,3.9350059026787294,0.5754889466482039,1
23,72.2271179283193,28.37510702915666,4.035493606737231,0.7048403718446835,1
19,43.3128613765387,35.97592701201549,6.873415123612151,0.6293809950402374,1
36,71.32926387301035,24.03551903181608,6.08321774810704,0.27390291739856454,1
19,80.604226984447,37.384561481551344,5.841550281523479,0.5537099260326105,1
11,62.52003761201929,24.662915070556558,5.012246940973342,0.24451290554094618,1
32,65.99084185294822,34.24690788688805,6.508473240120409,0.588836459908135,1
27,70.37005324369159,28.135207448934374,3.8965952140217412,0.43193462020243134,1
7,57.24517684820978,24.275458711805115,5.75296751220449,0.039418378296590784,0
0,61.822802235378695,27.515504764237008,4.556726493474437,0.7339856873683006,1
36,46.858004703768906,32.72464594089497,4.75110668034477,0.27466641773699496,1
21,61.38635028530451,29.965730025492544,5.725789264832387,0.9201943551338169,1
5,64.98111995644541,35.59234705721672,4.856442491318492,0.2805572416618366,1
20,65.16163022926469,37.17870030467441,4.565300140538742,0.9966227431351713,1
31,70.6542472359758,24.08484667341075,4.504842351912075,0.46295116780712287,1
34,52.25197821864471,23.718654275448277,3.0136542544888756,0.02640731958905307,0
14,54.67393243326504,23.47603113189579,5.763203619275656,0.07626898183651243,0
4,78.95507345991355,25.504019519759904,3.993369927201207,0.0820880157305689,1
45,58.4967162623629,35.52107260409872,6.858409405659278,0.056214421006794635,1
49,62.00033787312328,32.80180975333368,4.712387450185007,0.2677893996705798,1
47,59.32989958274779,27.274862135387842,6.3094397974459575,0.3245888291499839,1
5,51.783191736949775,29.94448704688583,3.1909689673173194,0.11128586410051067,0
24,76.23529210891806,37.02152752582969,5.731483021198599,0.43813148480138653,1
45,54.72298588079394,39.540054254895594,5.988555732511812,0.3653508216842545,1
39,48.7271447629307,31.29692166721401,6.3035636343644335,0.6363239958202985,1
28,55.492597226972485,16.703594079763008,3.4719612272133866,0.1958645595018137,0
6,39.98293998274467,31.486435473799865,4.297281362913071,0.9139854902173401,1
39,53.487125350168185,34.67374064770674,5.57650995275608,0.5159907788077632,1
12,50.31871402147674,31.123161579280374,5.14844197884411,0.6237330394828174,1
37,66.17428630927324,33.632574593673915,5.293359642563835,0.03952033840042335,1
17,53.265857604401276,31.785326872301923,4.639713394190668,0.5590886988673518,1
1,68.87803935578849,23.826772912590673,6.550798615055691,0.36810020451165004,1
7,73.98483993069321,25.568807833182685,7.608465448279814,0.9241720488153283,1
10,67.81175336287599,28.394239064349218,5.1039799240090895,0.8856433155478565,1
32,57.84611711139923,35.32707389119176,5.453421245505252,0.6376487000217169,1
37,61.41114496705593,26.170579658396896,5.056243745622817,0.7678513508057419,1
47,44.7501505985594,32.27951316583824,6.284053399047437,0.6445931571159427,1
26,58.6622062747876,31.518462969605984,5.829116284256811,0.016968111607436942,1
19,51.39561531933167,37.93098632539565,3.9336194293631563,0.7031265446731676,1
11,66.94326381149298,29.79160110935293,4.387297989505355,0.1770907638436947,1
42,85.72752389244474,21.226207908618708,3.9907032069941133,0.6825709549702197,1
30,64.9982163597381,33.23435232448389,7.6948223321955105,0.010506784230170818,1
26,40.08859851045334,40.69027605817002,5.635311783582069,0.31090680839240836,1
31,56.387698070856274,33.56191672433228,4.404313773890218,0.5169279790741825,1
9,61.22490925374455,26.061692040947964,4.32444795937516,0.3331706003607783,1
2,60.87357425260264,24.59027060410518,5.80523127296691,0.6939872520300648,1
44,52.691868743912465,25.235155832462972,5.904920149659134,0.5227095387504458,1
26,62.45291742636935,40.01655940191023,5.79810771308441,0.9596673809616852,1
34,47.574991630806124,28.36336279739282,4.574442641350281,0.3578124235109036,1
30,50.55091277314933,26.68678303085986,5.305843644414177,0.7218593315507839,1
14,66.45797641603711,29.20781677936383,5.110915097633384,0.8358416644219926,1
15,49.84336769120174,28.41546475697149,4.063739627561573,0.25361778710947536,0
12,65.38211605492258,37.83825179893752,4.073506157123978,0.7541314757949205,1
48,46.30536225343942,24.927612544918485,5.411965044543135,0.3933139999829951,0
34,77.64825883791735,35.903216158302236,5.196451081043659,0.12872715163324644,1
10,52.25730077595945,30.610460482255423,5.553351710842211,0.003647077432513357,1
20,57.763334281965555,36.035132567138426,5.7910230386937185,0.743757552637125,1
10,63.30613261090406,37.91309521867026,6.499382622497529,0.18624407887843775,1
29,54.34650047498906,30.423988169565476,4.224095613883954,0.05119363421032552,1
47,61.43405961071304,28.42468195200417,5.630236198725382,0.4972090875396412,1
34,65.75356724520125,30.330894159325517,5.749198816528685,0.3466980346294162,1
21,69.60613232503485,29.526146639974343,4.687869587474555,0.6918067044767163,1
37,67.91497435972957,21.715167721306358,5.1218631835692685,0.10736429539087522,1
30,58.28189536197326,37.762401868925366,4.7134414433039264,0.13265316963019746,1
13,58.533682259563975,31.228925086905953,7.108590383357175,0.40410770830060105,1
23,83.49108558025033,24.18450407474473,5.104852690441106,0.5204081715689189,1
49,69.49889068249291,19.662383399007958,5.451505108711394,0.8241939187216226,1
48,50.78176343679786,18.362003835348254,4.7360157030827885,0.5856251909349395,0
31,60.99988163765552,33.85240218343752,4.52036543374921,0.9025974451459821,1
35,56.64856861221808,26.905112157964524,3.6979973382983227,0.2177678361383587,1
31,58.6466576607689,27.725496659474334,6.099868624725333,0.5962195159983843,1
14,47.70504842291912,32.44077132269412,5.768437497396601,0.6552384097925982,1
42,55.88076765614047,27.41975921949111,4.698903555560215,0.7258050517153206,1
34,78.11555773193913,32.73262208026757,4.099630096936058,0.9886506982286623,1
2,65.79076300875504,30.476320321883577,5.179908526420143,0.4680338224120937,1
15,35.0883859184854,29.57935208425382,4.502303193703031,0.36931957986289454,0
4,72.16723492497947,22.136247971542556,4.777957431367879,0.852206675153828,1
20,70.8962952290916,25.901343217805703,3.736440055397116,0.17679090508531548,1
9,56.40714695693583,33.01267682793433,5.21706958064803,0.03702809727977274,1
18,67.17263543783216,26.589890925679743,5.23700320198875,0.44358905353133316,1
24,51.406007891828,36.02684777892245,6.094722884239684,0.24720585453660215,1
3,55.297442837336426,41.732006619966995,4.849258431367393,0.3965254012550907,1
28,74.98546360669854,33.28192650420661,4.666437522796164,0.9860833114463208,1
18,57.282699601302916,37.46415945682579,3.443239133882775,0.34848823021925246,1
42,41.30268338045009,33.60363619148034,6.100960948362629,0.7079657083933802,1
1,59.366967772186634,27.32868988663906,5.89282311655696,0.250402009750465,1
9,59.214116070856434,31.000758324037122,5.0287384414068015,0.3034229437661755,1
42,71.9836856937346,40.066604730487214,3.6707689454696277,0.2431551934602577,1
24,60.1433642217576,27.382231286862744,3.7854729689118582,0.572160870225751,1
19,55.78417688559707,24.80336350560963,4.45289407123571,0.2261085861964337,1
47,70.45056145231206,24.329027884423652,5.965225708866663,0.7183641026617654,1
18,61.207902325011105,28.912353080832254,5.290337635241637,0.6802741985357638,1
22,52.49977318434283,24.98263955678469,3.5066428111182244,0.4212696759894029,1
23,71.54997560541618,38.370097137186185,5.4042119146002205,0.02557702103780546,1
10,61.93661764516799,31.08178267295644,4.160853420829143,0.022651132226368165,1
45,60.029259666794374,34.858631548802514,4.477787773487854,0.5328068171089332,1
33,61.77908391411654,28.506673047101508,5.971738012521706,0.8391988285566904,1
27,49.29331628583403,24.29901401121941,5.765504083780832,0.5988736713759897,1
4,54.72346223821663,23.453030272833615,6.093099882825423,0.43565046158507426,1
4,60.03582601832783,25.460041289109395,4.976866480915787,0.8821188334824924,1
20,58.0533630497532,31.737627470133557,5.883024557866187,0.196995449026778,1
11,72.72428382816595,32.59941465883974,4.413863736236943,0.3594244293163037,1
49,62.174058527270034,33.01598036529342,4.742434065394707,0.5653094518706133,1
3,68.54903922636403,22.556636581090714,4.6737067755952095,0.2916694691483861,1
48,60.093953545758495,29.997954070508648,5.023865018224494,0.9977124818599813,1
41,70.56288483746123,24.869690845538038,3.713508913687922,0.452320916935245,1
19,63.97527756573154,32.00732983792264,4.774995096876639,0.05172222334115206,1
37,60.134204853884604,32.39538527748726,6.451657301518739,0.17608341875242162,1
24,59.867169110409804,24.13913476486781,3.907471838188566,0.5324808682746838,1
13,50.45561373709037,34.84014803598174,3.6706787180849676,0.5500561996856093,1
10,65.06915720136311,41.69411470764122,3.751311672337772,0.9841442671946945,1
31,59.59795265463621,34.17417868792331,7.661859444074642,0.5999664184262686,1
10,54.98008039818795,29.185829802244477,5.464851980870377,0.6666273203592176,1
17,71.06461770812072,28.41727148395129,4.729734615658617,0.2137227699342018,1
26,47.49783974105199,28.954680091637456,5.068320413008136,0.10686488163504504,0
17,55.775041045675664,26.196330766114947,5.227639399246818,0.6020100081480877,1
22,70.27718748779533,31.261991033260248,4.35955002427062,0.8648799766031035,1
10,63.15522940920253,24.30768704422848,4.482783251290897,0.5873729517902181,1
20,59.52141072347243,20.551511067010498,4.84231686779797,0.4427832181846204,1
43,62.510035431501464,31.098008409067745,4.2752449117650935,0.5782066413216291,1
4,61.79414171048841,30.106165328879104,4.603065392978811,0.46877157848572093,1
22,44.833374537140784,27.14414991781403,5.353091577330345,0.14188157601531715,0
40,56.50738114652039,23.586516886948168,4.002846820379901,0.7411844252529016,1
24,76.1652165451375,31.448720134570173,7.609949420947853,0.5330381634646725,1
40,53.406758652228326,25.049124807147745,5.753156610886199,0.39932287605815575,1
9,56.81698985895666,29.30527824567333,3.7299152614873483,0.5596385020420063,1
21,54.58379236690813,38.82485927063222,2.522096490899388,0.24122695445333486,1
18,59.12984776681863,33.25594884787692,4.312496714862221,0.42795771547043227,1
0,54.16877168675702,23.15433668809152,5.684360649607248,0.6224452010037281,1
6,64.8674150215806,23.62574214493849,5.490469894450105,0.22619357366723203,1
3,61.973134122902664,30.759095463718793,4.889151489651387,0.748995084664565,1
0,67.73547615107017,23.123396589704896,4.398557538856915,0.5210109118565865,1
14,49.4905883381104,19.991372593828565,4.09586862600807,0.8617067104185158,1
39,56.59659517117097,32.66186005648362,4.5974169288904925,0.8472365776964198,1
11,57.74277368387865,31.604678771604338,3.9876200261723977,0.49451704371937044,1
21,64.55646910088595,32.252991656395665,4.601122243791551,0.19546561063218582,1
21,52.06778802792965,31.31517590908952,6.3309509358228215,0.7366417866100926,1
49,69.15653804258343,29.673446441638024,4.2287602007506,0.4186781356832957,1
46,71.86415590517609,26.689057261616696,5.610881283051988,0.5946274834524972,1
16,50.111276523644165,32.58067483043972,5.763423812984203,0.10726529017393882,1
28,55.09127105106434,37.64941744202575,3.920398681464084,0.6315839895159923,1
45,54.68068491707908,27.49385496278273,4.156628125440497,0.3735504889451243,1
13,86.32386204677499,24.896298948958506,6.06894343698679,0.33418974971849447,1
49,55.700998947921136,24.324402902943802,4.074235960349302,0.9799155787778012,1
19,76.77625442156135,25.666348833331412,4.942514250789197,0.43243064276024723,1
49,47.3336800489339,31.01299262238037,7.039983822168526,0.6780383781157342,1
47,50.103490338356366,19.3018621822322,5.979832257061364,0.6277275355738411,1
32,53.13395468151799,32.19585212216163,5.085230451735566,0.10430355088515764,1
42,51.543106885534776,33.21956505148078,5.840730574531254,0.7479275370643161,1
14,57.321012658415015,21.009608200285598,4.944077914685982,0.3231592034335765,1
11,52.912217972785015,25.104097818612004,6.018231833203474,0.798939549196735,1
39,51.80658407265426,30.39840489922707,2.953734568653529,0.6076407826153825,1
19,71.58471996473328,29.282651348478012,4.860734003625055,0.31709148995348957,1
29,72.23793622513165,32.59818734134295,2.913660093407178,0.35629296033107094,1
37,69.49296498375315,29.29431589241817,5.161355188231829,0.7315073696663607,1
2,65.23998955584328,36.32384763387483,4.7638221017273015,0.5500593151228819,1
27,60.927430657795526,28.39415300478159,6.36072984664233,0.6683510406713152,1
25,55.02969309334091,25.084835066401233,5.7118273685976675,0.15831832107518828,1
29,50.468424952449084,24.68279066869122,4.473912312459934,0.7869766722284186,1
12,63.62995703432687,33.67734254640845,4.593783743419135,0.3203913189150347,1
12,48.26369607453202,30.14810570978458,5.3806965302297804,0.6198612671576733,1
1,50.06079070824607,33.16857950362598,4.427439407446727,0.1146798252420087,1
36,71.52913256204809,33.065612496145924,4.967627213615455,0.321420241156967,1
48,79.00649041722087,19.900750736180797,6.316698064514869,0.6488672930666418,1
37,63.93295138166481,24.29958699488278,4.170869816469621,0.2742061322902506,1
1,71.06457152294644,24.896874797480898,4.552325634043604,0.8803121967498171,1
35,57.541516825560166,25.919679057541188,4.692567654550683,0.6612283994434204,1
25,46.62325813912316,27.89822336711737,8.158073426185624,0.8702783932967957,1
10,66.12171618618584,34.995747973085926,5.608242662507167,0.3953907022511207,1
7,65.69289323270064,35.9924117619195,6.1320683390478425,0.033985142624675,1
43,60.716685538802444,28.535545848985016,5.768125711878384,0.5761399633551028,1
39,57.576245418948886,28.743595693376278,5.835393865985299,0.3391935027253723,1
42,69.62210578581099,26.47283137971357,5.473573537332288,0.4481883759223533,1
21,50.14266966572526,30.44593848619272,5.3652692000590925,0.6811102139227488,1
19,52.26219421109342,31.012604413669685,3.5492553455314635,0.7006646670708717,1
7,49.91893493239572,34.03237777501133,5.35786455634294,0.027556414865815393,1
28,60.849729626358275,33.99219362991276,4.891656407607042,0.7693026728396135,1
39,49.12106987890742,18.489409744654743,5.545456902849495,0.4935189149560789,0
25,53.15757819484757,29.23727526181441,4.929140833359553,0.55669877332455,1
29,52.94244437772802,36.92050015445052,5.763164292727992,0.29799418518985255,1
16,57.39391667666042,27.809425363475416,5.93993257114918,0.42083378600058097,1
19,45.12625553596023,35.69620909181644,2.087839975354236,0.7103751339793317,1
15,60.87204992037267,28.467740999944056,4.566107181834042,0.7767138029442585,1
45,72.47303650664678,30.87461733720982,3.1426130941118733,0.387106181167978,1
42,61.35491372316762,24.315546538004256,5.238944554641995,0.6911175326513301,1
6,75.41321144801321,24.503757212167425,4.699291622145999,0.25804350168843804,1
15,73.33998185876925,33.62745786131507,6.355828470586605,0.8320226651775152,1
44,67.77735047247855,34.40909140100332,5.207244661800877,0.6098142389073653,1
46,60.74685842636886,30.132144531002464,4.514470023536287,0.775186516066895,1
47,60.225003882454395,23.862378786808044,5.938571539845585,0.4771548523178474,1
26,67.6379977236326,30.219022783036074,4.681797542172557,0.22910928498195526,1
22,56.083293904959675,36.28617480337139,4.502002444106331,0.42923111331364394,1
23,41.17479248532536,38.7143323502588,5.393625414641856,0.38148539447832075,1
8,64.92004054102959,28.416460338370428,6.612971389939471,0.3327165434401591,1
34,48.68931370065029,21.70066074871105,5.853551908239822,0.21217374774147835,0
19,50.378587718096156,34.201817997773894,5.566930965281476,0.7591671418798062,1
36,60.00223947995788,28.620184517724997,7.7509485335216635,0.08635166132056049,1
41,59.0487512244653,34.715203207805196,4.267589963640507,0.8875609298858339,1
16,45.87924393684369,31.4053611250881,4.245282163057893,0.1750247228977535,0
46,61.6549156413314,25.58277947119075,5.145569480439743,0.9798736518515413,1
30,69.66139660861049,30.291221803296907,6.515026384104714,0.9884680480870743,1
7,48.71658429734217,36.541691835271635,4.058314023705397,0.39838704124115176,1
14,72.72483330848759,29.25423005516378,6.75457259756306,0.9878210726322629,1
30,44.39829174870056,24.825974182773113,3.560877510591612,0.8690685172807263,1
29,81.17324144370954,22.056779157016717,4.878781949278822,0.0824302769466656,1
45,55.88739569516517,26.139176565676742,5.173465665668649,0.9473285636286182,1
19,61.45616996826891,27.94931869114509,4.117368083682098,0.04251438590459422,1
38,41.0796642751433,34.09999567958629,4.378765635067799,0.18191429373910717,0
11,59.378639335306914,24.395753660941892,5.796630479335666,0.5845955408466743,1
48,62.28482177718192,37.76875942864818,6.441555742511234,0.0807371784000136,1
16,59.13837895900505,23.31423894579404,2.8853896375039785,0.16172775698936892,0
41,54.36918922947626,41.657430462784184,5.180236385459315,0.9534917871122387,1
29,50.53435481472185,38.62759278377236,4.886691096384197,0.9946878848876081,1
28,71.30526619537311,30.70583124693996,5.10739635562395,0.7981365417802972,1
18,60.3080713499795,21.76153232615204,4.683233524383798,0.5152093914647028,1
45,75.40752376516772,29.72287969008789,3.7095130304436728,0.9003009356916752,1
10,54.73517645205077,28.06579521006747,6.542296978044621,0.1118987708835687,1
33,55.65205306627783,23.628563884745382,6.1593295983307,0.9428918692450089,1
49,68.15594244596163,31.45504813623721,4.8960108111031175,0.3515529274554322,1
6,43.77025037996436,25.88178435072178,4.511686787526657,0.8614893912331945,1
43,47.86536639847077,26.42547076475209,4.39055937099412,0.668373405985391,1
33,70.97484971353164,28.981606827138222,2.41434677518552,0.960274304055722,1
19,48.28066070776805,27.125455856471483,5.353820074602411,0.8646779477958182,1
49,41.80948984697452,40.39078308555015,5.780323590302844,0.8878978135509061,1
37,78.68527188073091,27.321426835002253,5.137902116109768,0.6317543561200305,1
23,46.06182352125795,32.20440505697238,4.913663565400247,0.8331585309762758,1
9,61.8411939832817,30.72761246105181,5.133383508486585,0.7571311507613385,1
31,60.69085192724271,31.76375112629436,4.146774019242423,0.16162313090388725,1
14,31.893716833819163,32.14544201805466,4.500444772629669,0.648596891353243,1
36,57.326829768321915,34.406807433030615,4.833666971767842,0.14817554652015863,1
19,64.4841324947911,31.33223037809321,5.696676574764895,0.8694561218855299,1
2,63.543093815188605,31.1244789744316,6.378858373295111,0.06594979933996847,1
36,69.03520683803501,30.292385342340697,4.7708521570270435,0.9870466701932753,1
39,56.12508685094566,29.307910738300126,3.955214462434584,0.4006266661377115,1
7,67.12504442092161,25.441010591696614,5.035646790763431,0.17062935370143562,1
39,53.10670931919928,29.695658112898993,7.011491112588921,0.9356749836612229,1
43,45.89532583587225,31.20633687632767,4.042193564866266,0.04542598622984795,0
22,47.02271624318767,32.010822782863976,5.8858407471328125,0.47010563450898346,1
39,45.37889544804585,30.90142386495118,6.335960556120606,0.7702271279245027,1
10,70.09585967891194,28.83522493275733,4.639985140174514,0.316750475431701,1
45,44.85426490941443,29.71460048402051,4.299275422280959,0.5288346699028011,1
7,62.74038840649303,27.23176757724604,5.574956682833252,0.7004130163138019,1
28,57.34075805927567,31.566119955032818,5.353216772804165,0.9519764210013208,1
29,58.973514265493684,28.894358860429392,5.694774171320887,0.10270263927102996,1
9,73.636072951997,30.90280469098735,7.073709431489805,0.15722670371491976,1
38,55.61572632784727,35.00401521691276,5.167046553376564,0.5088708951940669,1
27,66.11601561549683,26.453205451787902,3.8077751510438977,0.4184749611500469,1
48,60.37563351381112,32.98347690455242,5.066640002168424,0.4107961606836664,1
35,58.47981094367302,30.166050899426864,5.241556794205381,0.2969615029361532,1
12,82.99969124386473,40.105967997903775,6.267168637088249,0.5606847985089561,1
31,45.5865825428463,28.918498357682452,4.803235604572297,0.8832883361657162,1
35,72.89131835437445,33.47582291575533,4.590932166304615,0.16092434053786386,1
36,66.56406565489972,30.076767258779885,3.62880600383341,0.21528632949575766,1
25,55.20475005368216,23.05847745843253,5.54741279206413,0.6708234977995857,1
21,76.29318517441612,27.39655452240428,8.348207185538975,0.056197654287304166,1
3,41.51889887611463,34.402355527141964,4.777409015996061,0.6737641995630065,1
30,54.782333427009284,27.836527696958633,5.451954954521948,0.31445615086333734,1
17,47.91517795730924,18.89871842580193,4.452167146685037,0.357853931400015,0
37,64.1208346487146,29.84298491537748,3.7187150800041593,0.40554937382290024,1
23,48.869358988128226,24.53831851024495,5.434235939200531,0.3495875614917149,0
22,64.33063946741319,30.659088662983596,5.028188283437192,0.8412096212795322,1
21,58.13563584178446,37.75573540699009,2.6144458569341764,0.9460684574003091,1
1,55.20646057343916,33.84728655401452,6.610028715740119,0.5480114753161884,1
30,63.8864724603331,37.68327914369989,5.415964376337116,0.5818784988349394,1
10,57.31378376061936,27.192439892777543,5.073895550103604,0.07048310801343516,1
27,49.11365156940961,29.28416833182234,4.578023135907691,0.7131919283610006,1
45,88.01372989634979,24.7778190159611,5.405294110493092,0.584098872964084,1
31,55.12832816970855,26.579782774799526,5.451395952416035,0.050394523807600344,0
4,37.82390919847985,25.3655758385691,5.401321373726712,0.19842566707170328,0
37,51.579013102786114,23.466385153940212,6.067993044503489,0.20194342039256274,0
9,47.327233116272694,36.829283126656705,6.295271233833345,0.17096795194335923,1
39,68.26145616040516,19.54019852486789,7.005593063618397,0.6586459546227771,1
45,63.21652659591586,36.850694524022785,4.163157817551278,0.9284396153557689,1
23,63.987128017903444,36.23029462460116,4.426578486232783,0.7629753253583593,1
34,56.29977534162756,32.498963377394986,5.361182167041638,0.4773734852139132,1
43,57.206497529430784,24.427463659529653,4.220909141262215,0.4040512979844819,1
47,56.290688963923316,22.089124442783962,4.381984927627779,0.38645810530922253,1
22,59.1880681586453,27.257981593682178,5.47522958150663,0.601246957695825,1
16,68.35333435364835,33.12560228169962,5.90084235497985,0.35922065894453636,1
0,63.36075412505346,30.01531818720337,6.275927952778863,0.22612197118871713,1
30,65.00112829620866,24.782502524526212,4.8073855862423995,0.6028429065755829,1
30,64.99558908249203,35.74102392328245,5.46315296353797,0.39070541342757314,1
41,68.84442437381738,38.42191664090769,5.24275773589377,0.01412482914383384,1
41,62.88150041540255,28.86700417992701,5.017657445179986,0.02223111356677454,1
33,63.588480726789186,30.54668451798673,4.183990834791983,0.27413661115441834,1
8,71.88806241193157,22.45575658185252,4.056788910797478,0.5124221995068637,1
21,53.34954081996888,27.928066419454822,5.666674779955956,0.35423950766798873,1
12,51.44257420048493,32.55219989000497,4.167180620115798,0.02405515238755196,1
24,48.14078400813144,31.774282701288886,3.2230811751729735,0.22315176375324042,0
47,61.82914563620256,27.461660753951467,4.968238676709812,0.09641930867461612,1
17,41.46267758780877,28.628782457617767,6.4552403021497495,0.9486320013614166,1
11,64.62154096059677,27.76394631727724,2.205149561597758,0.3128340756285265,1
39,58.90806905499447,28.607676431408073,4.7116697268464875,0.014766371595495875,1
16,71.34639699821057,32.11617401259063,5.675214865326232,0.6605632519856636,1
14,53.280826895350096,20.162314573154386,3.1765035667851986,0.23244794050781714,0
41,57.96681714582493,29.62825242596039,4.786667083798918,0.5667362550310041,1
14,71.22203333293369,31.749877678128446,3.860542755447458,0.15074545460948785,1
14,73.83135646778152,27.147576571794612,3.992821885993114,0.9840132351224646,1
38,53.1984763424818,27.603334780175594,4.597581792297979,0.970259186565333,1
12,61.8178123258716,27.748027795922752,3.87685210986783,0.6559833516903059,1
16,62.94418977684048,27.6047501323142,3.7936992968481875,0.7072026218220607,1
31,63.73653405621148,30.02941888925187,4.940768248457996,0.42587889129165135,1
8,57.37424340684378,30.64501379006892,7.227139060535686,0.9621793454181689,1
39,72.81383398123634,19.497428418831003,5.757743317447856,0.42373962037120094,1
19,41.102965163784546,33.26440185736144,6.010532767038355,0.23946799740806024,1
25,55.78869765198916,28.550005578265203,5.797262438418845,0.115378609603904,1
26,64.47930732772947,39.66481587734267,4.302486387320783,0.2081253003143856,1
20,64.57224811949344,24.041757305506458,5.31083222911616,0.5722135039287221,1
17,73.52759030614763,25.66342745622834,6.097694260942334,0.24509171793929907,1
12,71.98225393201287,28.985455107083695,5.828337467781791,0.6542494284475447,1
15,57.144583746927765,32.06612724843018,5.194551007368386,0.38218451988504665,1
8,72.99871243530605,20.246163363142493,5.520046494193894,0.8868729054172443,1
11,52.859582562225455,25.854499739419467,7.462873965169152,0.5584780674655774,1
43,69.30887382791838,32.95660080286922,5.8394432171563455,0.6226040531012761,1
37,78.10522478420992,25.259380267837287,4.684840642802351,0.556559802992677,1
18,72.14944106854969,36.85013188188114,4.9259629937354035,0.8855687741910242,1
6,61.057703835241234,27.730582005754638,3.945848603408553,0.06341956792919135,1
34,56.682212282278776,25.50313399329052,7.3470359479462966,0.06734870709074514,1
47,44.71408703740714,33.051221288947595,6.603869725443544,0.7017402449247484,1
17,63.10539637914204,38.038086934122234,5.083213036272114,0.7679639020481783,1
15,48.84782772029081,32.08198129371948,7.180820118766777,0.43358941828196784,1
38,52.06865336386063,36.30214699611629,5.632400044954977,0.35230520805426335,1
3,48.092541992633286,38.383176703184816,4.569153582384182,0.27794506620541315,1
24,55.39607667343345,25.39070660036211,5.906452540519798,0.23439488583354773,1
31,59.72030585513018,34.691956670297934,5.398643471796651,0.9119585896786052,1
39,62.73614581165705,22.382647453482264,5.837856778276399,0.29513954636117246,1
12,53.994933645860364,32.12451265893193,3.6309081403437826,0.6480787958111967,1
44,70.69283706395183,29.643410547425905,4.189685842802731,0.7870947803836221,1
16,57.91794742010034,36.21475101521031,6.488470830123175,0.021966578447580876,1
48,52.12277566734481,35.8612575649242,6.693137491564056,0.0338741498831866,1
36,62.262922672434364,32.84891675267201,6.415112726968054,0.3331374046373693,1
5,79.63552833543815,31.492139497414094,7.2186469035868575,0.6960157443137032,1
18,63.35160566535118,32.54184338360975,5.577368298213863,0.2607986352623497,1
12,56.37144372626393,30.308854356882726,5.50708336283043,0.0014832904322502616,1
25,44.72538643881296,29.69402129446048,4.086793098776187,0.288147899943917,0
13,57.8058767902793,37.21289086126221,4.419468559153695,0.09013081664351275,1
30,62.349281250881155,37.81444909839088,3.0117390776904482,0.2194133057923232,1
3,56.1241910874443,29.291704011488964,4.678513987632293,0.3331900006992976,1
38,43.346153617590005,31.188182015053723,2.941473911166752,0.12805735506875182,0
7,51.49434610496566,30.40827612386387,6.080966170863694,0.70636472744766,1
24,74.54538460887758,21.941507790314027,5.3883988685504525,0.2559202320061883,1
12,74.34001003730461,28.317822111939968,2.97383075360391,0.6610947993049624,1
31,51.13360830795402,37.99852100524051,4.810136307836518,0.5990328528211694,1
37,66.72756787199422,26.251120624840947,6.9676556223485,0.8980454876937359,1
37,48.214272152298264,40.57271731150651,4.874333849164256,0.08793317234466924,1
27,74.04316281994953,35.86063154794691,4.001629056362008,0.21460811136366476,1
29,62.452358478942365,32.007490752731044,3.2144977306947595,0.865178429043976,1
2,69.49641498616533,32.8042164298821,3.244353387556111,0.8221314563856932,1
27,42.84906652817461,25.413966518324873,5.535579967856002,0.1921055571820507,0
2,66.77637101924888,28.67385623887649,4.566127377675255,0.10773601194612414,1
44,59.92325936315496,37.2069955516088,4.649005858400561,0.8562414646201938,1
33,68.51929070790843,26.927353304132332,4.570253336556031,0.17813805682470474,1
15,69.1486779809785,35.305658784744,4.8597600505352565,0.8711097060707952,1
21,60.65784689474749,23.11479905281471,3.772837001296952,0.9611146993777406,1
31,53.991703609040854,24.009207937624947,5.316104993689378,0.2208066385756704,0
37,67.79696182179494,39.50692332793158,3.5772937562433054,0.840387599920955,1
7,59.398455005948726,29.94081426879838,4.244157541958746,0.42383108998226304,1
7,51.27215046472357,27.307500565028295,6.010827697665124,0.7887784247534958,1
5,50.798477685423144,36.813704134994815,5.376204999725188,0.40739554097884323,1
13,45.22835583687618,36.22910777481752,5.6856818462013825,0.07039559873371692,1
31,54.89708840436937,34.60377282628619,7.150388392817886,0.7126952726136643,1
34,71.02692046074378,27.15051040293947,4.940345989695502,0.15068863990357906,1
9,61.778297997054345,28.56541212031162,5.021460260024978,0.927025089316699,1
2,54.70232294076959,31.55814411862365,4.735679044149659,0.41774628302070127,1
11,68.0485593818008,33.471996710736185,4.556585852607853,0.08200014790957955,1
48,51.675233782766114,27.457582129907316,3.9894091726062135,0.22848001477399438,0
30,60.95350274332779,30.85368555310348,5.084064811195852,0.8625176174676946,1
28,58.20369627274485,31.33695650398703,5.3550486065961564,0.3210854696241532,1
4,67.79130625588353,36.433848781876264,5.410770339192896,0.8563279949796895,1
24,44.22771629080499,33.772329144675595,5.064363826867078,0.17228673839214892,1
40,51.498022541853445,22.465991775823547,5.926170804819982,0.46821812357729453,1
30,43.61754340905466,28.93184845757307,5.029436690742387,0.8782594917866162,1
20,57.4040327819073,25.356083150082917,4.590698111766038,0.04840483232325654,0
19,72.1142750363243,32.84043710305837,4.073011818025482,0.30427718277962046,1
38,54.94552790346473,34.61576675252522,3.451024788422071,0.9098515894387857,1
21,54.893160618043495,30.50777992805122,6.460415177936485,0.5965263277080431,1
3,68.71724424184137,28.65936484686075,4.300945374512669,0.7162321310221347,1
12,70.685495584553,30.345848965179915,4.074332856712707,0.8421284385924074,1
44,59.1142893273121,31.044596367388774,4.582461771673027,0.5235964262691167,1
41,66.84714854049892,26.799501741415465,4.721611213466204,0.8453659010216,1
49,49.230454591220536,23.906444496153174,6.638512435902774,0.6387645706684082,1
48,73.77974333925414,19.749304787223235,4.671852896908829,0.6856504505635022,1
19,81.48706293937052,36.33591065869442,7.633383565401644,0.15285445516813945,1
12,65.21215791188725,32.48183121817483,5.063697204653183,0.9390188292347039,1
16,39.156683786571996,31.81255505672086,7.057028248971257,0.7960843504349157,1
35,54.417697376022154,36.32599443976475,5.893929281430721,0.2541959961471495,1
32,66.12825321669321,23.722659951537914,5.361037419844762,0.5799946663830531,1
0,55.785170028336374,21.321845620724908,6.577848133237487,0.37646590486116105,1
14,72.72198554250097,31.92115958259545,6.122229793940299,0.6604019988099116,1
12,65.88157264435866,31.46635687721715,5.6346790841860885,0.9937468432024701,1
16,52.935244992342035,21.343465951636233,7.3175940097716925,0.045746397143645146,0
23,60.32264810771253,31.79760531070236,4.501607288046377,0.9525236379636246,1
7,51.0616677936091,27.99888523800216,4.005086324038268,0.07239133214365023,0
49,58.17415121587558,25.96455970131209,4.3237692581880465,0.460764635840778,1
26,54.45406759567448,28.332881458587934,6.752273190083555,0.4821092005934361,1
44,71.74761800233038,17.79235714540765,6.450760021086095,0.26872445459980854,1
22,81.16012056830995,27.04312888304031,4.474738100519614,0.5666992860596864,1
45,45.688116667642475,26.478527152578977,2.645348712406134,0.8339641463386269,1
7,40.767837137902475,32.7855122346807,4.794154963621278,0.29396218121127315,1
7,57.54827578148614,29.20884931744557,3.986735691408728,0.07040493765213762,1
25,44.81584301171317,33.19434436839441,4.506064028510546,0.6322837006412624,1
46,60.46211603670917,17.252303276316596,3.945590952254082,0.7517451291482518,1
12,67.48936113805927,25.80450888714476,3.3904619230209763,0.9545230097960701,1
38,74.94141897266825,32.77998525785722,6.883204368330901,0.15952464684338297,1
36,62.01394558715281,28.455676847134225,4.3163317960565815,0.9013598658048053,1
48,58.06844775150421,34.227302664871836,6.412667803259167,0.4821234771891124,1
27,40.21615083426916,20.976985453053885,4.778629090153143,0.23575823702404153,0
24,60.26185149185798,33.65555419844737,3.869195795447556,0.9627484701962694,1
15,60.71287260549462,26.804303911074797,5.509068389929003,0.238429270536323,1
1,66.38956814212746,26.31901457808663,4.608943143067071,0.7334441857359318,1
17,52.91511898470909,34.95523523463726,4.792898894336752,0.7848867784041293,1
16,55.6494739976414,35.80950564978253,5.144905934339768,0.43051905242391186,1
29,45.219977446958154,35.17349848043641,4.187787164251311,0.6899848447269451,1
38,37.08707193115934,40.19320962524133,3.378863645879641,0.572477075029251,1
12,48.91502909203217,36.33401804221667,4.948730385265662,0.19203275243311768,1
31,44.29674185746983,26.022817081338506,5.963917702633836,0.7598878821135384,1
49,63.36712295420611,30.708190640678254,4.098408741088245,0.9280161448364344,1
28,54.818659433331426,28.199010457575323,5.153962266265635,0.4886380547191401,1
45,54.61762869925211,40.14544929974533,6.505507148549197,0.9943102540667581,1
29,50.15586953824788,35.52434977349355,4.910235112726152,0.42796531353486067,1
17,27.674345674875667,29.055599316432723,5.086094371795859,0.479736575671427,0
12,75.0831074874755,34.38954898876501,5.055212353600386,0.6738975139736347,1
42,49.99729477223212,23.839007668434476,4.31765557410694,0.1857701442243438,0
20,55.87579930150093,31.251308688227365,4.006645481566624,0.9019460099472064,1
29,45.45107834710689,25.310387536984578,4.010737630678926,0.8012727971394672,1
20,69.71930343440634,21.557038996862964,5.368183197007273,0.8724172863917794,1
47,61.43428937037324,33.92268118764917,5.757872361932744,0.6095585795040874,1
16,51.73634714734131,34.54295547593776,5.805082238437852,0.883747961179493,1
39,56.07770388655976,32.28606318105993,4.621457146244538,0.6799724872780551,1
18,76.7817992212487,29.085164797167494,6.0933085409306464,0.5115608997857596,1
14,59.27030568118722,23.668206725767952,5.307363819510426,0.9317908039847157,1
8,58.18266462384094,24.193265646413764,5.070742221791019,0.4397197688215013,1
9,50.58618513860735,25.153600101306015,1.6606433373964151,0.5005698554918739,0
43,41.054188495276975,28.831633541375382,4.182590388393617,0.16954373082674967,0
30,58.39961326420656,35.38089366802458,3.4789020977627243,0.9476590098589605,1
22,63.254851123246176,35.30202105539326,5.627073507064109,0.22105280846230568,1
29,70.9958446432767,21.757162001935615,5.095033331930033,0.20141592419166665,1
32,37.51503465500345,26.533833316415265,3.9280136136148913,0.10119460423117077,0
8,48.74903672976971,26.399194902140806,5.304362558467662,0.45335945115196885,1
46,54.1925890944355,17.34208435749377,3.5765076337936526,0.27361454987808287,0
0,59.96519151426798,32.83060473474954,3.9562369017324155,0.7407810005314429,1
43,58.549663084715775,28.769200878407393,4.2897786691350595,0.3075216202040534,1
34,58.7831131431273,29.434287316845122,5.540136321844865,0.7207702617243944,1
10,64.08096058569944,36.72935529187819,6.399441679203903,0.19596108277628965,1
33,50.96706889220891,30.441545066421785,4.413991551656065,0.2299658434000832,1
15,69.34141442233695,27.84634767516991,6.322458641608277,0.8061741604415052,1
8,64.33452441699481,32.86038810502472,5.0474035506114605,0.3710935519247639,1
31,56.8016773587192,35.29435923287781,5.236138160925223,0.11177397560469282,1
14,76.00907991888916,31.482337830246127,4.936195442272556,0.9614038050884081,1
11,75.56416035571766,33.44594799349074,4.802686246613934,0.1773921564436114,1
32,69.32895355193808,29.272161751285577,5.439300036738925,0.1501971186619574,1
44,29.814432294322074,29.590711268201687,5.740321186182045,0.3583820633516198,0
13,75.78945092717976,30.565103551494143,4.115388696364146,0.0956337692313235,1
7,67.94758522471935,26.23439524783669,4.810699530430494,0.15561637595116884,1
7,80.06408637712937,27.159691928151997,6.669275097223265,0.8464445975349495,1
26,72.37464591733539,36.88939820909237,5.177188654318523,0.17150685570966862,1
11,75.78342677497285,40.0397804793116,5.286693854429148,0.11142681366253837,1
0,68.7865485018038,37.960989570190904,6.167268538967427,0.8799575368812622,1
42,73.48693198645512,23.38371321615726,4.498755500715339,0.443796508112435,1
39,79.9412374073444,22.900712327075137,4.966039378098748,0.15716294141242748,1
41,62.165547383782055,24.046452840274195,5.81684489659858,0.5815174305045195,1
10,44.2776945592187,30.671937209397406,6.238902231278342,0.041505839875918826,0
38,56.92539099984858,15.956377038211683,2.6348567064945865,0.42738255462955455,0
42,63.899455993834366,27.055992166902495,4.263331209104627,0.5903138263753435,1
30,60.74887584371558,37.03549644580556,4.001634693650725,0.9571200302613087,1
16,47.53438033840574,34.912194153644535,4.876174896607952,0.3264647637847401,1
32,43.689323748050214,27.454526747132462,4.077327223406532,0.7650510965364443,1
31,52.58837331365171,27.833222794146813,5.664105499509908,0.1326998139051293,1
28,68.0773955598415,32.83620853403452,5.172410341048901,0.4335823500339999,1
20,75.8033977082297,34.676343776220996,5.889190169354165,0.22313472988046879,1
20,69.16567613777701,27.3343136613012,5.953007957373568,0.4924678358763742,1
39,70.57427287114136,28.828169891402812,5.679086018415848,0.41723185886587844,1
22,59.19184426836442,27.16995135739988,4.6642094488899755,0.9797850499599133,1
5,42.57917542294036,23.34325279312393,5.104277538756623,0.9174979979206447,1
21,55.447794191172946,28.90128125989093,4.539126094680198,0.5822058996660374,1
49,57.41235588127621,28.520362298956183,3.635264686030209,0.1765097779151199,1
37,55.02947513164318,23.69677942005672,5.953787847087716,0.556956991421886,1
36,60.54694865374626,33.23040468818865,4.9159353727307025,0.7920822783237723,1
44,64.4141975989295,32.41660339312945,3.497388035875387,0.038027111977306904,1
7,68.53015188243498,33.47859850422538,5.536949571087601,0.43402934865482334,1
40,57.21880135633666,26.15964822267816,4.776051082377252,0.042646914829454596,0
48,40.96240594355407,20.082121609426764,2.940196027379121,0.24395793754792383,0
34,55.171222807088654,32.336655648228245,3.6262707275353216,0.09211465960092868,1
10,60.43710396991984,26.67943642685143,4.299388841338904,0.9605782822250823,1
23,72.22807922133408,25.546659333771494,5.210512058443886,0.1688286527803552,1
48,54.32192157815895,23.714734626782786,5.7880199850505605,0.15010388233625194,0
20,65.12543628399402,28.62338735956423,5.753768930697556,0.9720549664709591,1
1,62.90087899635432,37.88663648525237,5.602862954930303,0.5159672903030734,1
39,60.439005331233886,27.47275239322243,4.965637628308021,0.7579850314045474,1
18,69.30533319324591,24.550984779165333,6.722232310598217,0.32731465116953506,1
38,53.39158803247419,33.25966700515014,5.699871243999886,0.5328607059348555,1
27,54.24813550356484,30.86406139885642,5.22210536924229,0.0068537120777231175,1
16,59.88099176905772,19.403493161558963,5.566588105730361,0.408818471377416,1
5,53.598534949063,33.311731598766436,4.600964996844397,0.5550897864439539,1
18,65.080122910546,40.642338842508,4.942756398965046,0.5144101634991237,1
37,52.86807695633867,16.997320362854882,2.9180459604484383,0.4058196872167559,0
27,62.263042077451345,23.82146987988938,4.613252337522398,0.7879076637444467,1
1,58.998272312132436,15.757364556741969,6.759888015766774,0.5016408266537079,1
37,62.14925964776706,29.623477896295825,5.148375277287096,0.6361205236459395,1
36,55.40258604936961,34.951931183056764,5.106739777361612,0.18462113163402682,1
3,56.609117054731726,30.527503748981395,5.998604095149281,0.8615000964111239,1
21,60.9600926799705,36.959978490563344,5.3578254156223775,0.3628361818896314,1
25,62.02074506161313,34.15275145165067,4.213516195743405,0.48210363332646256,1
48,59.95798084608844,38.51073661751089,5.023657512190324,0.3521947798246464,1
42,77.05362356513083,35.801053840535474,3.864780875321485,0.8919071760071543,1
35,50.09263081258716,27.985284656952476,5.183612170620283,0.9007401469622328,1
12,59.357962050472864,30.3336322811742,4.162250047596059,0.22428434461024305,1
31,44.263709778830155,25.656615422595134,5.928294612033744,0.7527145557623336,1
16,63.72081478667386,28.846719155659756,4.489759378228672,0.10288354570819924,1
40,48.847534636231856,30.3091583600906,4.175296090865455,0.029850353307798283,0
35,57.21689744123424,29.575463382323232,4.887168011688521,0.8365841135002119,1
45,56.279356746686744,36.711267631518055,5.365391819129713,0.131178145519945,1
18,62.80891126601171,28.349159687465846,3.7926680031601583,0.15478271786099174,1
34,54.4720908245482,25.339567932213214,4.478733402676413,0.6065882592940032,1
45,54.04694302306018,25.651944825484065,5.105162305693403,0.8167685165439734,1
39,74.35856464085899,33.275501358112656,6.338368549536527,0.18960092004104223,1
27,62.84566790474526,22.984307959555004,2.471284235706225,0.11419223471229956,0
0,54.38949147977732,28.994069149245412,5.615163203683238,0.07732234550085304,1
41,57.49166328188769,36.637501227277106,4.616434435593892,0.0248464115854532,1
17,76.45354952270745,31.462992228704152,4.505389653104332,0.11647914985807195,1
47,57.64835121748903,29.62697305440623,4.318873039864242,0.9426919095686668,1
39,53.10723376847612,29.820447981807852,4.636104416365744,0.09528251258446185,1
32,53.15003849873607,24.852177038864134,5.620817200911994,0.5975589740751207,1
11,54.508735190104225,25.714326447827297,4.463213528844725,0.9209663889160298,1
7,54.05502277573277,29.024091635427112,6.658592015813623,0.627820140776172,1
23,47.20352151650757,31.356365150546466,5.623866784292405,0.0327457545233476,0
15,48.757999030530215,34.74075005901055,5.19797212515287,0.5964138072159624,1
49,51.7067962563863,30.462803085857175,4.833943882183377,0.9030653068405761,1
3,65.91571018453098,36.76387087877124,6.189854203828102,0.3225590350801266,1
37,56.18762712727126,38.02599007604763,6.336019686758315,0.3136279295708444,1
43,57.928383109059595,33.97633606241102,3.8386178527457555,0.24886358870080705,1
26,72.70088025254897,36.124907040279425,4.29810189460091,0.50554458694628,1
8,72.95007149938418,25.04643239305953,5.6346302063920275,0.23794284610934557,1
46,57.17875056862265,24.25400532655969,5.9366809444440225,0.7237887713990296,1
15,53.69136489316591,32.58986688145083,4.6996594516907315,0.6448617474196121,1
11,51.355696863264626,23.293950940664764,4.257555140287497,0.4007736153695908,0
30,66.92775769708237,28.548140779920335,5.078612625966544,0.7225550577942713,1
23,57.95292766477712,33.8559595266487,6.476693430745984,0.09849630643971541,1
13,56.135051096772095,37.066864623426035,5.041034260052142,0.7495284033840995,1
44,51.863354248624475,28.72892174855967,3.7360592301748685,0.6029081815837024,1
24,52.303335909886115,26.75027852346155,5.109583227577421,0.630082875686638,1
33,63.20058191493244,31.602308107557914,5.782748071229854,0.06466370022248447,1
2,46.84561734112738,24.632282782380553,4.898622688650242,0.6181350117282778,1
23,69.94868693787939,29.133606758532864,6.2581668124839105,0.49412202382549253,1
41,54.661553561850816,29.959999758618594,5.865849035517486,0.48586250231694383,1
8,58.50364055748207,29.860080036646025,4.938241076303645,0.32185339979116445,1
25,46.630220418594455,30.44251736908941,5.0431440196404616,0.007613883340268357,0
19,59.87634061757635,25.827425722139292,3.1582402948167765,0.4226374000461586,1
39,56.7167905730944,26.365035036907916,6.210226724912163,0.4009162242257386,1
9,59.499194011435335,26.2644186948369,4.6704826513296895,0.4228054073186366,1
18,74.71708898361891,21.899528304024713,4.600043260723651,0.6119940065800433,1
2,61.7769804579024,31.70915160923053,4.450146393472583,0.2999062142601525,1
23,52.05340815854196,34.473287258460026,5.456697562490096,0.26938344923423474,1
4,52.88680089453432,33.98155041426768,3.8713069992373406,0.4977812794732802,1
2,65.95131185913769,28.687515697696227,4.0158272182874555,0.5923176759852399,1
26,72.98693290993424,25.94497380268056,4.947474898300647,0.567328426656701,1
15,62.8191802075105,33.72157321181345,4.373486668415132,0.8816417341315868,1
48,66.88712744554769,33.19461511187276,5.335233573373082,0.7691440583448206,1
14,66.09737723336706,31.08710321218148,4.410110720633817,0.05218989637500959,1
34,74.1906441335752,38.721556262116366,6.595036264375587,0.563475415148099,1
11,40.50409827273967,29.867872393164685,5.693457506784404,0.4178142094898768,1
40,66.67218939304529,28.715550080375557,5.680886212378948,0.36105129341735753,1
43,69.83736043903563,28.000913344626998,4.395038246178692,0.9578959061244137,1
25,46.612762938644266,22.195611467595963,7.405679674439448,0.4567957825280524,1
46,51.14331815993584,33.306699820711465,4.560988985725672,0.7194348949688374,1
33,51.492172513718465,29.472573164211116,4.286189722709883,0.9670869699568235,1
22,52.712098036226166,32.54965620678398,5.706742596955348,0.15100013590241101,1
30,55.18282949064474,39.209390010456204,5.195228132940331,0.05461626214895288,1
49,62.42602813054941,28.046241150476913,4.1816156907588224,0.31362022944702284,1
19,68.6567465116737,18.309956416042244,7.195847162088581,0.04444426534730528,1
11,70.81316957768536,32.40535184755386,5.975599498192838,0.11676461125348625,1
22,51.62176938832218,30.83429694946338,5.004005301267939,0.9917098225208391,1
3,51.55297001297017,26.3377306201434,7.401110131083261,0.9601789047677662,1
22,73.15821840016223,31.98633167810749,5.810780144288253,0.6912926589588965,1
47,66.46743935418644,33.93048160052187,4.988099030207107,0.7529869996043058,1
47,60.82864841868996,25.266950448942264,7.281437645176927,0.14049207764302551,1
0,64.73336675554967,28.49334069298309,5.658984733474206,0.595235575954342,1
24,59.70196218148559,37.383768649244644,5.61524526232037,0.15441274440816266,1
1,65.24584683047615,26.391889043853176,4.613652372839498,0.3783861561022024,1
29,56.639333034942595,30.333348777068927,5.049413485699647,0.34534502538981304,1
2,62.68804934439231,16.877944169780577,4.589307004135785,0.6139604611884061,1
20,44.894539496305036,22.590772494593523,6.439735746041452,0.07969310877615987,0
24,53.12215705174569,30.787587486664,3.390585856582537,0.10346206992170248,0
19,53.22988823209656,36.139939047928,6.365870433064848,0.6099319242120347,1
48,56.25609966793086,23.189851589994994,4.122657471302056,0.6361176569396264,1
21,50.73486745220252,30.372820310302483,4.942078796836488,0.3398824252431608,1
20,54.664563741769186,28.121410454731418,4.70478361217577,0.14687112778948563,1
32,44.85585937601879,34.76544027496247,4.479847513504793,0.8860799157916123,1
37,65.487004763949,23.910983473387073,5.689784148135493,0.052948797844332374,1
14,59.174864810886056,32.150388241837426,4.994810786671191,0.7173755176047124,1
45,42.94792392223983,26.731546565018714,4.332301239851113,0.14004471812838426,0
14,51.65170089453327,31.115190124132376,5.153995530177793,0.6373739084269466,1
45,63.366014275621666,30.344655261542364,4.303913273333491,0.6636558469288996,1
24,54.569780536142105,28.741104629286912,4.462224500998578,0.8042596370353704,1
20,53.03058539861903,32.38905923134692,3.5027369109611945,0.3950250822704374,1
23,59.254073229919236,30.218263671514805,4.5496910065152365,0.021796468232780475,1
4,63.43597535178216,29.335968489616526,5.494204526394534,0.8110493859689927,1
5,45.636475429608396,28.217917329886284,5.037124917958037,0.4440680193785339,1
48,65.5012848121788,30.387991948726686,6.815063668973142,0.8470898195975806,1
42,51.997067183926234,31.11021774073036,7.6128174737213055,0.7759849496609471,1
47,59.820720317502015,25.054289599596895,4.535781603679277,0.4983068212326648,1
43,59.645798593084905,28.25264381041312,4.166682242295711,0.9993994089926262,1
46,54.72933881760226,24.724070276844138,6.129816546358944,0.4620750770358093,1
22,49.76340253869286,29.80077288609607,5.335208242032546,0.6965046200469593,1
3,57.143134519077364,27.03833897572986,6.135874277014973,0.669803819922849,1
26,76.25330309075196,33.85391573990628,5.39883073120451,0.5180667150335773,1
17,46.38324969536369,33.36363488878345,4.805642153324225,0.5853502890042369,1
20,76.92313019104876,25.386257182178152,4.811314951781221,0.7986087617780333,1
27,57.40278828923468,29.988463273007625,5.43277677836605,0.571613267794398,1
34,60.35371417088639,33.19258289624182,4.78888610428514,0.45014830528434635,1
21,49.13289188615273,29.123458399179857,6.219501243197869,0.6620824746235761,1
39,52.28730583322519,26.358912375972277,3.697662760498804,0.03550903537172001,0
22,54.97090349961981,24.537982359776024,6.214143636061097,0.10919387500437772,1
2,49.54305029122088,34.27133780789181,3.126599252083963,0.12542638002078432,1
39,57.91082042629128,34.51356574142485,5.145102286361222,0.42576766354804674,1
49,55.92984108193229,28.960262005629758,4.668957269376452,0.8717752398510592,1
9,78.50781142435733,33.83068792263339,3.4836442963488192,0.643294597766822,1
24,48.340258143195385,15.173947350573297,2.9399805833212627,0.9726184787970096,0
48,61.02690516748587,36.63777325354618,3.9024853298948314,0.03994096938755265,1
7,62.47846281901825,29.215275973614105,5.045684326560339,0.7220070448585214,1
10,49.29679451348163,30.708882803997447,4.397815871220281,0.3142015573902488,1
4,66.86827495452839,28.397411381670153,3.959051098828822,0.02328543641103109,1
44,56.01672987118372,36.97853740933753,6.352281082922385,0.8259266899343135,1
36,35.07610348416932,24.69634188022233,3.7678153220714385,0.16269354342935582,0
44,66.59849612104566,37.372301633034176,5.679117331549446,0.2140749097624003,1
37,48.83059115897636,31.981354604725556,4.111002991617795,0.3404658586505249,1
28,49.52225053860901,33.11332107959079,3.8771940668414384,0.7883571168608697,1
4,66.87902082892398,28.35397718335542,4.396161373077109,0.624590579171343,1
8,56.5283851758155,23.458904010518147,5.619916047204112,0.2648611358469889,1
47,69.177721505515,34.65255382768051,3.62853424340192,0.1684893383253896,1
1,72.10166095365318,31.557041755946653,5.287455260506701,0.109548237001865,1
0,53.55071539677702,36.808117291544086,4.039240002328613,0.14981657296976048,1
39,67.93262495955031,29.03111839892151,4.219233129753948,0.8681451530778888,1
29,52.44539198607118,27.903843105505427,5.400641589041065,0.9226833731493524,1
10,82.33115917132176,36.94044118320151,7.1734828299444775,0.9679578076055714,1
27,53.070429954687846,39.55947082248722,4.0889830100124005,0.8347318844782181,1
43,70.26087440960004,30.04673588182865,5.719880583657002,0.8873903250233498,1
11,68.43790025881576,26.23621251571447,4.68728762276704,0.8161035004634256,1
38,63.16087822108934,34.05265381394774,4.525256545203203,0.9580557690460301,1
25,53.294568385833166,28.72989716914663,6.0713760097501535,0.8456509415443596,1
12,58.48602508058591,32.99631412700399,4.1564771891401096,0.462002681617936,1
7,38.46411887055448,28.703620128106234,3.845886773205245,0.3232543143579526,0
27,62.2442003838225,37.820070091059065,5.460175795219086,0.5842118888515663,1
29,63.49615331028385,26.5025524747465,6.594783796486747,0.6081833278076559,1
8,61.33499419061371,32.4026483126098,5.749994705291152,0.5749145389131137,1
38,30.266938287074424,27.55649014883938,3.5929826192634664,0.7067263427209661,0
30,47.34363554910189,28.592467192896155,4.384666956031082,0.698976578900239,1
20,52.519090171513376,27.939721726197117,5.9795982415768085,0.08719428392487738,1
46,62.916589331890464,33.69304033046708,6.5811102179086,0.2855224517474285,1
33,62.89338905642985,34.591815574669354,5.228711325274421,0.8898601874152564,1
30,58.29776208028821,32.788694144661854,4.420827465892207,0.5900350540369819,1
24,66.35245536603956,29.46008266627365,6.646018839368619,0.32852469819140273,1
11,49.737576246971,30.700900155007965,4.925406414844832,0.8504586495830764,1
0,66.10235005693997,34.48860784229712,4.39419142584564,0.24904228564554265,1
21,64.7474210483989,34.64655793603803,4.225067461824967,0.4091998643762307,1
39,63.775547328379105,16.548621843232326,3.804981653011145,0.276254771672068,0
36,58.17959568914344,28.63888914113652,7.8335804294566,0.8713499237855997,1
46,78.30743824831262,28.878706042802573,6.42095786546059,0.7282886868004311,1
0,64.93195688489878,33.34626282063081,4.343706683949723,0.4602256446498695,1
0,50.31664136746441,29.66614591144627,6.731825926721917,0.9323008324721626,1
41,62.483054757359845,33.59591690474644,5.533302173403151,0.927444780543316,1
41,67.52483377074219,24.606696144847238,5.474108001319148,0.7115250261624454,1
20,54.1189140107569,31.3002725773039,4.282082969883971,0.8919936332493555,1
14,70.892722469311,34.50102826725247,4.485872821854054,0.7193931214190745,1
16,63.82033705716011,22.628085653409258,4.957575965416759,0.6282118675424176,1
21,36.57521662334653,42.568217341044516,3.0344510055598772,0.4207830179265075,1
37,62.99671977337926,35.954429664332594,4.513179856600931,0.2734697621048108,1
34,55.93970845587285,30.00676651232821,5.004489631233427,0.06025735868376547,1
44,65.37179814541736,25.85795946380616,6.309518906467237,0.800869971506801,1
15,69.44214840251814,29.124574248631472,4.383452453931429,0.12216308083431049,1
7,61.95162047141818,30.419011798056705,5.812138111114473,0.4103492406598066,1
46,76.65252233944696,32.20331278406024,2.9395061799288316,0.2346342142453275,1
16,58.212931154365045,37.50330424730016,6.1670301754727355,0.4546262990702409,1
16,66.24817823053876,27.61950765278577,4.099653032888235,0.31498382546741943,1
25,68.04942573637348,32.813549187862805,5.13027296907476,0.829693846254922,1
12,59.02654031107267,23.537854186999436,5.406343119179219,0.978178561239822,1
16,67.78774307977783,27.93199642837366,5.210179557355859,0.9415547757668877,1
37,54.053270128378315,31.883584239346792,4.893220241346035,0.6223699187739051,1
16,55.774315809787815,33.45631245504402,3.7584837146267103,0.9792765475026818,1
47,46.87511309663687,26.2338376166769,4.110459081710507,0.4007226582459217,0
13,62.41409116370047,27.79604151994043,5.996431943221604,0.5224874439487512,1
44,63.25251675854344,37.302783177917725,4.402622541206586,0.2568498321092494,1
5,71.7926315857923,35.809543098140225,4.896704406636508,0.8979825321496254,1
34,67.91140004355884,31.042286085261832,3.507913742909418,0.17970912113596027,1
45,57.15204443352567,18.816774233896425,5.858573361524925,0.6104874733229593,1
13,48.21820312665723,42.55566273845004,3.68051695985991,0.7994541186871682,1
46,64.32850402519973,29.900342191713776,5.915962808602107,0.595398746826733,1
7,71.10753172414641,28.437164709893366,3.9372882393565645,0.07877521786969988,1
14,67.55184973803944,27.388200370729425,6.014508030327775,0.6114468787491443,1
26,70.84477524857287,31.881835185995545,5.010192915306326,0.7670793221114919,1
12,57.88110468801757,31.93291294585465,4.44124260355291,0.18782815885295034,1
48,55.33381031824354,34.75313936563256,6.600401755448123,0.7369528559551475,1
30,52.63098647768201,25.369689178254934,4.931145007181767,0.8785777080737261,1
34,59.44103533386404,28.437525609293694,4.638187706744021,0.9864584947219418,1
5,59.214092040311805,40.15272861612101,5.909117927598009,0.4100592637842805,1
4,62.066776285391164,31.12295316624996,3.5195428884800037,0.025162382574432707,1
21,58.70702542964492,29.13737813336627,2.4728343959834067,0.41907900042204715,1
48,58.66372270273229,25.29191117208149,6.157979973636877,0.6602278401620624,1
22,52.23305947027856,32.52967152910376,4.163697921347969,0.8913650378997533,1
24,69.41619013551491,35.15509108521222,5.864622425386499,0.9381057923232798,1
33,60.765180622437114,34.37293822904904,5.046162371778021,0.9095757870320706,1
25,58.25556065714718,28.705995681955415,3.836010535872522,0.657959772519089,1
46,52.52570746750796,31.80626141681768,5.607282419674196,0.6825230425801707,1
4,46.68086889608914,38.35829718324305,4.589829809768922,0.002383807162059104,1
25,73.07964192549343,35.35441146085734,3.922659663693488,0.36373124340897334,1
19,65.54638708131807,26.0791862890334,3.9487036278032477,0.9068562361164239,1
5,43.76082157430033,17.26997467689265,3.2671612458282717,0.6896176642142391,0
5,67.63142300709657,31.483862535421174,5.403024882182738,0.4679207510746686,1
49,69.2248117023311,33.99284063374216,4.064599255554807,0.10425241488342962,1
17,61.243761223009294,24.553877540633685,4.965277872295145,0.24631666593428592,1
3,75.98110895751759,29.956052389386112,4.818277505487627,0.5549225178174944,1
16,62.16719642122883,28.681504670634606,4.058443318820329,0.8975015136017379,1
13,45.831764720508104,30.521431611160995,3.4771002858611793,0.0958123476456455,0
13,63.65169001048321,27.27651856440144,7.533710829130129,0.15375544437548638,1
12,62.448973017127294,36.452554988139966,4.951467474021752,0.6550050763691355,1
6,53.967031512218455,30.73984440316381,6.823382952760298,0.29414973149706636,1
43,65.73558836877424,25.60491556917625,6.16493678372679,0.16970379151160986,1
14,43.32334733809138,34.5873107679686,4.678834698509592,0.17843596508718595,1
18,69.9056682744279,23.679062020041474,5.180964637339809,0.4926132260965741,1
42,51.21878296394547,36.42247188767566,5.151915781967148,0.5837442560421592,1
46,50.150538748829675,34.95529712111282,6.84420068893244,0.90434946673356,1
43,58.86175227692523,36.94887647660393,5.829833691643413,0.5298171889420855,1
34,64.32972928043635,29.20876813779192,4.192727253973729,0.6912735814944333,1
16,61.63924063593429,27.519430101083117,5.351618836554724,0.18068595269830023,1
34,52.57340834227622,30.420108804665464,5.804314341420253,0.7134602869103494,1
18,54.939107088081116,29.577816068222344,3.8246809510949253,0.648693588935139,1
19,48.669576526225384,26.736318572182437,5.4941493448053516,0.21618206254655126,0
35,57.7532009837013,27.231883429371788,6.34548895620512,0.6693774650554093,1
34,70.7502121451091,28.168135763667678,4.142527348374854,0.21149204432453106,1
31,59.95737062356124,24.149981567800687,4.2806814324154905,0.5935777751199459,1
47,68.59414254759453,33.38981644799667,6.1604725053473395,0.668849704605401,1
43,74.55401337726192,29.738514312144968,4.645763687093507,0.6933505445473833,1
39,54.11981480963033,28.458107653831767,4.0179915865809015,0.9092665927375608,1
23,58.13426746944636,24.448229195291614,5.8822730430340755,0.9478373549972036,1
16,81.71192861062495,24.198135111662676,5.57685423672584,0.8101979524013617,1
6,74.44343411979945,39.67957025361206,5.094393907496078,0.8787481131827692,1
42,43.275954741876475,26.863712685692153,6.124582628448704,0.019328883108552852,0
49,63.87148316060907,33.05264197104663,6.195635243194555,0.3626681087303365,1
0,60.00559992339696,30.813172349500885,4.91717709117722,0.03972221449094138,1
34,68.26453110858762,16.124057694459488,6.974326387552703,0.22484535735891653,1
31,52.550212325149445,38.96225411569296,6.583389953426998,0.38172432278000656,1
35,51.60391627959328,33.42041989388058,3.015701550109391,0.8675755101181714,1
12,53.23929284706391,26.161649228475955,3.9698825765668184,0.5117540861927833,1
5,54.28071453801567,29.858167477852025,2.7447081803577613,0.6488610511077871,1
13,68.15324166809015,24.254083162981672,4.675285005275246,0.36281559468392544,1
36,48.1879882685112,39.13110239230567,3.788781801699937,0.6029159067500734,1
47,53.77386100040681,25.461711458792678,4.185681601260326,0.8155364989269799,1
14,42.10987609498559,27.3845800165267,6.090568146782872,0.3012413819771028,0
46,70.07117823412374,26.352194609262042,3.24517094026492,0.9322566979621388,1
3,72.71030099431141,30.40189700104585,5.129735741030813,0.2133134958852111,1
39,56.72926569136214,36.851582500696566,5.123676442480414,0.9193013065366209,1
15,57.02050635186777,38.94687224547579,4.917610712447855,0.02829754534689566,1
27,64.53221902282897,28.00501927888852,5.130778681979773,0.542752277749765,1
15,74.74482007378256,31.89129491158961,2.7677182895842387,0.9851729027660552,1
3,64.08610747563917,30.409527063020366,4.190445484202308,0.6097787267572158,1
44,53.024580575248855,25.09195367777971,6.543000865257389,0.5548616230361759,1
25,43.811774280135594,42.11277787297972,3.803128914490319,0.6824702467549614,1
27,48.848737373365125,36.81379781148128,6.6666108135641995,0.289302247821968,1
31,60.73219450312465,30.945579248555173,3.593177588221594,0.05391533907786361,1
44,53.44672476799206,37.90938046749494,3.472959367587679,0.25106424918184056,1
1,61.949677059907586,36.060533563589026,4.048221182735904,0.17624716715023925,1
30,54.47075983763766,30.409306705408778,6.129082968286919,0.9235692367862389,1
2,49.418535687055886,31.629818026639967,4.453879170250622,0.8522620286623545,1
7,48.22968368546929,37.56063071188327,5.345406988439143,0.31771388355856,1
23,75.6235450937323,25.269232094351597,5.073636922017204,0.836069306293097,1
14,68.88987749183643,38.3684534866067,4.94553781726968,0.21175268864813424,1
42,77.30517951827959,28.87443719657442,6.274118092607574,0.19957925367957774,1
30,65.39950900755103,37.62338371423783,5.771517940987039,0.7675354289603354,1
8,55.70008591385161,29.9738670126859,3.857096802837624,0.32693061256731026,1
38,73.23340922489938,31.68803111236486,4.7244292164083355,0.06479263942457625,1
44,59.66931998638232,29.828458217137705,6.743439820030832,0.7199865809344819,1
1,62.208417702903525,27.340781885943862,5.319561789167936,0.9896013800923318,1
7,59.57175620924481,28.64972550927844,3.4921540359086802,0.565977714826915,1
6,30.530957807159854,36.89555701584283,3.5629610976232096,0.2636675753207729,0
43,76.04735012294853,18.429180086637658,5.890145308566224,0.37290569368012616,1
38,64.91003945957753,23.805170275975815,5.702437317176064,0.6486495585988158,1
41,63.2982306086851,26.37264145320949,4.078634424862669,0.7013796121729151,1
15,59.38223937729439,24.608276037819895,5.7476301789743465,0.8863322228960526,1
34,61.63427820386131,37.549898052077445,6.599392136719249,0.908835372319164,1
29,54.02721064153752,36.28838488926602,6.457858839660601,0.8612785122499961,1
9,66.16579352307271,32.960159046973075,6.604278036822457,0.6484909262248741,1
37,46.929016556008676,26.810979662612326,5.555488775062805,0.4498523698192839,1
17,61.86068432470547,36.675259333970686,4.822340180870112,0.6793054843775875,1
49,65.61573470571105,22.05935037002228,4.597519919533164,0.6665654573594721,1
4,58.01330866177097,40.70991320073968,4.982613111387157,0.21798292130558827,1
28,63.708677924710244,26.576851014112247,4.123976695543134,0.5075536294021116,1
38,50.086656077657494,28.68982389079281,4.64070127548097,0.20821476393740712,1
33,50.34173229104036,27.85328074752643,6.275119748297601,0.8991237809853528,1
42,62.36717121026393,24.634462929506615,3.3909289915625065,0.32324790860065566,1
44,66.78549654621051,39.62556561968459,3.4593302743085816,0.8054259890591153,1
22,41.25134344498289,33.94447315392243,5.830530604418429,0.37722706485802937,1
4,65.22020635110766,36.077352710398934,4.649827075316526,0.7637361415607631,1
29,54.56798499623663,23.881653639696147,3.074356975441666,0.22091245485479527,0
5,58.07193912692588,30.904689135019996,4.938665843659559,0.7637432175315572,1
45,46.604820764349626,32.60514344665702,4.795878415186393,0.1795320344946354,1
43,51.48382759813292,31.353782617749218,4.568915523508666,0.49081754026483215,1
3,69.66125325530311,24.19813274466,5.685706026481484,0.11362674478939794,1
28,60.32863373980213,35.37750010565318,3.666804431208403,0.5278980808100511,1
22,56.17221598290441,30.60775041392577,5.012985414859595,0.8207143500914504,1
5,58.83511647368965,25.225179821784984,4.789027505387563,0.75554695252155,1
31,64.89211824664301,20.72374730223668,5.037825227911704,0.05071521534124468,0
41,64.40494496163338,33.0333325674494,3.26781384186328,0.4921775713402674,1
17,59.24972999603199,42.2522786706575,4.477351111859991,0.8522253104082657,1
14,70.92959110896669,24.923728633268592,5.019769191037228,0.6501034903176113,1
39,69.70462636906666,30.85223525206483,5.5411596362978965,0.05920131901940551,1
31,64.13372029130396,35.55248639545788,6.8463965054125,0.32563202344414677,1
8,60.5461178291007,23.651738669493493,5.80594838873902,0.5565868887306418,1
36,66.57321095119539,27.600216154574877,5.461155200633415,0.1726514752143644,1
9,63.142674218011834,25.69920610369299,6.271474792280378,0.6819140672017636,1
19,70.60800071805947,34.92338347412273,4.696177553456766,0.6348464093650843,1
5,68.99561376738308,36.6276128467703,6.553928163634855,0.20244428016206284,1
47,49.81746098582271,30.795181323658674,6.119272790062116,0.550397964794903,1
2,49.140368292582934,25.791329655029493,4.554122209357538,0.8117185558967874,1
41,52.987504555959234,27.786045310360763,6.9239551757332904,0.3748266997771814,1
10,69.76138690066921,26.847507428766235,5.446935314906678,0.24698657500037524,1
42,44.23691003228754,25.113655691884965,7.192968976061739,0.7012205734530481,1
16,63.947573891079934,29.489808995907676,5.303182254283306,0.0708043140114003,1
31,63.625430910929616,32.87413242230931,4.438070140489364,0.8326738070872013,1
3,71.62648058686193,32.4512872221426,4.232463356646593,0.9434589672641122,1
3,61.80338690663888,29.958838177152447,4.644256545267061,0.9647870051700124,1
16,46.56790609416099,30.28526918412682,4.428705057970334,0.43253875431567834,1
40,50.40645039351877,29.592246024551105,6.271388556958694,0.6232028409675496,1
18,48.18004478102175,23.513942304168634,4.971025755449748,0.8573645574705203,1
4,54.620560336668596,30.800674484914364,3.385977327437591,0.22342399004293434,1
31,58.17098432576073,27.08187207272675,5.2130043158716886,0.027702668758005755,1
21,48.34558473778943,23.26328390420281,5.125513043110287,0.3845662324852436,0
5,74.70661990652289,31.853527835577918,4.531392378830989,0.884371059017667,1
34,46.74718628047559,26.941349817907273,5.267592021984271,0.5050719115454885,1
21,73.4610342386248,31.13876960629418,4.955890566871103,0.5302189485122859,1
0,71.8516303143934,34.23818907534714,5.633765367376567,0.6914740452358881,1
19,68.98302549689035,25.248806394273842,5.574978938683221,0.5745172603742548,1
21,53.0623339250325,30.460606410364857,5.3649028563990715,0.054476639038018804,1
47,63.424508791769014,20.947885591348193,3.7011440962299353,0.5608601251469932,1
10,47.22628866449382,37.66266545304638,7.119016728142311,0.6479588508875554,1
12,69.10907035033749,23.20466751555609,3.444014296667689,0.6415957778222988,1
41,59.26015218463731,27.425901688013127,4.87129082318491,0.7283441590780306,1
2,55.906797854133146,36.69189951881979,3.905566648651197,0.5199202770971459,1
8,47.7625515334373,28.82738536959507,5.396338161660125,0.9000587977521622,1
11,35.224938813709834,24.0130115684985,5.138405724807308,0.4642606134245424,0
22,49.614591429642445,33.56536616143268,4.831233915379791,0.5181864730121819,1
13,71.12798195612906,33.452662310755926,6.517772783937852,0.780305756282929,1
32,55.97166571525196,26.834068303173833,6.108495917177116,0.8332349757154108,1
17,58.306711428849525,27.375367396098003,4.67288465690847,0.6483614669980629,1
48,66.55554358288452,27.822955146909568,5.804134641916254,0.12637321266332135,1
40,78.05668878116265,28.964880196569844,6.564680257838454,0.3319520941629722,1
8,73.25004654945639,20.53514461539097,6.101345039542963,0.02015555236003841,1
22,50.27664996183812,29.0928806944095,4.863781414532496,0.2954498081564917,1
9,40.57429428562594,38.919570990915744,3.409699098570483,0.5702442912614084,1
18,83.59614259100104,25.520150163816478,5.3246479049198605,0.8052307393468722,1
46,82.68991611659453,27.08253203265118,5.66861033539399,0.5856497736023277,1
4,61.88453596429283,24.08191168401802,4.230383099716478,0.03989465572203621,0
46,47.295117544181785,33.06080963197677,5.0225452670580415,0.2591064598732956,1
22,69.63226533893939,36.015986790711885,4.917112191233975,0.5780616814523051,1
29,58.9201631398739,35.90158919588812,6.387710635805243,0.7090477216027237,1
24,58.87018876893389,23.7599470555317,6.853816175590089,0.8664538500194279,1
27,68.94458843105129,32.4989586524848,6.175214470300702,0.9676452161421887,1
33,63.343747468732985,37.16875017107118,4.914444316823889,0.8917866212924986,1
44,48.141850889850545,32.54831553855062,6.147716246947817,0.4673279868878174,1
47,56.75258064918026,32.392048416718886,5.64878820583027,0.7469295110947567,1
46,66.61152928661346,27.641787106824207,4.925100423618259,0.24052779977428473,1
24,65.10252222405019,31.100549118968317,7.0923902890032995,0.06383079450736773,1
9,62.62016574358476,36.18159089853203,4.2619815601174995,0.05506901406597575,1
13,69.33422954475864,31.64104484214382,5.603908975609542,0.2413056846792082,1
41,56.382830121827354,23.75862621985137,5.839560645553924,0.03754108514615917,0
45,61.78669775219072,27.719791628570142,4.7125011604762665,0.8502724139349958,1
29,26.244208998223996,36.04639769444497,5.559138187879341,0.48992075746118,0
40,55.50349806157186,31.623716601755476,5.945497250221145,0.8109000406917789,1
24,67.63902908575645,30.59531039121538,5.244634420527914,0.9398982768580687,1
13,56.09605532882858,27.2299223337665,5.472495563342782,0.9939078865505139,1
34,55.33772608282888,35.94299590267217,5.105431122949021,0.9371640094786455,1
47,49.585470482251814,38.31206298911128,5.79752011152671,0.7165567971709816,1
33,70.03365892729146,36.315945615090165,4.771021330806194,0.441979651840964,1
9,65.48463273540571,37.21295810722686,4.688202216607145,0.5979848390611915,1
34,68.25414597823085,28.206468796169165,5.020560153849151,0.8164963679095664,1
10,42.737860380421104,27.49915451313048,6.183668874198309,0.8975545051093343,1
10,58.39549956734366,29.21827413250407,3.252636851329016,0.956468468603881,1
20,57.19888992249994,30.19286620988127,4.0906306832891834,0.7306056990569898,1
20,57.194282934014474,37.15509890062628,7.275770048285441,0.5399535491216623,1
21,53.83972456282044,35.82943369734208,5.2751884167742995,0.968371709820257,1
44,56.538957282199846,32.69234693627247,4.592963953037298,0.9586249617677918,1
6,68.49644782706652,22.844066170765565,5.794851835488287,0.4775528375852113,1
16,40.8714864665217,21.559890777015625,4.214972999797975,0.6486583904946284,0
1,77.77294768030454,31.202313724008516,2.8972110878050126,0.8092671478921399,1
11,64.83841125026461,34.401316028003585,5.354799947747389,0.43307910668480853,1
41,59.57668104339787,29.602164755069314,4.2692161659551715,0.8293776266831397,1
17,69.06834146372927,39.574522524892025,5.101389778129899,0.11145547248523635,1
10,45.48165254831565,24.58779478109782,5.329400789838469,0.48115172085268143,0
15,53.35299094848986,23.958240252522003,5.142116169565777,0.4826124988889784,1
48,58.78924567609446,26.678595127628395,3.2910045878880174,0.6846570561679023,1
17,73.65560370432178,26.488513934043823,5.026280842587409,0.11641301017535699,1
34,59.53503418873442,32.6314293434099,5.444601941364407,0.10321043345028147,1
25,64.50054671185146,27.891440740782485,3.599940736775755,0.9005948124055092,1
15,54.10421004063872,22.26079769360669,3.480826441153466,0.3037414644533617,0
5,64.8684206896749,34.45789228347559,3.9309754141456033,0.3269223783080386,1
43,76.77239592974456,21.200240369639353,5.746764738760237,0.7768615466950871,1
42,69.95526691674114,24.643908884946455,3.0016842535124293,0.41490903611156904,1
46,59.18544012222121,21.88646714628066,5.829773851144354,0.8329237540989187,1
46,66.75490847265469,31.035606385354367,5.39205574829023,0.4014687311640175,1
47,65.77516954607212,30.93023856075606,4.742498049468085,0.7605997662077416,1
41,65.06587671697275,39.582271605081765,3.5193703375995873,0.5253099578497181,1
11,71.11953360860409,34.569133280727755,4.203532455108782,0.935828126338231,1
12,71.04477703837466,37.208230916711,5.781904052010635,0.327388972958668,1
3,58.728414031251155,31.443048256492464,6.256725201843361,0.36269059503914225,1
38,66.41879061477769,25.11534089454718,3.9686371823587363,0.9699865162440182,1
1,56.16905078840206,30.640538009967482,6.141863510283779,0.7375250979664448,1
25,50.769276036844225,32.962105036936535,5.685875232708129,0.7725673386243334,1
26,57.305062442960136,33.51903691125787,4.993162802235215,0.29597674894708237,1
26,59.23721848260417,27.637939279458287,4.262144870359598,0.5320443972891352,1
14,43.38419010822008,32.443932368911995,4.41860997872001,0.3135409854292347,1
7,68.6033255941672,25.334860145793677,6.822922616154299,0.2598688868593112,1
6,32.32674577397602,24.783612029446417,5.178441814213057,0.5352411876272168,0
46,87.14816939486322,24.421076443072575,6.329868342010909,0.9877606242498838,1
45,75.0187913379632,30.123129942783986,5.241557983288141,0.21462264721435553,1
39,57.389912758276864,24.110818224618484,4.547302074408567,0.24251985908753926,1
11,60.094263605637735,27.876278050644963,5.584090180435136,0.24312898834469487,1
12,63.029718735872834,34.51458275706979,7.157835072079893,0.79170226161329,1
42,54.108396120110584,24.854351609608475,4.355883339513904,0.5104820611146644,1
16,61.926191475869366,27.478439832478415,5.913868903447352,0.3847676567309415,1
16,58.56000022298339,30.358156383880846,5.190508982287627,0.8437898343671912,1
35,59.05727282769034,31.234434507661334,3.5504819836276873,0.2974906383605359,1
20,61.814610634806385,27.503547045972194,3.5281261571600835,0.39221789867461465,1
7,46.86472201646006,33.93430034367579,4.548016253061454,0.07362055929342848,1
4,60.39569724133648,32.95226150392362,5.347488584140919,0.11891010187501683,1
25,61.63447746617477,35.69928302180851,5.878372969688513,0.13673106672115898,1
15,61.28849621355914,29.5919903782647,3.4290869460187654,0.3469752384423017,1
35,57.84169244563846,27.435905952718283,5.652697520157137,0.5240852604876935,1
27,71.37857775969371,26.58683988993939,4.881619744469795,0.0007443148890811102,1
28,56.46347445118449,31.535137589646816,5.003313781532548,0.18993231149983214,1
46,62.2732590682319,28.114221085943637,5.588611846032846,0.17565002019103104,1
11,72.97297533925546,27.154151111596054,6.746105320117324,0.25334684878851677,1
36,59.206238599796876,27.75856367877339,5.303641800406098,0.16608092605322933,1
29,62.14463267467551,26.58154757437874,3.6432630172909595,0.1951281811639114,1
22,59.036153636851026,30.99510556381366,4.812907487070776,0.9838803609639978,1
15,72.37369793563599,22.937084087279693,5.852134023146482,0.5947302591546129,1
13,57.42275438413705,31.515081462374813,5.885043396916547,0.7626931648531967,1
9,72.83354577288206,33.38274380201475,5.665824374090308,0.8193433770806885,1
6,58.964121053529354,27.09560430911351,4.489968844660931,0.6676805974259451,1
44,51.40540276551983,39.61018469803274,3.632174702382706,0.704080270027243,1
36,66.79373170574121,30.088106554884266,5.589507755823929,0.6322834445352843,1
28,56.95332166244344,22.19328508450056,3.7857631404020684,0.6493734780462979,1
2,66.20500899099163,28.593785468316646,5.693011016425183,0.9284496292375944,1
14,32.70595615076266,30.313280724678982,5.693289358694634,0.1857384738754777,0
35,60.05205261894946,32.24483777785107,4.53230706326897,0.2747300358262692,1
46,55.40394701242519,28.712847379445765,4.887536710015848,0.09325854881873741,1
45,49.36741313468722,24.942148621478047,5.198677867119553,0.837324462964272,1
18,54.467589981602,24.525096909438588,4.385185326678891,0.44875532362784865,1
12,54.262968557073485,26.732003574091642,3.618319965889947,0.9071045605475243,1
41,59.52014205149419,27.211123187406187,4.960780722953096,0.4116757132463723,1
20,46.32673538715044,24.32512917550371,5.065032610479845,0.44261415808151017,0
36,63.162737802597135,26.335934194481503,6.361047363653052,0.4483565012875831,1
26,73.66214785205788,33.29729262219678,4.218007928372141,0.6124930921810058,1
28,62.80928496947826,38.24206303847244,6.068496173781111,0.7661241169658622,1
19,68.08988609229009,33.777308569354815,3.852930521073564,0.3512922761172187,1
24,70.94562454613795,36.52930543093406,3.6553978003012295,0.6301654534223198,1
5,72.36489512184177,34.87059234116849,4.699137555290725,0.20396743675693474,1
35,78.70138692821305,34.16565164199172,4.059090989390278,0.5540471045014498,1
1,55.0079800172407,28.311018684713357,3.6413841926215564,0.54658489984368,1
21,52.815160148388834,30.704554391934735,6.944330315814773,0.888715865648287,1
31,67.83465648324734,27.89690328771989,4.5483523636440575,0.8958452238497272,1
15,67.08266219657399,28.904464188331865,7.3113035867562495,0.4872111582995756,1
17,67.75675299615689,30.34083550193293,4.005266201101424,0.02459946577838401,1
4,78.89282454250252,33.56783075789514,3.2914534333670016,0.8446219506181691,1
35,60.11369908798494,32.11661690757562,6.291289718928324,0.0006224705651719509,1
29,64.26156559646185,29.190853684928218,4.273343367739751,0.47825363550754363,1
44,50.19611748516525,30.277693704458333,5.138865798198819,0.019790157633456817,0
18,81.35321123975957,32.167318370967635,3.644366514987117,0.3525912943560229,1
22,56.63455078790889,33.336972190289174,4.961886858069956,0.636764686066574,1
33,56.9178407183917,22.405024183713987,3.6283739301429074,0.3712009030540807,0
12,56.532501089917574,24.613055180505317,4.926092602289036,0.9268913585768563,1
42,53.551041413556625,35.53655266969671,4.52606746051152,0.6407636334448088,1
28,52.705629511523505,29.69565215034471,5.230267730386103,0.6464438725547403,1
35,54.762957171104745,27.879617033165104,5.625691371108812,0.37443704596936966,1
21,46.342040719490555,28.682502635369808,5.24107999919922,0.038543524296259624,0
46,52.14682079736762,28.68147347211723,5.451046542162149,0.7381797234919559,1
35,79.4896311144762,32.789688907621866,4.890967324600476,0.7162447305444656,1
8,67.35655143641368,24.459918030096166,4.564681298434363,0.5301250270038174,1
38,69.25904176727718,30.123888732483806,5.470118682789568,0.41626803925769085,1
18,71.77208787416915,31.23058864725202,4.888552184121815,0.5383170500086214,1
37,78.34134564362391,31.981339582827516,4.926690217885856,0.7468154041503854,1
5,42.28577448556156,31.114319981051466,5.397744965446861,0.7127854307878653,1
46,47.701168847134596,32.579531151570144,3.966784401977482,0.6581096623281902,1
14,51.962763391053144,27.136519244708435,6.429611094094432,0.9037772674033293,1
19,55.30270203510402,25.290986338375223,4.750643419443737,0.6098883773003034,1
8,56.99430609414751,42.28502221625257,5.124181615970071,0.014509647545037252,1
31,55.53022447193959,28.493676577128817,4.955480552069422,0.6180638356352548,1
3,62.19308913132054,29.07772764672716,5.6527431539021205,0.6125592456702794,1
49,60.35295390745216,33.389200488589424,5.33918167097084,0.06963616350543822,1
17,52.771652048217504,37.98044646097121,4.950076053130505,0.42772975431596105,1
4,38.2445122301243,27.277359415326522,6.448754116136872,0.6510962619583276,1
19,50.07131294621302,25.00592365905237,1.796654390795314,0.7045012317480518,1
22,54.50761346687425,23.78923324604195,6.242674380466947,0.8930496252379636,1
10,57.52920563192281,37.96553110751463,5.92021540519096,0.8413809807098805,1
36,48.703325406894635,24.80946506769483,3.1641833671975537,0.11655180931093245,0
21,55.0919353350358,29.862220317422167,5.929283217717252,0.6087844266374145,1
3,48.69012611514414,25.113575839785156,6.058467445559539,0.5964814111966464,1
28,58.74180648451667,22.75822041020848,5.561763489881057,0.30374791767759945,1
43,49.26908671637385,28.538123234531568,3.4409125563185823,0.18410570611789256,0
33,51.51095343629535,25.3110666682942,5.682652717564226,0.19950865899390136,0
12,46.91315869010861,26.541857872883437,6.007196856001928,0.17754776904012337,0
41,58.46499304430216,40.03052548708702,4.427793505219127,0.8062636724149865,1
8,51.335522300476015,32.124480520862015,5.441133855986057,0.14839305065808828,1
41,69.06784266675429,34.65734759776994,4.646792104480548,0.2643919773418054,1
30,64.05850266692899,34.123297814246264,5.885376990516843,0.217788404521714,1
6,59.30148131816357,29.495695384604875,4.686493314772257,0.7128568324090317,1
3,52.025145026562114,27.80140820311188,4.419882537153987,0.15839589439213164,0
18,63.80520305316303,31.244673059305583,4.960703457330281,0.02406495260847885,1
41,66.90700889348636,30.842253849662473,3.6583478795166426,0.37422542191823205,1
29,61.426884122016304,27.15597291417346,4.861418016767638,0.3050942611509867,1
30,76.0370185546693,30.649239152334303,5.362092737358238,0.39770470495575083,1
34,64.59637318074816,26.46835146651854,5.869959269366351,0.753815739113376,1
20,69.13607217568034,29.142710346795802,5.248956738638199,0.012366908895161788,1
30,61.335654155359784,28.323582627413316,3.567398362913602,0.03770760173755883,1
18,66.75664453256977,23.655637036971104,6.352271138229763,0.25564463186580777,1
30,52.03218767330824,18.24420893443915,6.436158506374239,0.8892084862798261,1
31,55.41601636787206,25.304683750301503,5.112567255270783,0.16907450059776374,1
1,63.493635534823795,39.0205233229315,4.248058378851345,0.9970379567816067,1
9,63.42099481557381,28.45159108981636,4.468382063538455,0.805692566071367,1
1,65.07611822943248,33.87984080448202,4.796477602281914,0.45613655312921275,1
1,71.0039289227873,19.37777428453321,5.27866845619766,0.7478622452486067,1
23,45.75028828184588,24.958569660178362,4.69551471849026,0.5188151249369125,0
16,50.255474523897036,23.227551913188247,4.141612466098824,0.5659922646398592,1
31,62.29572641074253,28.988499949564424,6.023009884216437,0.580771741918851,1
15,52.7563636819654,42.109777402676215,5.257285888074101,0.6487205128636212,1
15,93.77768241289363,32.30119471613959,3.9476279775640517,0.06076419003058986,1
45,65.15719619170136,38.47806266639043,5.291310456285791,0.61649810493635,1
38,59.216691510698425,28.727816361571684,5.161870828779081,0.7169485818585107,1
30,54.84530726916141,36.82434686927536,4.281947088055609,0.3107231350367129,1
42,55.198377168069555,40.36628353341445,6.195049759610987,0.978578830473357,1
23,60.30140661315178,29.453154667947707,5.1348892064273155,0.14444508601144435,1
0,61.11981932621258,27.303676443863175,4.783378357917832,0.9104425225283873,1
10,55.43300855306487,23.410945315049236,4.916518251924579,0.6764494079457165,1
20,57.26847753480098,28.454698707115153,5.443916795854826,0.6643144781887336,1
3,73.44284575234596,30.409483376003955,4.927816585469896,0.8760226599196654,1
6,73.84504962651035,40.15476808674575,4.919456326961125,0.8317292113006397,1
25,62.52033979934877,23.525130129519567,6.065965068325379,0.3454344322994487,1
46,46.58740272763262,30.29830946848489,3.5815956725127345,0.7053698023157113,1
49,65.38503156639044,20.928459393051916,3.7484468604050387,0.05060258268692808,0
11,75.54282441611026,27.86618585580716,5.776963359991937,0.46401843222580974,1
30,73.69781101962379,31.556976787060094,7.4158497870836335,0.9377772607243146,1
16,67.34425852809667,32.56291576344279,5.876495450152052,0.2740894478013225,1
32,74.22422955285822,32.94511539820961,6.864208796072725,0.04997078906551655,1
10,60.53384272479022,31.987020164434227,4.565628386284272,0.5829449919414155,1
27,66.28102969833705,32.902109700481205,4.362918821662182,0.3550997630664606,1
31,53.192244336748196,30.228695645013318,5.456533173246052,0.37968347009920655,1
0,62.922654561557124,24.76066847005514,5.953648959827031,0.5824571870568152,1
46,73.29534243970525,20.74171518159972,3.688449098717645,0.6215890593482194,1
27,54.10576588513109,27.266560891313915,4.786781627170167,0.43732196558199476,1
41,51.38556570535714,29.326922834683852,4.972982832355947,0.5075492421894838,1
6,60.97488939023697,36.2696589858774,4.321129784314626,0.9932557567458055,1
1,57.73337796276,29.496991624219064,4.437778173454256,0.957147958034555,1
41,66.4914772107042,29.01715482891654,5.843069301059193,0.7073170720243042,1
23,55.467404740529574,31.927635634208897,5.469684481090823,0.1614795269389825,1
3,77.18439615602713,28.64994006274399,5.798451421859454,0.3599600839875342,1
43,47.10323902038944,34.05270999473469,5.336874690372774,0.8830882240868257,1
18,72.53734786219735,39.896668091919395,4.126743323147462,0.42356591617918493,1
25,52.35150771691897,40.953927571053505,5.423103051839171,0.9553676493762834,1
10,42.04017265415977,30.485203136222445,4.047907097622492,0.4883017832590286,1
39,62.37875156348868,31.684461823477243,4.688246660965659,0.8617691342051267,1
49,57.45392013986117,37.894280601867415,3.963751345181775,0.035378899527998,1
42,48.903906320969696,29.250189885518644,4.3891122079291325,0.43416369479277483,1
10,43.18623108284736,33.395960709620894,5.0904788473545155,0.7002618507491564,1
44,59.916392127285434,24.324199351570876,4.542509395504679,0.8635645323432427,1
2,69.75836891623818,28.44580425862501,4.116837589975521,0.6096328928212278,1
11,65.84953493086444,35.780573083226535,6.13779747158208,0.17326202594111884,1
2,60.567066488392655,26.409021831061885,4.880408282622141,0.8857941652325871,1
41,64.78847573217735,29.359744106351613,4.472071953567076,0.5748131626739571,1
26,59.72785867622143,22.128951771989403,3.917600889298024,0.10801818175071132,0
48,45.70275756969629,40.02884147254818,3.128005114856851,0.4638467773898346,1
1,45.79106014776556,36.315140349084515,4.777952986268879,0.6989433935262958,1
48,57.96831471015321,30.940497830763743,3.6217812964800284,0.4510157463163793,1
15,58.393467136339254,32.53756436041164,5.712036459360953,0.8707901072645543,1
1,68.50982678506765,31.97949053471684,5.029491194598529,0.4236943145607719,1
29,67.57304223774747,36.92155876515393,6.558360779138136,0.5834526895331611,1
19,66.05133015758949,27.405999788143138,5.223074273237132,0.211170436001903,1
37,57.19717286922819,33.661338099641156,4.27334220274035,0.5126863500451115,1
27,46.193478298898604,35.387082494260866,3.1199923976315507,0.222857309932729,1
24,64.12071137066025,36.07662985238228,5.806543863741757,0.22518714794945904,1
31,65.25169313262168,18.70314558084151,3.70105173946461,0.27990254224324196,0
9,36.11468537522314,27.00362760867428,4.591855477310238,0.044199267447675106,0
41,51.65661813417337,24.90414689349048,6.674088246554914,0.1633096417397678,1
39,53.08945622606104,30.74794142785343,5.610983349048727,0.4243606253330613,1
32,61.18350201123436,19.91984890242864,5.389865454534941,0.13106049870733594,0
12,51.96639567234306,19.771885545271985,5.944322443120109,0.13338475051708076,0
40,59.618654311753595,40.8504749593813,5.907049818905528,0.9679318283806767,1
41,57.89465059647008,33.088446941316704,6.58094643195417,0.42709736319720626,1
46,58.40850528462272,30.605046215994058,4.397820649531131,0.4037326996223689,1
36,52.83605706299254,31.818363239194912,4.623315846569235,0.26773565483998285,1
15,53.61014945933322,30.731704618745898,4.077615370938313,0.5124471591074683,1
44,49.19732940219308,34.98675328275763,4.967302363616026,0.5960649016580531,1
21,63.80067440573832,26.837779039680107,4.867767270829805,0.41818552195949277,1
19,65.71102628591368,30.933074130367846,3.2450477626644263,0.39380851645508486,1
49,52.29382049874661,31.13710633968858,4.346099242905454,0.7004266836440549,1
42,75.20640096017044,24.76571020770831,6.439116534198966,0.9497767008861185,1
26,56.85398552557951,36.38491529531526,5.244208594887085,0.8778220709825862,1
40,75.30185623796561,27.77161630049295,5.715398618086713,0.11862026690538907,1
15,53.57872826168396,35.087108349044506,4.879455332149319,0.6523086703672395,1
33,39.73422223400564,30.5745636318574,3.1129064758021583,0.007047612501010492,0
31,64.0219782491235,38.16792416204529,4.871364078170461,0.6330917773508312,1
25,62.48545105118987,24.79310455739238,6.041696557520979,0.46435358892493284,1
24,60.34393795307583,24.57620599244775,3.8143162087560905,0.49111305234383307,1
1,53.577675215560106,25.471522044978457,5.747038926743637,0.5880256078521117,1
11,59.65427774514181,30.666477752571872,3.2981683307073233,0.7426553812889195,1
39,54.88740542130473,37.70734197889102,5.02019123823233,0.7294578026479444,1
8,56.976504336682495,37.96546809082625,5.544518450146629,0.04447903154668076,1
11,68.41632255765074,18.450156997807802,4.687887475730608,0.7364943863014933,1
25,61.842172295300934,31.248535806112695,7.47247154045335,0.8298159806691539,1
8,66.09951387331978,13.935231947424885,4.506809562911397,0.06817262443560246,0
9,57.6813149337421,33.97515896892517,4.421583762321798,0.3229466006776863,1
31,56.57982654195225,35.59084707447604,5.204492041855005,0.7920640768320306,1
33,48.46517469111356,29.79877862653907,4.245026864162791,0.49310681570170234,1
47,56.29963387431803,30.419907887473773,3.5586624061846885,0.694891068809956,1
19,26.78885444410861,30.368194464701197,3.902330225077783,0.5023158075981345,0
38,54.09778033694365,26.07779040629377,5.7579867595478955,0.9782224498081661,1
1,59.18125822809161,32.1585289266074,4.695060441124645,0.9361930728663616,1
0,65.63673654270156,28.842959991733714,6.702020950501926,0.28114524190619905,1
35,57.313221224750436,34.65145854644809,4.558763754927465,0.38588482174349403,1
23,63.47673542244999,29.43186532740385,5.710510354732298,0.4313459978353186,1
26,38.202113386097544,25.694884467558705,5.510841979461871,0.10420433294358489,0
1,59.4316314779305,22.32067664567245,4.5438491928199785,0.4040749468794461,1
30,43.20497207086596,20.67967587472144,4.12119107083409,0.7748478211866275,0
13,47.916964843406674,36.56254671977218,3.2681963010740525,0.8468962814491163,1
1,58.12834452136139,27.711053235704902,5.553120779680093,0.8861327504382611,1
28,72.76263987873554,31.692870950408242,6.198259732550145,0.014559000171474823,1
14,63.71206763470059,38.91614945872259,3.4100693282457657,0.7888060387483584,1
11,60.18230997137117,27.185978343510545,4.629555065003325,0.5026276844852345,1
36,59.80469610532898,26.862612578094232,4.333081669807251,0.20615914482863906,1
27,52.86371106795533,29.339191238223382,5.551369150320208,0.49874502251143604,1
19,54.56016586627317,30.147163502099964,4.671347312047332,0.8442604666817923,1
38,64.27376045470797,39.43775675127923,6.322980570417816,0.43424936776062606,1
23,46.146394815555055,37.829102970470565,4.61560680903315,0.9904610805990239,1
20,65.93054050283021,33.104377079533734,3.7636165404640956,0.616683184668505,1
9,56.11492932881147,37.24706884498434,4.531194674789187,0.48976366914574176,1
45,68.25557074869565,29.10890493716072,4.641385399841247,0.2948893278673509,1
13,69.61093457232083,31.49582283594239,5.5260999454946615,0.011051062639031106,1
36,43.2691598749426,28.492431777306525,4.626480944634515,0.6105483566893044,1
17,54.18419236772782,23.548158087101804,5.440096513400378,0.5774955463563677,1
23,51.444723120593764,36.019373708967976,4.209515727910981,0.5168143552325256,1
13,41.87272034926857,32.6584936699493,4.705323320205344,0.5377044539786631,1
33,49.674667237905894,30.09036736711832,4.214965723287479,0.8435223711439643,1
11,84.4125584526534,29.987660753439123,4.153358410323862,0.3168699246402308,1
21,66.0950989621244,22.468925645467458,6.274833557284012,0.5502539440002071,1
5,79.17287968605754,25.112623334236424,4.2848704285407315,0.6799476258585463,1
35,68.29098440018336,31.680765850570126,4.652395217852235,0.20981892692856097,1
44,52.58156838991525,27.35443666362747,6.044604459949429,0.9248194150470239,1
35,56.18228803325957,28.911434793912548,5.7500013962715295,0.7371225247739107,1
21,65.88436180240308,29.47671967610449,6.641207216661535,0.05329540015607348,1
13,64.37506203473036,26.58765615491445,5.482801864504178,0.865106697937929,1
15,54.226579842916664,25.16040839987975,4.399600610313942,0.9298701453601211,1
35,44.90006829420793,21.938211845373132,7.0571446489559,0.793670048223755,1
24,92.87761187388739,29.267408604942297,5.5820807445552685,0.4262246016936688,1
31,58.58850327657194,33.093042738051416,4.845304661198334,0.9943768997177854,1
32,56.7426110681738,21.781829288900248,5.05746554970052,0.12443589941091104,0
44,61.13334463905302,29.879760874500867,5.1792815794507145,0.5366058413535754,1
35,57.57271410688971,31.405716263457805,4.763188125210675,0.17039080407253948,1
19,61.227289077054834,25.052097981354276,3.6241443980828327,0.43934880284622024,1
17,72.8694728611642,37.11070905774044,6.626721052246582,0.9274243066255801,1
37,58.75451520313576,28.07142315480796,4.978165923825229,0.7942611284016664,1
2,48.37289560672239,29.493701557717444,5.183496512702643,0.78208194153034,1
22,58.38356205521389,29.193652497010106,7.0781440593944795,0.3538538009818214,1
31,55.35598218590089,21.14612788704472,4.316714736782415,0.9342701774435406,1
44,74.23898937246851,35.04376035842022,5.655485324714104,0.3682609306539929,1
15,71.7111906473757,25.222406157903812,4.2077013164300165,0.03997343571993761,1
4,61.07525000430799,28.817397422971318,5.321021162545438,0.6378012624609642,1
3,47.212641451807436,32.98830500638998,5.201505746251358,0.3626476165258933,1
20,47.741077365600546,37.30451713072267,5.790601097140317,0.1537248882355161,1
39,60.15123261584554,24.600338590515804,6.2081687176903335,0.9346580620540915,1
13,63.36322969321281,27.767582072027864,4.4204789088003285,0.6372395340342434,1
38,56.25377180673945,36.912093150035766,6.4166748407239185,0.9405296895102307,1
30,55.19830415792766,32.318569396377235,6.487480938561312,0.5829786822940819,1
13,54.07200766821353,33.35585679525804,4.75001461530649,0.06386365962577223,1
5,59.76606039756054,24.744341321119162,4.993417418596871,0.029940513710376093,0
11,36.172376479269346,28.10395235036721,4.505649880050561,0.9005614350022894,1
15,48.9867337123029,29.160822838097847,4.694558786156362,0.038727936878708014,0
16,53.72949154552649,25.710526213285128,3.796524344749932,0.6151757971827795,1
44,72.0750319495192,21.627151871630467,5.77753577232919,0.29797580744236496,1
22,51.861863580710704,27.44750720618202,2.949706107475228,0.6876581391029672,1
13,61.804681418312065,36.77144099792215,4.302905149237314,0.28472242871714604,1
6,62.26542750930996,30.29586732780248,4.953837948930433,0.037222170449489944,1
45,72.97916505660763,36.871454567866884,6.299797330427939,0.7308384727989147,1
31,72.6257740696415,30.8951045711476,4.454755430698094,0.3109026302635449,1
14,59.42497031205084,26.176461352060187,5.427851671102578,0.5507989272598827,1
43,55.24515258810557,36.38809506615861,4.919015885549769,0.7738658199351997,1
16,53.3616689717431,31.061630703339496,5.945118900472334,0.7028233018300055,1
40,57.58936777534219,34.80919416213699,5.375585748957371,0.3485711052046474,1
46,55.659666456764,24.658359144397142,5.830209388039722,0.7478266592262973,1
43,65.53627409358232,35.193781448072514,4.44936508484541,0.9256810070250857,1
33,64.20309817485204,35.34444637772099,3.985975105841664,0.6099745925160445,1
4,65.91801191145015,31.44883572178268,5.3671283190533625,0.7035060606445435,1
44,72.59283711436169,25.96538957095109,4.5122719809607394,0.8659081396803764,1
26,78.62869121400178,29.76995585643694,5.030323871849972,0.8436406162792783,1
22,61.24663393407557,33.05645573619122,5.31727494026409,0.35160132748578254,1
39,70.99463771395654,31.17285009968267,6.241907530654725,0.9917005967763931,1
13,56.483398161657846,33.00541369053882,5.786570643389999,0.028566000047050677,1
14,71.85006983583015,35.06122953826453,4.31899032722603,0.986707571768763,1
42,70.61509157175844,26.757766733140393,3.8549777622424433,0.24599713338660822,1
32,70.08415969942992,24.224621895199306,6.707381104754448,0.44043705045524784,1
30,60.940698411915236,29.81230599313879,3.417340328025655,0.8836887378247141,1
34,53.31641836009111,28.35128420565066,4.547497152308949,0.24432883852741838,1
16,46.05471562134524,33.92923206578075,5.645244820322117,0.2247816350900591,1
27,59.599627924789004,24.62750805170596,6.638761246950033,0.6431087621880824,1
18,75.33012542249183,35.1019093708884,4.810338474875805,0.7054505255952768,1
45,56.90155098635927,36.76806054773383,5.027342994270894,0.007470684201027256,1
22,67.85126585460054,30.00152482131145,4.124972578402574,0.45044423597578676,1
31,68.43951400518931,30.303680627906523,5.1266161121352045,0.48910897788062013,1
39,57.16313779072827,26.162267493849235,3.8498460206991205,0.27183519972195413,1
12,73.1634483751952,27.286695505129668,4.249715046781347,0.5461097146289048,1
19,30.913392555194964,27.95831659677158,5.763890554138481,0.1545776056721565,0
34,47.77249721261825,37.214700339189655,4.566423183138074,0.32360580185739884,1
4,50.8436770364154,29.64064607094613,5.91724892205307,0.7132392335545484,1
8,51.8028497713261,23.389135216799957,4.84649287335089,0.873786537869304,1
28,63.362629511858955,31.27677171056002,3.6311599071291853,0.5893789617132055,1
5,62.90037803053902,34.13145062311138,6.1683652757113006,0.07484453934119795,1
24,63.93990572175008,29.872943153392026,3.6846739149481116,0.6787458697650417,1
30,65.96081494132487,37.34606719863495,4.398212491139385,0.8975978208896972,1
21,50.4989543085435,33.887543336329486,4.800300918061857,0.504314042996682,1
1,47.81823933192681,24.754356350560734,6.005828620659207,0.4936919661030653,1
44,63.96319682007863,27.24283593801799,4.473515177309757,0.9914135794522885,1
4,53.69767926353561,31.131131407123043,4.073282837529916,0.6362977875460429,1
26,44.29524954632029,21.669053809866966,5.162673071560396,0.8060289016661668,1
24,69.71344284541482,31.68178368735307,4.786034276773381,0.6464934852762119,1
7,73.95101906502298,21.19208786372676,4.532609400960839,0.2209156865639108,1
0,75.57160889698659,35.117167277822546,5.216485356487846,0.28407818399626583,1
19,61.870077214747205,34.53636842395854,3.796403784606868,0.6657057587489417,1
43,66.25932095972902,32.523906804575354,3.2781594590343195,0.45607113007191125,1
22,73.69868223361911,26.62060817823844,7.138730107268257,0.4043477902161414,1
31,53.58584209976566,30.851014123067696,5.1041860933615775,0.022451953381393164,1
10,71.10677684054092,27.433112562426754,5.17418088196227,0.8843690673986963,1
38,62.753962341432086,24.84592361274967,4.218010619322922,0.8844977898367871,1
46,69.1371165234259,28.306284941142945,5.897698843494011,0.46097112472471646,1
23,61.860930208759356,33.49132768246048,4.466514739854153,0.7007392086256818,1
10,72.96256709748002,30.219070964158803,2.2138523122194655,0.17781935373531121,1
28,62.235237625415365,37.25354962067212,4.432966659491369,0.5038110245837941,1
25,45.16020940532582,33.828902697401375,4.71858692207555,0.4388656418998552,1
15,74.51926632314722,33.293454069528096,4.829916395665487,0.6566135708116178,1
34,50.52469259027888,21.95536725277198,4.800988337255418,0.469645901144204,0
19,72.53058210243914,28.57420734922361,4.355085383023723,0.4984342826689623,1
45,59.09757118559678,24.678137947829,4.258478940296632,0.295712457013357,1
2,71.76010985197706,29.08498560188048,4.702021333207969,0.048423168304580266,1
0,71.34768614866765,26.533619380384216,3.354523912964085,0.9170257590173906,1
46,64.30142974315372,28.111975234710307,3.0424037061894578,0.012231623507424128,1
0,65.08535317627131,35.30581366186925,5.098055489919639,0.281324428561327,1
16,64.22628617192566,32.37624964502917,5.1147348742649905,0.4476107821943013,1
1,39.861752437189224,35.03557214490817,5.879400580053997,0.31909235429240257,1
28,61.18330218898202,21.99658445492007,4.744434689629228,0.5519178700632704,1
19,48.839358239281054,30.289873483078317,3.806372786892471,0.4616130151705162,1
5,61.71187143745663,34.833524906983,3.0603531848020333,0.25547623586357937,1
7,48.57057453616785,37.53147957443578,4.109803924043134,0.08802013090543992,1
28,48.15048058773925,22.259558051537535,5.422519744057519,0.13753527058416948,0
47,76.04934501753903,28.24258181919415,6.441448903408922,0.4863200692570141,1
32,70.69447388124189,35.17113337002381,5.054085412771514,0.8459455339857392,1
2,59.958574150558455,29.038608435942773,3.7864101096638882,0.10063889192198017,1
34,61.84768650249024,25.44791162915138,4.12007939749493,0.6772063852035107,1
4,57.52083974256991,22.250004107519963,4.151294075935683,0.7920911458456091,1
26,65.69876375979523,25.256492326684167,4.594011398435189,0.27677227831472817,1
43,53.23945633451195,21.555491657181356,6.12089542499487,0.6682394928518994,1
11,69.93740262867958,30.292302284170127,6.198909450156782,0.6866579446829169,1
19,57.46913158985889,34.4815509288933,4.827744105225114,0.7077927310264263,1
44,55.80153004168771,23.69512620545698,5.183070110113597,0.8908090915994874,1
19,60.21713018484843,31.288648706055262,4.202442107126535,0.3985260644911053,1
8,54.08853170074389,34.226355147229334,3.2900915556462937,0.2436891376714263,1
38,63.28682349496483,29.986458365758253,6.788338353462746,0.5438448678872697,1
3,54.626374106866,21.946528525413775,2.6775129494064607,0.0625483732354154,0
18,64.68523602818836,31.931057773312517,3.1641596823354474,0.333920930200452,1
37,72.16006538911476,29.726765276177648,6.796405855159646,0.8832251267138379,1
26,52.806783131918266,29.217476756995723,5.016615404670447,0.532057560244213,1
44,58.69424542704829,27.265813771197678,3.8740850929119572,0.43667530423959244,1
42,64.61330713035422,30.433937131370207,5.6827036310893115,0.26568391070103103,1
12,55.64142645018593,32.549089542234796,5.773053306045978,0.2503756847061748,1
12,64.64320560826665,41.95324067167924,3.6673143548522553,0.23661202136031922,1
21,65.5539886065174,30.561660341936026,4.467154623530425,0.8292336681198818,1
27,70.83261776294304,37.555705800063365,5.876245863705721,0.9850203721928096,1
46,53.94009953915088,31.78877541713438,4.183094253629509,0.5347984332731123,1
44,50.57224759769525,29.50235836176123,5.282163738613832,0.07983341717281323,1
21,56.92422610436256,30.742737638556463,6.424812186366273,0.7510390459351902,1
42,50.322476604529,23.891318151537455,2.6075151684588818,0.8770544234203201,1
18,65.64498204047497,31.52930135376019,4.658751680671238,0.9312281709895122,1
7,48.38248699823589,20.03967467589314,5.261635998567489,0.6287753460213852,1
7,83.33016418252689,25.68666821055734,3.2079506140565917,0.5068808332588195,1
41,72.9592786157375,30.549215465669054,4.470388609747531,0.620527314466413,1
25,60.12575769600314,35.96991136589422,6.044498644141814,0.012950717612979501,1
47,68.67394492997975,37.15312198499197,4.2956848512561105,0.6554198752987499,1
25,43.631981356892084,28.817267101795327,3.515673564114241,0.709646393255548,1
22,85.23373331399557,30.778586597652204,6.130831823162261,0.7220303476378883,1
42,54.09785387799511,34.92181234791014,5.444501693530432,0.5630717809094132,1
12,58.79502586100641,23.352532139035404,4.931143708495379,0.7000443713213623,1
27,41.440667128115635,32.02373752657752,4.901608172891978,0.6388323907301923,1
8,64.86287304740895,25.860535663170957,6.028282471104942,0.11552841984229922,1
19,48.93655842922891,29.140874776616407,5.294528325009229,0.898366769402436,1
18,61.01655761566029,27.704883747528424,5.645612146268542,0.6227275076878896,1
47,54.55725567075462,32.176790635240735,4.307433605192915,0.7277943704830266,1
38,49.222560650696565,32.75151837004545,3.082644991193255,0.3428875199174509,1
11,51.95638498237383,34.455393386986984,5.621913700208455,0.9192395162290854,1
14,62.25788034085521,31.740994142322243,6.100927921666182,0.5026157661886912,1
30,47.18509027131176,30.85826884984448,4.775438032327516,0.6790059916586575,1
13,52.51188328976423,39.27011900219301,5.8877565837935135,0.9521820605978992,1
10,66.63273381264477,22.378204649014116,4.664787206823083,0.9160827449328599,1
25,86.02479874874314,38.4780493006462,4.909300838681528,0.6447987707387078,1
41,64.77588819553004,28.550890455658017,6.752428788387273,0.16574139153324474,1
26,50.82738357822713,32.85445793184152,4.708479946293569,0.9505684309736157,1
10,56.32885829927689,28.371701597031993,4.649430607446606,0.9841356973109677,1
37,60.315890061525785,26.48729185224187,3.130020476792686,0.10339669538201546,0
33,56.50575049364293,32.42288596397114,5.690073159980992,0.45029768211830357,1
42,69.03058166736933,35.210641543072214,4.290158634545693,0.5482555638461766,1
18,62.17473483014224,32.36503977483702,5.147225011012693,0.0920815404689238,1
5,69.0785238490987,27.28942106658559,4.6849609125672815,0.18967994945965994,1
45,56.85556209702371,48.05675031407834,4.554207284508057,0.537705391079373,1
37,73.25500219721256,35.992868354331264,4.882270510138357,0.963089447850655,1
48,58.335144157184544,34.66671152103626,4.959147660440592,0.027809975928758,1
41,50.288101308620085,28.235178846288978,6.176079059635224,0.9124430741568738,1
27,81.77320381042222,26.874171058554804,6.520211856692579,0.8986081700493908,1
0,41.75022253038883,28.600804620785304,5.650715102441588,0.8571786351865563,1
34,52.612612746950724,35.407032721962416,6.2715559134708565,0.3775509286642442,1
39,53.72972148169605,25.04697831462086,5.854147470746716,0.49082353720800265,1
7,85.08306273056563,24.658980842728415,5.49461410193582,0.4035946393258726,1
46,78.06858884146511,32.69773766680509,6.455142935293445,0.9475861864288285,1
6,74.93928143642198,31.5959822232106,3.6915253690746765,0.5213506197739061,1
10,56.693413376236684,26.14843231054552,4.315537798750763,0.080612608667043,0
38,84.26178003841775,24.543982107923874,4.179098473143907,0.27405984431117736,1
3,63.68352003840971,37.18948496684216,4.698612083360541,0.4620332129147543,1
24,69.77263370303122,31.78502212649781,5.685900358084295,0.9535559323177945,1
11,61.79695381106207,23.182320681359837,3.884896547813252,0.5689510906223058,1
25,59.505334286767486,23.53187231958853,5.502799196811106,0.6960726231680057,1
37,57.48221326073621,28.192440137747653,4.412939081595762,0.08851984733382734,1
45,57.90360006580838,33.66420903498817,4.652935946813057,0.8773240459247479,1
11,66.08491648678078,32.975044010541396,5.200415663433857,0.5390182220137874,1
42,63.67199798775388,35.65839268500609,6.681248139061499,0.9212284125406086,1
36,59.68528629796316,22.548250962696013,4.2876529477458725,0.44547668539055596,1
45,75.09523992698854,31.119233448898285,4.919906606506564,0.6830839969449177,1
23,30.332469312592693,37.129551661606804,3.9217747744029445,0.470838593726967,0
15,65.09887247921195,36.664008652380495,4.278052283655279,0.14255792951431046,1
12,67.17738706658979,31.79454990706343,3.9126585650755255,0.27204997795534147,1
24,71.4696286825517,41.740092543269384,5.244785087966572,0.06725729444118034,1
3,59.351285589466386,33.0464255820793,5.425308769488779,0.44026634291178013,1
10,62.07920067383957,35.213733164206715,5.687049346723827,0.6493415434613468,1
31,69.85948383314721,30.222239593877532,4.246350289093659,0.24371127580964924,1
48,74.9116640428018,26.095123535778566,5.507943078545026,0.490388058206604,1
6,56.99464014821232,25.62395399610627,5.113100078248018,0.458973334238163,1
45,62.669757831275604,30.9080760739721,4.942247502748672,0.5334204909033405,1
10,76.78573964348757,28.942489965748965,3.75857717249229,0.18458466702707854,1
27,38.75972924121149,21.15707165043259,5.153253499318115,0.5339840884068534,0
40,53.09987400185415,24.871032075371296,5.184956619911165,0.36420555678717126,1
22,74.65835978602964,28.407982129729536,5.101728444542234,0.28604184895904816,1
44,70.92537833608303,33.6363968796858,5.400050757277209,0.5859820140236156,1
22,65.22445210926695,29.91963056918963,5.694595659069431,0.148036803501586,1
49,55.514031268908795,29.63967894749743,3.9019766910422806,0.9006586506074757,1
27,51.181815010145804,25.06543686498342,4.783303913571648,0.934852812989715,1
42,54.08784380757626,30.115830400310493,5.515767601564244,0.6606096897952822,1
46,75.48008220818693,36.595505137229935,4.731605179124998,0.30315468960373326,1
25,53.715573108446534,30.777875563792787,5.959423557061845,0.626005870026414,1
24,61.01422964239658,22.46343209259069,5.090178496692565,0.6015234665281477,1
28,52.46292355138254,23.742386028477345,3.045077358876449,0.39125098162933647,0
18,68.42774030099027,32.94394438611577,5.839428919197694,0.28724724737330953,1
32,54.61273719653559,28.8784226238869,4.88289677314467,0.168452952312233,1
35,59.02406109845586,29.62709884948243,3.2302891668747136,0.2173838400256506,1
13,43.16617866957174,26.936329124926214,4.747710139713202,0.6530299235485608,1
13,43.8663176379506,32.517061060999566,3.7316356213853865,0.885894331065791,1
34,60.076731933215065,28.495411433773253,5.753131285594153,0.3849560549354558,1
29,46.74842844802238,29.066933891356978,4.964159019853835,0.12189948450183186,0
27,81.05086639334502,25.74388304168437,4.076254635198234,0.012806301651249408,1
16,39.38476887887751,34.60845649071385,5.81084805696286,0.4059056550623854,1
2,51.99824701335896,28.894336041917892,5.458525665996248,0.2325669511864088,1
15,60.16700867267551,33.0394016655988,4.764235262974642,0.32255556700884047,1
45,56.34867062204216,24.03204217982991,3.7544025604636393,0.24166987450579558,0
29,48.95854543336081,38.66941569189304,4.157526206463406,0.6641476320747617,1
28,50.42072160504732,36.386870192566114,4.142542090293961,0.6385143008447924,1
44,50.093459225007614,20.451011651705365,5.746497203264388,0.9123045245108137,1
14,57.13278305179937,25.990312624681426,3.3191027143557728,0.6997449148446736,1
45,79.51929089517424,32.38817195504942,4.952765183436917,0.16494138059483687,1
24,60.7793729655821,23.40135671925498,4.749715609227914,0.7515944293080459,1
37,71.82900489387524,29.342029589183372,6.035539017775417,0.18126786255243932,1
41,65.06976345828141,32.13315892988398,5.23273655767532,0.55860088594376,1
46,71.1386239798222,29.076370440102583,5.535210285143669,0.0770782094853929,1
37,32.00035697406414,32.694193517685484,4.474639996269981,0.04732505696764866,0
22,56.9554197885177,26.53335047699059,3.7690018124947384,0.46422999262419606,1
24,73.07135423150714,18.77909228915939,4.6745240241235075,0.10498356144250343,1
41,54.282641772506665,34.910576560825305,5.777162385926433,0.3066666048820813,1
6,77.62473164869613,34.879073268012654,5.774890631151768,0.338833378313356,1
21,74.83890153767761,42.51818321144167,4.569412428884304,0.7694269190471347,1
16,55.30869283872538,18.964067410328425,4.139256195351442,0.3326801051796966,0
17,54.96836480953643,33.75416054673408,3.9433208750928133,0.4943001849218318,1
48,49.86394157645531,20.156589309583065,4.863373397273439,0.7725859300005002,1
40,53.70405768136202,38.78246640837659,5.136551171719333,0.20489830684988197,1
9,47.674109358310844,32.439334168480045,6.473191512975759,0.8048973922379676,1
9,64.28811180433006,25.240355761618734,5.1233307576188745,0.8317947969619663,1
6,45.43953506653567,33.90111237300718,5.613765993807139,0.9888467951691842,1
47,66.03733016190222,27.23477496141532,4.219532012095781,0.44404767886430596,1
49,66.28078696900249,31.502080497756346,5.041701004929124,0.3706493286604362,1
37,43.38795594816077,31.02980358104542,5.140078455536866,0.702005270575211,1
26,75.4981860632834,38.72084068073647,4.859469472155622,0.05815111727078304,1
32,65.13609294415222,39.07462955043256,4.978181203130074,0.03975151152985534,1
0,67.49698021444868,27.01367313363247,5.126218467620106,0.33499086346570683,1
43,52.413347984572276,35.29052808998018,5.481036813094316,0.7295150881766029,1
33,66.22379118473118,31.774200777851487,6.169118043413762,0.11645444367810365,1
3,71.26393449722066,22.93658966496544,2.73445220836029,0.6355468482124358,1
16,59.01391600995323,26.5188580981391,6.113737514138688,0.2695052652996426,1
3,80.01922459248361,41.68073049799812,3.2891918836820233,0.6516746726855003,1
42,60.44064634912937,31.789272005523276,5.308762821036752,0.4569761238893253,1
25,71.40785800452474,34.99889789758761,7.355628969088473,0.11515167529470105,1
3,62.93008807258655,28.939778438165046,4.957459711574218,0.24728281476297287,1
0,65.85521532856868,27.30029042640329,5.180019139414642,0.21971375389307546,1
6,43.28667732365228,30.136322538172372,4.689740286079532,0.16458459270897008,0
29,63.71053738215363,28.669479723768916,5.667262347264937,0.468345448404777,1
49,52.65024898742734,22.533735344842007,5.362208552639742,0.9546655393169957,1
8,51.53601694222312,24.98337271272984,4.323952755220929,0.6580888002909872,1
34,77.44103184465979,33.539422572061156,4.885646944815179,0.836002031498108,1
7,57.86229751937651,28.096546554487947,3.881563496222787,0.9810801890314736,1
23,49.966981690245035,30.128524410139537,4.881058578767685,0.5406226631935678,1
18,56.408683718911256,31.174615252486053,4.580627813083263,0.23807007568637517,1
35,46.99549771078086,31.565250244093598,5.1365409515907166,0.9278110070435865,1
49,74.3388446819627,35.73289530657685,4.29008610285806,0.6989839890717581,1
42,53.04319255833485,24.50652092465734,4.7855683099138,0.9589412605470168,1
26,65.29299933943669,32.851263617718125,5.008772775188144,0.6510319616555238,1
31,73.56106714210325,33.77513896759824,5.078417697956658,0.7751450100292716,1
13,54.99847318785271,34.92925889500753,5.274283715705843,0.8906361947788785,1
17,65.32022432272785,22.935412002925638,4.8258323347190135,0.7592493115200815,1
27,49.6991394509557,31.27409609173499,4.213306341068304,0.5626457720127221,1
28,84.45769569113685,38.580379731992586,5.082073272649578,0.47192093226147247,1
15,69.36380134616623,29.504397404216885,4.821142174404237,0.8233773349128454,1
34,58.07393561239194,32.417473509821455,6.02464564210721,0.7719858128206885,1
46,52.271662691110365,33.90197797292593,6.150741500910359,0.36643082393101645,1
30,58.86003447160374,24.872650778008698,3.6279195645629785,0.4983319673421538,1
3,56.60016277648481,39.16912364499987,5.6171545484177505,0.6349907558856923,1
36,79.52944553999507,32.49750398484452,5.817744161089908,0.028370219052147427,1
16,47.74465277785097,32.59751407096713,3.65416870413586,0.24756869993164632,1
38,61.34801423290203,21.689863109947325,5.579472818912714,0.2502143950713559,1
47,59.8166193336629,33.972723991066566,5.895954917766301,0.8832315594813123,1
45,58.82589699655131,32.532051706895686,4.05035336212141,0.33148775349629134,1
25,58.91383345061658,38.12095663861032,4.763658376878961,0.5451433877979136,1
47,58.83929189879517,28.443673928478233,5.186319935820221,0.8315864670042281,1
38,68.730660663321,25.06170835200779,5.570458060099278,0.2596938125433359,1
40,66.08984446492435,26.588805026128334,4.0115605895523965,0.12375707746686415,1
3,64.18911611372786,27.475108824963506,6.157006697815612,0.9483598065084472,1
29,29.66010637854731,24.40576740934313,2.970651869934397,0.7046829360341629,0
29,62.99794874163164,36.45080011882997,6.3237455489254994,0.1770537656801413,1
21,43.443606398299174,36.63848931465833,5.550267467789919,0.8197115540126597,1
10,66.46320163135826,29.021041494299723,4.378228488857196,0.7871266133355852,1
1,74.74497367570515,28.03620038957903,5.864405842707081,0.8375410974754858,1
43,50.73760887411449,20.92259043340344,3.95220095639787,0.27621257665422927,0
11,57.382192776572936,33.479806276518026,5.114936054393875,0.448579673388971,1
29,54.00644294947003,38.26720054412922,5.238504873808595,0.6936737432281136,1
35,72.35431775756801,26.814026413702216,5.236134813959015,0.390667574229405,1
17,60.95027885272073,29.41607737111801,4.160282442884654,0.06997217221626584,1
25,77.28329380566333,32.17145730657865,4.503922827642423,0.13644975399543602,1
6,64.13754202947388,38.62209180304953,5.1267448661508155,0.5971135050974303,1
0,62.424501806358194,30.99888110917547,4.273256257033421,0.3751681995986217,1
25,60.682067826028366,30.977149580132593,5.271452794276608,0.0053801318097077555,1
22,68.17992099257337,30.896592505799017,4.3858740317734215,0.766854526976098,1
25,42.623138017546566,22.874837465481633,6.0000000260772435,0.416703742795161,0
44,60.8534395552051,22.766046730850675,6.562684950570936,0.3137692854459324,1
5,59.29953556272035,25.96002415442564,4.702535825342741,0.7135191790510994,1
5,67.25418827157766,35.06445287018686,5.920258760970105,0.45510881898640343,1
43,58.12298394125963,28.323214647270035,4.7876954584234,0.6948311093921872,1
7,49.6126556583733,27.351979755988538,4.063568803258656,0.013198082381222553,0
23,60.073506749196994,27.264126979281162,4.574282259444837,0.00942011408482446,1
21,49.171594711316565,29.311715607636614,5.085569740756213,0.5599019304103781,1
18,40.74737787412515,38.5105396705082,3.2130423355729283,0.9822120342285077,1
36,67.27122481485493,29.24401307151439,5.625656761445496,0.272357237918332,1
17,65.79061572694671,26.06851297312571,5.086020848936363,0.6828935571666752,1
30,64.67090943993574,30.126228145408163,6.000543957469155,0.17225754290268236,1
36,73.0292842194581,38.775418028807685,5.608137553771359,0.3115486317608338,1
29,53.34968109696075,27.48587640532192,5.119948317163889,0.07807489047520799,0
41,45.68885857228745,24.094974957845274,4.6441650646505375,0.8807931599568446,1
32,59.299702231919554,27.495043651347913,6.522861721702988,0.31043740155316313,1
9,56.52499700294089,30.643818681742165,7.169872686836033,0.23046644740299005,1
36,51.57704283229931,33.4412047541267,4.660850594940189,0.7306041784399004,1
11,59.20150846512204,35.03441789341123,6.042293473702551,0.19944015561049278,1
29,53.883948537954154,24.77141363018836,4.293250341034698,0.24027536049838305,0
26,41.63994716643169,25.24577332770465,4.412314046310939,0.10361625366071459,0
38,55.588233092062396,28.38368870306255,4.613755048501501,0.9628719091948769,1
8,48.63624833296143,33.42246512348448,5.684682687606349,0.24763774952167894,1
20,62.316480716109226,23.699960511738723,3.925086705660942,0.9956633028023826,1
11,53.43965241759345,26.963365447911514,6.549964227004234,0.17614944096847895,1
28,71.11631474141052,27.03628135294026,5.937872257373029,0.020651849978170045,1
32,76.03866067267866,34.708744276821854,5.661515205428881,0.8956936134442833,1
42,66.79381373011906,32.64130380332219,4.706185333997311,0.5800172518401155,1
14,44.489738180166796,34.5185918052496,5.8294875898567415,0.3514099999841287,1
1,75.0519599887904,36.69338987116527,2.0826371386969353,0.5133396624570512,1
38,75.75720450373765,28.471749524554596,5.440901363492499,0.2607269549074286,1
43,60.18790511307941,24.062969225731592,5.160122067662746,0.6347588502816244,1
17,73.22926160335533,24.0951819107649,3.1137844347821053,0.6164685583425663,1
2,54.48324861953322,20.8094621747058,5.406252982732169,0.08019228903968934,0
6,41.337540651504106,27.706165851669034,5.590891725876073,0.9106881006010767,1
42,52.397155613784065,28.07888692584131,3.1462672551658217,0.46052534222510844,1
17,77.29300866044757,33.93776703402524,3.8132285823479193,0.19515413208222376,1
43,45.089200763885266,30.08457108588302,7.064389151850952,0.30738385943601565,1
37,59.99521281931494,27.54835777828697,4.813646453897534,0.8662217548376064,1
36,60.341438933402124,29.420006369197072,5.975626059498387,0.3831851719821011,1
32,54.87025756032188,24.80513258142618,6.126801924289675,0.5619611711956284,1
43,55.56478400162885,35.12703285375643,5.393936813995268,0.9476897348829513,1
30,60.72249134236203,26.07042218595246,6.017241351189279,0.6517164375819664,1
10,54.37837658065273,24.30034364032052,2.887111641835282,0.675716743925602,1
3,45.779415028320685,34.08940983353735,4.769470588319343,0.24856883716207534,1
17,62.15031942943456,32.870821041819255,1.9194012728260725,0.6682951850279847,1
3,70.73366582444973,21.381573107204943,3.253906335432752,0.3938027441925013,1
48,68.69572518653422,34.275008173551115,4.453985503015053,0.9110424845996739,1
33,51.90264532610188,26.29203680452972,4.334615561003819,0.12953884791057713,0
28,47.48772084622324,28.129477362180403,5.04141028914248,0.28564034966362806,1
23,57.15812117845221,30.935100538469687,4.979349488397011,0.06600072864221185,1
21,75.67791509795664,32.93312441308411,5.133742429981232,0.380903849170001,1
1,66.45598078959546,32.22739587343763,5.174709648630679,0.14837266615641098,1
43,67.03964676794233,29.750908345469988,5.332922724602971,0.845143754462411,1
5,68.89856951785495,27.876783355420446,4.040955322588038,0.9250432019891829,1
41,64.20766562518587,32.06110346782724,4.275207680636198,0.6694256448047158,1
24,61.20608547613578,29.40806081327886,4.963121940705247,0.10333459998583927,1
20,66.62306896647968,39.02677229562962,4.978657049327077,0.3416308816224203,1
15,54.5383389578198,32.932045049849506,3.9180726347037016,0.9644918923479391,1
30,45.85536988633679,25.382921875048226,6.081559381013051,0.13630122395950028,0
13,67.22996934624324,27.612000243131742,5.724800677550825,0.5564893826227965,1
38,72.37738105749224,30.24096088629915,4.140283314636871,0.35292947599556257,1
27,48.81768060643969,36.49715607535227,4.791633987083315,0.9991626121528618,1
31,68.219214824159,37.05552504556068,7.009539650797116,0.285389064641812,1
27,76.8076571338819,28.01932639817218,5.1605770378342815,0.04777226528344336,1
48,59.97753798242879,25.331828917052785,5.395685955200066,0.7021828148246675,1
8,51.819978152582536,24.69251179396906,4.39106444886887,0.32673933024410995,0
44,61.23018673526756,31.2621437860789,4.686887891471659,0.6575814339546229,1
21,54.49466031799299,41.51892154608747,6.511325985783403,0.1046519868145146,1
31,53.832698900435986,32.69547052127551,5.113294427292536,0.5230632009302512,1
4,64.33184067271543,22.030437366579964,4.929071781127118,0.3752315484026477,1
22,43.962705249701045,26.369979483769995,5.0076410859364655,0.5367671339786306,1
4,45.56071077507773,26.880428990775435,7.545382788415184,0.8534723979411366,1
41,60.19290880373943,25.889987399425458,5.039807503147885,0.9727472879612754,1
31,59.776914610875686,28.060530875328897,4.169923300786399,0.7531321491180031,1
9,63.43554577039936,31.84697430509971,4.344649098384762,0.7668583152203979,1
38,78.75225388483389,33.409905846613235,5.780756002388104,0.5289360897393924,1
14,61.04514036075821,35.45881745458322,3.5715188733532233,0.09739994385827622,1
6,65.98172150334794,32.62101286523589,5.45058298146423,0.6670595463217278,1
28,50.24467064385368,20.229248798355798,4.276182472350557,0.1477798717824721,0
46,67.67937663516537,24.713477062343433,3.1412304435479923,0.24566105657873039,1
2,54.736091348893225,29.209529815704045,4.0199277830864055,0.7075825130701915,1
18,60.71420832581093,30.736399278837396,5.027533809678659,0.656992594118097,1
9,58.911513749308384,34.30709179938128,6.395167393492817,0.314325941589781,1
27,70.3297423491403,30.215920881083864,5.913329411946638,0.7720442359735712,1
28,46.900234456250004,30.25353626931837,4.706309773829247,0.939315784442255,1
14,37.16761365384961,31.188986815695298,5.9721870698180926,0.5452596211444001,1
34,57.86567302912076,28.72489130609399,4.643220170760945,0.6776866590170899,1
5,64.68531256905123,30.43442569938906,3.5334884152541104,0.2717795844702683,1
11,61.522693758075,35.62916089505875,5.021087635632677,0.9708070446426941,1
46,72.32204237413912,29.580445506079986,3.4940660049932153,0.27370491178578893,1
37,64.37372674179669,29.848936366078583,5.791408307485062,0.8874090242488182,1
12,54.3615166814014,29.832072976164053,5.805880089006878,0.9278691117987192,1
28,36.7457984586032,36.48886906895584,4.1200300604697375,0.719628594603936,1
18,57.62687765804782,24.459733365852788,5.145597506825662,0.8115874277207463,1
2,70.27959002257798,38.879234473955975,5.136049234191441,0.45785680779016036,1
7,56.079522173328854,24.118090727422434,5.871963381767241,0.919546789450054,1
7,60.283202636777645,26.728898693361206,3.754931746016152,0.7426462450391403,1
19,64.21360254306708,33.7236913485766,5.599487523568181,0.3267439915343533,1
46,49.84707625750184,35.151583477368355,3.6832307489944904,0.03494516765544042,1
3,66.23235896638818,22.98250491500756,5.777188737672871,0.540783226356881,1
20,76.37121790001706,24.53649068376457,6.062697401333146,0.8406503247411253,1
2,58.271866481065935,31.38921404735924,4.330408606360107,0.8606681188723014,1
44,48.70935578167698,41.72209693881898,6.219128866541539,0.8351187254835377,1
7,59.333989729780264,36.2313139049934,3.4259670369812114,0.21474648542111852,1
22,37.756158913911314,28.75951475184095,6.099583445210548,0.42614847959989766,0
15,63.36903263976616,17.90435430962122,6.43845623816264,0.6138258551814725,1
12,64.52274377648578,30.408213672105795,5.345815194151531,0.6675564920680332,1
2,76.75636293845562,31.81148401823277,4.804474218970639,0.3345834216261855,1
47,58.06005207433375,28.08652429458598,5.312419820099923,0.6926423237504611,1
8,64.0848533814647,25.746380047267024,4.396241631268873,0.5908970074676129,1
13,51.38711897614099,30.79582630160694,7.624626679162744,0.5667755747061516,1
12,56.43572879474921,25.288694030530195,4.413468709565708,0.6630248237352772,1
6,44.748145633378016,39.362243304043616,6.317401169657319,0.603367928866175,1
14,58.052103787167646,37.58372398766909,4.258772582575858,0.16687463465866192,1
6,56.94690846481435,33.289563157963805,6.59680827950365,0.87441632736528,1
37,62.991997660888956,30.44855284559658,7.0123285817551695,0.24056975347251675,1
33,53.764031196673606,26.6991795669322,5.385990811019344,0.7444887812323944,1
40,60.83345350975092,29.896064080545493,5.286657268567151,0.1764566729584548,1
21,56.66619944392335,38.19648567603638,4.0434209752154215,0.6609664128612271,1
23,56.68500611700486,34.34327029218314,3.924332390431715,0.8956837587991564,1
48,60.8036232596303,31.018461392382296,5.297914605165628,0.009710515370624062,1
36,60.4052294231701,34.61987167083798,6.458192477181121,0.9796776665402893,1
43,67.61174039051639,32.72805331690414,4.4517975108509695,0.029675866659904737,1
0,58.79356965870165,31.981387699434357,7.207929217794186,0.011367620894654262,1
9,56.50114650876997,34.902816294957674,4.389854060370162,0.8575600983372983,1
42,58.19192554912774,32.58513822412379,5.229391940749971,0.7087040031040692,1
15,52.85335883159007,34.292757350516894,5.232016466403656,0.10581065792837652,1
45,56.400889064333285,30.806935248172547,4.898465624764483,0.9374149065959395,1
7,80.3115871307323,28.729370884049484,2.95617248367377,0.6719322411628437,1
48,50.87321239304133,27.259185605299255,4.380926899569104,0.11104354353809243,0
24,57.213436661206906,26.663451972645206,5.199639292302872,0.8605535959244567,1
49,56.12511336730309,21.974147787792337,4.904014904019786,0.4809048522598003,1
11,57.52828387755601,25.44030026594168,5.636202659402783,0.2781336900668848,1
24,56.68760691121605,25.295732352089093,5.7568359119918515,0.8250410502326779,1
16,62.79240101221,27.46327402007982,4.75992153882109,0.738446453690877,1
25,42.89824898608205,37.81122105319146,4.037569627684554,0.6230438021440629,1
45,70.37171472532005,29.212190222231115,6.548317705383413,0.8985131521327632,1
47,66.32582799642198,31.20883444942155,3.644537669484348,0.861279810068169,1
13,47.57128413936865,31.366598222559634,4.404692776567852,0.22679165844489058,1
40,37.309227270475986,37.937904564211834,4.150040076026199,0.8786861543814105,1
35,50.22927853858599,27.122072730773542,5.746457621802108,0.3740398395737058,1
22,57.573335385728775,28.887389598709692,6.317021974480591,0.43177433580125346,1
42,85.80291898690774,29.469003141129082,4.826306624489055,0.9723323871285691,1
5,65.43256964974273,35.68267427887384,5.229776760334913,0.7598743285458197,1
46,41.924103508185425,36.72052846877227,5.42877182098915,0.3214859543625255,1
4,53.103444950990564,32.37291909846972,6.804004098588861,0.6479258896665372,1
42,59.46787563727017,36.1645468703094,3.2264265577868225,0.5393243362651117,1
24,62.53683554298097,30.888304982344945,5.744221899126929,0.11660323704558095,1
17,46.85251139689577,29.13698376191589,5.376524747939503,0.8877523379899834,1
12,58.65009772022938,35.89362043292811,4.62916047475418,0.8218814836339894,1
42,52.82360862389459,32.43808837616899,5.3262267357202955,0.7777103568869369,1
13,48.962414373976834,26.32234667046209,5.740828975829918,0.5591533875770127,1
27,62.59595646698954,34.987104690621756,5.583162712482803,0.22083744028141816,1
17,67.73877173442823,28.957536844898602,7.1585006059162986,0.8838960293195943,1
27,68.41041276961619,28.345882386378978,5.127481587793685,0.35296564361898053,1
26,65.74386351133876,34.46502184099856,5.026905183290326,0.020118117955144732,1
31,55.02630466859737,29.555839295775435,4.8187012143302255,0.9817741777461568,1
46,67.14549761463506,31.94479268020145,5.552978837145888,0.8611571034219174,1
8,63.09054438104288,33.309697920354,4.967941738514052,0.6226803554379212,1
39,61.339418829520135,26.08528460363808,5.013209145064767,0.012407139427494607,1
31,53.883068782982015,31.92425282341101,5.017829860006257,0.22771605717480414,1
19,55.03123872658472,36.747365526308116,4.865391430509907,0.45204988797582457,1
27,60.73886936124554,25.21766428130195,4.391327197847592,0.6280849232464205,1
32,84.398744669855,32.249544444156136,5.418106538196911,0.7081545167426532,1
3,63.012424800913905,25.852661327098563,4.714952434983381,0.7882726978015201,1
45,53.88811497749714,35.10698841920199,5.613679502820444,0.5556609256870155,1
33,51.67610555030557,35.059527918748856,5.110767628927997,0.6561834278513807,1
47,55.082333873437975,28.228388298754506,4.613425123670953,0.8112426982153638,1
2,81.77293447549066,41.04814326095431,6.564830405035065,0.7198413103308045,1
25,56.007433540540376,35.53312654568642,4.897687414453023,0.9548123322067065,1
7,69.06870534610285,33.534644925680844,5.622823014561806,0.8746459003980884,1
5,56.24071754528644,33.25305448053068,4.300017094007899,0.16936127779542387,1
15,62.611845412796285,34.91963454603112,2.9744606688688204,0.9474191267170806,1
23,67.91745274008723,25.0217879637792,4.433000832322953,0.20417599256461194,1
47,54.28097150190076,30.97303799230512,2.862551293600206,0.9912637857014366,1
38,53.5888834584723,31.91595192688664,4.763137133180752,0.7013295420000065,1
29,76.5886969445533,27.9993196834872,6.468647014539053,0.6275315527413199,1
44,69.84592894895798,32.323976347219826,4.094714977923349,0.3243227762647136,1
12,67.90672318690729,36.15847150217003,2.893956142405812,0.133107524916398,1
4,67.87276293122915,27.891154561170467,6.5002569910125265,0.1261730164493703,1
24,64.59575488311066,29.727878498143472,4.524645236675748,0.8665751925901904,1
19,80.17775813175065,25.897073520730277,4.984261617831312,0.43244184619963766,1
17,60.43908301877157,21.06505495094604,5.788279969131077,0.5598518568631188,1
46,65.77262367200919,33.89466090260255,5.523172764989149,0.9318361076373672,1
17,45.490870714059874,29.871331025803762,5.750512419611869,0.25535470480994915,1
1,51.75039313408759,30.23789708576394,5.900428989545424,0.7639374854271516,1
9,47.9918100016496,25.066131909132366,3.2538853674105455,0.47046476183822206,0
44,72.7406358351615,29.072482354819044,3.5856522598599807,0.2127546591191375,1
49,34.474598479792505,35.48296894591061,6.1711696626288415,0.8529716805804076,1
46,55.97689977247278,30.0041066838973,4.218260856908313,0.6799491734497504,1
11,30.062933973393772,30.145918790277065,4.327354155036441,0.09492168257689015,0
46,51.6871210451811,31.037641389317113,3.737157477835682,0.5417571952889821,1
12,55.09051050268134,23.81808935796772,4.595052110652518,0.8517638521932599,1
49,73.84871093794044,33.124602320511784,4.650683936315529,0.06693480822154185,1
46,63.966279392214574,23.724009425420846,4.0625393123148426,0.4162747972255457,1
10,51.66858476671034,25.30192209360487,3.9469172551242555,0.8052144705167662,1
18,70.65963719731826,24.753926154964176,5.318663092175706,0.8583572801102084,1
34,60.178322545297576,29.123875166847274,4.192330733111571,0.7753627763346166,1
38,60.375668587072525,28.237736482310712,4.393687743021738,0.30570957502655605,1
25,47.97328492228008,29.993874808458727,2.8137216532259193,0.5069295606290469,1
45,50.09986286096861,25.473719201117785,6.938200242531025,0.7412779766649803,1
13,51.74902700054476,35.027476601531895,5.9418240294747005,0.1525877529454558,1
44,60.4646127315419,34.17013784363165,4.505193946673058,0.594997763257416,1
43,60.77885726980675,29.130932435541396,4.10091906434228,0.7203737252089718,1
23,75.44092663524046,27.60816641706031,5.010888797233125,0.84999186936106,1
40,63.85055167937834,27.103212533274004,4.983466410402346,0.11167172385679369,1
0,32.92434306327892,28.449275024946605,3.7240334304853526,0.3296746945925493,0
42,62.6264198787169,22.998773856244117,2.44946377107764,0.5416539491854653,1
21,45.49983643832467,25.201963438940798,4.4739240924833314,0.7010568999145405,1
22,50.34029075388464,34.30060195992483,3.4366254691004867,0.7300362955249206,1
18,51.878305282736704,31.509062430379345,5.171379946723542,0.2532591739721597,1
17,53.36661676487698,38.17137242988265,5.1780815666606745,0.013876612017187262,1
11,46.24850607959697,28.504024249153392,4.026787301658092,0.6938169780057876,1
27,62.03482003452287,28.192433864465663,4.465415732344547,0.9091262873397719,1
27,45.89197714909041,27.96050537728176,6.763041691978083,0.7975170451034391,1
32,63.56667607249847,28.404177583909156,5.775128526270962,0.6224661030626192,1
18,82.3697107706163,26.70022993426701,4.547747229291096,0.9775704405516004,1
27,46.70640941065936,31.354941073436,7.291959326935979,0.43311677809435534,1
48,57.15489695660778,30.145520335742056,3.8030625880283555,0.5250497509880961,1
36,34.765426374875304,27.450427490808636,4.187305275183445,0.01228676395838224,0
25,56.99064707029867,36.25574456509451,4.889485829292073,0.945951362833712,1
34,66.42717152631484,39.482914612431536,3.4689929346236843,0.5833466549324366,1
33,67.20639231357266,35.832886027867005,6.790309164627846,0.3907999839056199,1
34,60.77363730284097,32.790620065416974,5.183152038709281,0.04456433588740494,1
39,68.89263424758975,33.80884863131887,4.2100511431002055,0.36241906432640447,1
15,85.46054535942793,39.282077589131674,5.447786951404762,0.0035981016756536643,1
37,77.123046874376,33.80159657879712,5.146055848297891,0.3243351379981384,1
12,54.774790705903634,27.074070737003577,4.6953489158741535,0.9514549240685247,1
22,45.48896013533262,31.96136263325274,3.7914848331785196,0.15426736423039644,0
21,55.93848583426197,33.13122133031659,3.563788074470893,0.5454111090894324,1
15,50.53017234382652,25.0264136298204,7.1868009974432265,0.18661732010492216,1
27,64.51347547864633,28.57534590678411,3.647265114890003,0.7833791303081712,1
47,48.18806460570502,35.50195912027733,6.697965519351376,0.5623978072386521,1
34,59.27177567409658,20.882536324752067,4.155240852384044,0.20223601835227956,0
44,68.3801405453631,23.747857274797028,5.790032567540322,0.8662412982388532,1
45,58.99304127182823,29.11796473185836,5.465433090080779,0.7840237828334867,1
7,50.53686177252204,31.768397977528522,5.665418700296417,0.951301329425553,1
43,71.74814057585692,23.211837775255464,5.732014272240191,0.0006281928926344937,1
21,41.210190552461725,29.366053741670292,3.388434377662489,0.4571169471970793,0
20,56.722049441225366,35.768842695442835,4.323654007525823,0.9998413004979217,1
25,59.58339976618665,30.34325728537142,3.631952040782286,0.8111879169718101,1
39,60.15908658399631,34.695444718155656,5.189301060847598,0.8312861318574274,1
20,61.80496056078081,27.039429393324983,3.6766556678757736,0.6211324627263177,1
24,66.10439819809493,25.950415716054092,3.018952822926779,0.7128996520832377,1
40,59.64592560954649,34.24436915142524,4.7625226634564255,0.805326258783608,1
0,56.31941717856319,31.84632767328095,2.790920947512554,0.09228064759190013,1
5,55.92410655340304,24.072019961127705,5.258738194720957,0.6925805836107297,1
22,53.88484197961645,25.995795419186056,3.7423704766222583,0.8154081000327389,1
22,67.87543324326865,37.82290620528707,4.159420251919772,0.04086578768509208,1
42,53.53471520523485,25.37722390265342,2.7195840268422997,0.2970531805269141,0
42,68.46771109008245,34.671643733629985,6.650102213808546,0.32401161588284233,1
22,60.18999082259871,27.6090665138315,3.537085113021921,0.8545823952810524,1
31,54.7874519314387,29.984120716164345,4.635998765452105,0.7803513895968672,1
29,66.18407215744135,31.47296310471686,3.208261407538754,0.6564214709155066,1
12,52.72546075276882,19.495093947502006,4.164332191619228,0.8047231808428686,1
42,66.38184040728213,22.686413322863505,6.75182178102421,0.45342970065770904,1
17,62.12726121191785,30.431665093935813,5.297476735265348,0.874880590302111,1
22,54.03675310908079,26.3784621810806,4.27636900368942,0.2342158431030733,1
14,65.28634815334559,34.98290647637311,4.965826520344536,0.7045768814998524,1
32,65.4658972568864,21.96939559565938,4.439440943313389,0.24175118477375468,1
20,71.57519605809958,32.82627528128994,4.907579420172413,0.039861973410822205,1
38,69.66147012409296,23.118893897978367,5.743868719032961,0.28415123981978174,1
22,64.91274020726283,28.239475029277855,4.66890201009296,0.4929068284906286,1
26,48.72409048791237,24.67811117881018,5.219991473925105,0.8434360150711723,1
44,84.48586988174057,39.51214940235599,5.236495497648256,0.508856489332357,1
43,45.9638378892819,23.302539185149822,4.673854352702256,0.17915060257309212,0
17,69.4926317428231,29.389701523154883,4.264074010329944,0.9927659709997227,1
23,64.31283816886298,21.36581925989924,4.474816643395539,0.27007306798062425,1
46,48.25857627518886,37.99785061035295,5.699185251535077,0.9852947250983862,1
39,58.75699061121501,32.00641208088602,5.782416704975451,0.936334681508224,1
41,59.21247113755359,30.68486544799334,3.862205668731529,0.5424415086406432,1
6,73.05582715810523,37.37156469645863,4.739010665611992,0.09196308264171305,1
49,52.866890997197885,30.73711220711306,4.247078130897665,0.695414811454475,1
47,57.38054993575646,31.097856780705385,5.799952429716141,0.8457176615488142,1
19,36.63930394978737,30.658626440325758,4.528796960220099,0.44530109967950915,0
26,77.34762793123576,32.8181716272156,7.200923817571368,0.23904045934589102,1
5,49.29531756979929,27.537793080393687,5.217897389897053,0.8028241647126567,1
26,63.26910864239175,28.928563463183337,6.181996454223222,0.5450778256759288,1
8,58.98592170278136,34.05167314228723,3.985389173196634,0.19763000481547788,1
44,59.0199903321666,31.38686475778941,5.011722149085865,0.9495386409674772,1
30,68.09861984870875,29.428780429489372,5.616173098370224,0.9480982266851785,1
20,76.71262460303635,22.99738804484644,3.9666997581781995,0.3670496734445847,1
25,62.51493669941992,37.490251422682974,5.020342711810577,0.06400310914174012,1
39,66.55078017630525,26.692729450246148,6.051859032200536,0.6307885345497092,1
47,63.288915367270405,34.93618619209629,4.672549992076514,0.3172267345834646,1
44,70.17531423930626,30.878768258440427,4.148247495427375,0.06635526100004918,1
12,55.370836205136726,23.53274738635065,6.802959455472518,0.8918064144685661,1
48,70.75390554416414,36.26137738765308,3.8282546983537014,0.9981163146002809,1
22,71.10499865647384,31.2727032319977,5.155890628381587,0.35040551371028184,1
19,70.8253700868291,36.67672678368521,4.291723661663193,0.7447462633841955,1
36,53.39852132663524,29.087956496320405,4.063165761142448,0.06577079228015348,0
27,58.31662365762809,33.52025614983527,5.741657082703259,0.36970543955963064,1
16,62.39466988780435,21.18736444327493,4.794464088337462,0.10875176604964076,0
27,46.291579551709944,27.498920682031216,5.405886465419698,0.05534993716351655,0
40,75.94920208086015,23.63503333884364,2.7448542788748056,0.5887910405094958,1
1,59.87723466497824,28.12608074980804,5.50311978196206,0.8020309875232321,1
24,62.83927887604722,32.35905869753073,4.279404088183667,0.4529702511417205,1
49,54.22995560272797,26.977099561729272,3.1211480488417314,0.5241791104409618,1
40,46.73122440632977,34.31921046819391,6.884739554787176,0.2707300170252096,1
5,53.95970114525229,25.716936782249945,5.6010135264946275,0.7363872808738148,1
10,62.192041876335885,34.42618306824989,5.227277412679598,0.3610732671418502,1
37,66.73428812753693,36.54878582937018,6.2494188497398655,0.0674990203263276,1
5,61.6179154060272,35.06763067545493,5.247569281388536,0.1655077110256662,1
44,63.4672401624195,28.279054740851137,4.201385989856394,0.1284686052455173,1
10,56.62973625318623,19.372732010279286,4.825032389517623,0.4358777893996191,1
13,64.96248566245428,32.91083498368674,4.321633786807948,0.06521267458334756,1
1,74.82832866385907,29.37382642642348,4.49964710717529,0.8064843224670357,1
39,67.04789442438987,25.108035299363234,3.7422963341407587,0.9080051900215012,1
2,68.0954188825294,27.21860467564795,4.029979424199681,0.24839417920231677,1
34,62.94016399306631,37.17212658222401,5.894585532668676,0.48550975678195296,1
32,44.96844930400398,24.31329899694923,5.332075438803248,0.519063064396569,1
23,49.55333469368757,32.34154587810606,4.496986947468492,0.9850012164579464,1
18,64.54875800663844,31.089790878187017,3.971968135536865,0.06561957838657706,1
17,59.89060948039914,28.21306167668384,4.594603021192067,0.6678823677428953,1
48,64.39842886472827,33.222663436565234,3.3161501970329312,0.345764983212849,1
23,76.76423417844073,38.16122629449433,5.126630599424352,0.5018062121126549,1
44,67.26035999229333,28.520142480569007,5.9454714819925645,0.21703457069537058,1
34,72.58886205742822,28.784095259614492,7.366972660059023,0.16024228017622166,1
0,60.9468138947073,33.110324524951,3.896741277435882,0.2435652986923652,1
35,51.9278432251556,34.591214107175006,5.903802445950609,0.07126196425810927,1
24,59.42133840785659,29.361463964256824,4.292788554302124,0.2780902971816551,1
44,51.952481862808625,28.47313131953176,3.8715437099489876,0.6903509219818776,1
48,75.58294956772448,18.911767396401196,3.871101871144023,0.6514819352444364,1
42,67.9039107653547,26.109955438167233,5.140735726426967,0.5544962055923361,1
33,65.2051249662828,24.303441639662246,4.069206376306731,0.00038741297044453393,1
24,72.35943202228103,33.423124981559454,4.393154228706515,0.12578199980401117,1
15,39.79943585476775,28.78048525699579,4.559598669262738,0.8428694286486641,1
33,65.8813795134266,28.584891972305357,4.2600321601010895,0.27173836976457255,1
28,46.89354215695627,29.954718681885094,4.187415447300854,0.912198888579123,1
18,59.927443015343385,25.649117649373,2.5708402374815247,0.8745461147783163,1
22,56.88292407532786,37.76623593344377,5.086953290111869,0.1549270341341754,1
18,66.61736612096948,36.49096955848305,5.067671489558452,0.8981520422531237,1
24,62.28187288960955,38.09053391523844,4.202655150264488,0.6278348305625211,1
15,73.45117173611789,33.41708615619446,5.360384270388371,0.630286805334727,1
8,53.98102839067386,29.852609424890314,6.396907532065686,0.8526798655735955,1
0,67.09114389633284,38.073646515034426,5.023579832834284,0.4050557645474898,1
41,61.62223216898832,26.595165820435103,6.330257779156228,0.7352632964197793,1
18,43.647097299284475,25.643955104834937,7.23813192042712,0.6677643563536141,1
32,50.81383541476967,26.992442426150703,7.5305246891202735,0.7715146679199264,1
33,58.50121966477832,32.61435633457149,3.811763913489999,0.6601889492405368,1
15,71.12292449891727,26.189474033061636,3.8169369935813298,0.08005480065671156,1
43,64.63723057557115,29.223135058910007,4.555570003274289,0.2927110023103793,1
39,48.324991761192855,21.99072353057612,5.1287152012598405,0.9399208730227213,1
17,58.5968377195284,32.40548832714122,6.58665199984358,0.22342518865612393,1
33,80.1780644879303,22.414483164084455,5.627241221090955,0.47226040100261,1
24,61.11223334840858,25.339194725673188,3.7967128703275,0.35692797575473945,1
44,56.726744249276045,36.08583567448322,4.388342591525672,0.08629872332746191,1
5,64.91739640756221,35.90159158493055,4.957999792034485,0.1811886889877916,1
20,67.6339307958197,31.87156544773249,3.510840021854505,0.28666712125797156,1
5,55.43831652519941,31.378317908676152,5.0136684575409145,0.46331848568565237,1
31,65.02574774371438,27.345201764228705,3.8115644089407548,0.874523985641134,1
40,56.71110503329191,26.135481681288994,3.349278866442628,0.5156162821758775,1
47,67.19327601829438,28.1887915112131,4.053014720530386,0.6519049607828712,1
42,61.69693157971284,22.431729127688413,5.411021054892336,0.4259551516969404,1
38,64.81967827052893,31.262242774768318,5.404115710986519,0.8700623519518129,1
30,52.408164538324954,30.244155624042047,5.09665391668744,0.6626214540900937,1
41,51.787136159271405,25.332893666448665,5.991613660540877,0.09063025313938622,0
9,69.45497304659395,37.84340959420679,5.885583234213435,0.47750120726593226,1
29,59.20603618614506,33.03456855143524,5.204381342070278,0.8272342045102526,1
17,62.850347420993614,33.459209020044284,5.066381850025705,0.7336553526655217,1
23,56.936045729134804,27.563300369804175,5.129546705220096,0.9053111477799014,1
8,68.98726774013645,29.993349609868382,4.852354820062918,0.2276678389694885,1
30,53.92190019970342,33.13686335093711,2.825657273372324,0.9771721641968997,1
14,58.643987600991174,30.763911835501176,6.135484844819819,0.28507766786986566,1
3,67.85992812703131,38.00950392384936,5.397522831893677,0.05017987759175391,1
39,71.72967699164266,28.981062152916245,3.783672554172939,0.49567262719648764,1
8,54.762407089733166,27.477197338819447,6.427816619272437,0.11033873847645481,1
44,79.59683981955882,33.17126438235713,4.410020131787229,0.6813109410096725,1
8,63.13241693693617,23.67676363856744,4.892230997341378,0.9005562707491244,1
25,49.57071738191262,34.62148466154056,6.0235755955682535,0.9213432718185194,1
3,63.69052048589968,23.496440997040086,5.220139358389589,0.6070372426864613,1
16,56.17000785516542,33.19292333029275,6.3353758419159,0.5352648708547855,1
15,64.34068487183177,26.758632229136687,4.6478985009572105,0.9939914232052762,1
14,59.57143752339662,32.382920734916965,6.6911732112803355,0.5794257189858903,1
34,60.742736901901445,34.536714730305086,4.222197100167477,0.9274583238122269,1
4,50.884066234138544,30.767105977519595,6.317622329309618,0.9165950505440658,1
4,69.9006123071636,24.0018952417966,2.7348907811006025,0.289513795851007,1
19,48.43872632848968,25.51612377746424,3.89980794866585,0.013751075577527971,0
14,48.91235104595005,26.35670429483109,5.297966138489319,0.439168407798182,1
17,63.673603491474864,20.52496553201113,4.599554573856892,0.8613701361114108,1
46,76.0284424717797,35.637389293659645,4.9252513800974365,0.836134217084376,1
1,56.47406902935593,30.550537928781644,5.041650920160711,0.6036691875331541,1
28,67.00972322703966,24.322409774055025,3.809097391872945,0.15665841002228453,1
12,70.73340176863545,37.27837428729178,3.884070385127433,0.10758771392988331,1
3,68.14684437294069,26.493359499309182,5.232122048808421,0.954681983778613,1
41,56.88791710826319,31.252862445374358,4.33366704817822,0.4213976819852572,1
44,49.089532828059255,25.873647274018992,6.341033858961168,0.6481610167337426,1
9,37.92452434328645,19.90869923335486,4.808052844567215,0.9058644149553647,0
30,57.371595005376065,23.177797205743698,5.718751243106831,0.8698931763205916,1
40,71.78087368562174,27.757547845667844,5.442851669307108,0.5669031821306699,1
7,48.75834015238066,34.49148435603024,4.398838942827314,0.4879051805727701,1
2,67.00209847518765,31.732665734096226,3.0196712130476273,0.7352592131135894,1
47,50.49847469948128,30.701025630856225,6.184941367621047,0.3496456924201109,1
45,61.06072576386838,19.949861886275592,4.021090923302857,0.6253906301254311,1
8,67.07791614155018,36.350430738400476,4.596241944521256,0.023152433609641365,1
29,53.40504563161572,31.11839848247778,4.849157558433426,0.8243125607505779,1
10,61.704846806969144,29.4029116505392,4.948988431896319,0.9980322752195906,1
34,55.84908663274671,35.662115549944474,5.961958662539018,0.954706492358876,1
36,67.05148658938177,36.23748361784137,5.005824057923277,0.3598948405378145,1
41,62.35317168484637,35.772951238045955,4.872645909740669,0.5311012820441634,1
12,60.565076744292675,28.764567516483563,6.018455956545013,0.23621696312373186,1
35,75.58349960141977,24.982617196079023,5.600652371886785,0.30298740534393875,1
12,66.62306142368303,34.94461458571037,4.264429554019345,0.4573461016526299,1
11,53.09648133873711,23.174727784647914,3.852844622521167,0.7470809068535663,1
36,59.141360992022385,39.73628369332141,4.17630022480008,0.017882390838841355,1
9,59.24101214920339,30.139997725972815,4.950780249811785,0.3937741304151291,1
8,60.80319572625212,24.69557872150208,3.753946224829578,0.5564969183233985,1
6,85.24509276607495,23.840657229216948,5.090753047162468,0.21518304218678752,1
1,63.70851892710997,23.6119758797197,4.870801690209659,0.07847869809603991,1
22,39.640974298952244,30.701814533604214,2.457480967689438,0.5395738593183282,0
38,54.57201028283035,29.968038399701065,3.593824813732705,0.6378099844857796,1
39,40.676279125041916,23.820389132454036,2.1142497563158464,0.6410022903764451,0
38,56.7020174295416,28.21772106722049,4.656096938955691,0.35658438503559275,1
20,40.12689770273572,23.16032306954329,6.0740136453460005,0.23736179593906725,0
22,51.28409528931572,32.946509029720865,3.1093420445719957,0.22038643901590038,1
28,44.7927847036588,29.72703366943643,3.6777131802066356,0.04052394005730664,0
13,63.841601779674775,28.10798747041276,4.8362621327268185,0.18468335196497176,1
25,60.005393626288786,23.559446349662366,3.9362469711465726,0.8186061271089271,1
4,63.02962307498731,28.499221998886174,3.9313272329332083,0.003051265761076505,1
30,58.95448611431473,27.926360593268367,5.541594106173159,0.043888602557329404,1
24,46.05702249795582,31.588633506047984,4.50510455542708,0.12701894027906713,0
30,65.13521369254735,30.835089890584804,3.5132751126020185,0.42024058267575426,1
49,79.22224560269453,33.96030051039671,2.9122841099428993,0.33373783436474125,1
19,64.09212578606547,27.57711728247469,7.208407770063731,0.17783585805447855,1
43,55.74075400682434,20.697942489017528,6.128309054562671,0.11094947410690104,0
16,45.71932823894555,34.9554643829902,4.5483666539379835,0.9388625369397775,1
44,50.919330292400346,25.319837434759098,5.087858011663937,0.9112502212929899,1
1,64.5303965657206,24.465414734923723,4.511468937903012,0.7718986083862802,1
24,70.73118026799375,29.784417274431238,5.510456730791251,0.25202197472416776,1
12,62.608661747219756,31.511352564772583,4.145785632282119,0.32369803201721625,1
38,67.99887289705984,27.345817971426587,4.4568267835231765,0.6658449682635487,1
27,67.07678244027242,27.306536592659366,5.455400840194496,0.29169889509771196,1
41,65.06534391385918,28.044868411172224,6.4538591044464075,0.5306228132273559,1
5,53.41526404738744,37.08270175496572,5.741415094662105,0.6512838443929847,1
2,61.73923511975153,29.98660956220934,6.233913877590927,0.5191962965129565,1
34,51.516221961178616,25.160185802691018,4.687582662488821,0.41328476371515077,1
17,60.17428952958102,25.211083215485164,4.376989592623056,0.34789401355751903,1
10,63.30863531066912,28.745579102088154,3.061618860918076,0.7777499164424934,1
19,76.78783807386856,31.189289670140038,5.072198357341284,0.7389989949776367,1
4,46.90268025632368,32.41990080983095,5.37904703135644,0.6962280641433584,1
18,64.81507630991305,30.62079301923608,4.699994604272795,0.3746771131946115,1
21,74.81236591623595,25.790633245414554,4.223298673900265,0.7757366263482796,1
18,67.58847765838796,27.880293502196086,6.2434034398431315,0.9577036319785568,1
46,68.32945442825041,33.66953940932312,5.631804277196654,0.6889795191164917,1
15,65.87694901867812,24.26954019773452,6.312825450519012,0.40789925106991853,1
23,72.98334489775417,27.671233034612687,4.046420904983796,0.7964812628269693,1
40,49.12521831887632,32.98731428940676,4.291765873451977,0.6093020760521302,1
3,46.14073334029754,34.37640713317588,6.203177243251597,0.8776770450937744,1
14,59.93665859534744,29.035423144543085,4.952652920244209,0.7131825316441697,1
24,38.3883789642829,27.94396594714592,4.430895888321445,0.7699200537509043,1
43,72.30645804178012,23.3894102927813,4.500484976237161,0.6674364631362689,1
34,72.20715195495441,32.62819961363547,4.988919473865696,0.09202045866155228,1
13,55.66649444915474,36.59389842573395,6.00295181583541,0.48511721994149803,1
48,56.2922940333949,42.825770292998456,4.839487147908412,0.056489874861794354,1
18,59.276525248493286,31.932230917590232,5.790532830177778,0.4475491530230421,1
37,60.5202065043962,29.745601741780096,5.467377776846048,0.716426988590426,1
35,61.27173919194286,25.400946934245464,4.121660959819026,0.4212554716855478,1
6,65.58232106878303,20.605715431284253,4.120870632012877,0.0016302519343888155,0
29,58.27373646991522,30.884796248699168,4.549733408068522,0.3692850931008287,1
18,69.43193303477794,41.75169560077151,3.6631623453377316,0.06775898319035445,1
48,64.45947777125303,36.354061148284565,4.485861144200607,0.7805963884990607,1
24,53.930365541273645,35.58282134556899,6.5134334167313845,0.7837515692918499,1
15,73.35112667804097,31.228014085289576,4.96860966417263,0.8063785893710249,1
46,46.41743013877513,31.797615801401612,4.233547333912546,0.03032719136773432,0
39,59.078341891785236,17.881263408610113,6.915744651820478,0.03226930888481461,0
7,69.66917401075467,33.812552903819984,4.069382680273796,0.9034493586559358,1
17,52.769268950878555,27.103297152120923,4.038117033194612,0.12368388028141564,0
27,63.095556467671514,26.491363267020564,6.2294856818066995,0.6700902304440852,1
15,65.43339596999049,28.383715234756963,5.66131805960032,0.7954543921961897,1
18,51.39476132018761,28.214977552744926,4.869941147473614,0.44786370373059237,1
41,59.27522280405965,26.411822040141686,5.831908899989161,0.5464720927141867,1
16,58.4349616979079,30.06936036087988,5.300600001229167,0.22738072357593841,1
44,54.48262148167707,27.208612018959734,3.8138075842611743,0.9235999551428961,1
12,83.01674852050775,30.50161477878073,2.602415292985694,0.30180110283943007,1
6,52.36893646554525,22.564110927249835,4.43265484829271,0.2178111893760758,0
26,70.04930294067883,28.929711146839914,6.0849248358982795,0.5254035251218286,1
9,56.07198983118858,24.518522051568745,4.571529911653385,0.1905137229008501,0
33,49.13363811114718,26.79275340751067,5.460097198349244,0.6866916293778726,1
35,61.02814243155069,30.716994215167652,5.184485448445067,0.51511544967225,1
24,66.49093384387501,21.98001192622521,3.3064997053856007,0.14780445401098397,1
5,69.2050957506568,25.887963113639312,4.593604306293684,0.06724641835527334,1
23,75.62265110655069,32.84482192418167,5.3588793304465785,0.13695349474099372,1
17,89.45246289935099,22.934110790670996,4.212853744495633,0.1366246551447603,1
22,62.50514203755597,38.88933570139404,4.637461842972048,0.31285052511582856,1
5,53.369078261746125,36.02203978065323,5.391747092097112,0.8332706491912506,1
28,64.52874326794891,27.527364577738602,5.07262999914298,0.05729402029487285,1
24,57.337870495935086,26.06395156107468,6.046909740924715,0.1280889387623706,1
16,69.2596612985223,31.009699516677408,5.3836709131634795,0.30289918275966743,1
45,47.02835703634278,22.762688714864204,4.044150001597983,0.5533331789038217,0
23,83.68334542400437,19.989286375837835,4.522453286070464,0.7628828404436464,1
10,68.56048094775512,27.703324379737168,5.020296284226277,0.9211914525478623,1
25,43.15995982203835,29.329756167489045,6.338415076514042,0.41208820864104323,1
33,52.90971097685028,30.47213612176765,4.526474369717694,0.10583481442322651,1
27,68.16081044113939,26.92629691941058,3.267431197601972,0.21351554336215617,1
2,71.76344056171455,36.36973364737474,5.440566903491188,0.2872476302868181,1
10,47.277623727680364,22.524301707580584,4.244401751656001,0.7860976444949458,1
37,67.13025850432949,24.308689325209507,3.7146986804250313,0.6866433176014332,1
13,40.52660127338076,32.43317978072406,5.018803012825838,0.20900532340417532,0
25,59.10664134528954,24.191763071814293,5.972867641808303,0.8387455050635083,1
47,71.12046842103206,23.998397739013416,4.426119460338981,0.8591558443497561,1
20,54.4848426989702,30.61677396103582,5.496573887182629,0.8824387749586464,1
38,44.93077700861986,24.732386898419843,5.681913663042433,0.2750041887276622,0
29,61.46214796377559,29.334577860396564,5.791796493666629,0.13373024491507912,1
7,53.952811333645215,26.50071720171122,4.267727690381398,0.10395740698027145,0
19,66.29558366065835,25.6916814831363,3.8789179420666144,0.40008775343969316,1
47,51.14673567781939,19.4884730432753,4.015246895041405,0.42932481027967495,0
31,52.273631103469,30.697815764106686,5.79097467212247,0.8682099979741763,1
21,39.789976791237564,23.764050039435354,5.667393154670812,0.2677560448609342,0
6,61.699447110514825,29.158788982347403,4.042849399299666,0.6268921416327119,1
8,58.39095061723401,27.439475508257175,7.132644026343636,0.7882127098247622,1
44,48.11615329259929,28.967459706500584,3.9236360334128344,0.2691528944194017,0
0,61.93798713767092,29.251623129933698,5.999464084700726,0.2671395967771958,1
28,70.2707030064414,30.968141254591316,6.519665439205211,0.6691552623536041,1
7,57.8443205658105,26.361203492542785,5.109757605993364,0.7261362803798217,1
3,62.68166949821974,36.21348239636684,4.230276156419169,0.9597626412580426,1
34,62.73311249585164,20.762999695722115,4.252121972551653,0.84994067065767,1
2,47.9567017282104,28.867044407363853,4.737909799637126,0.8220514038698942,1
44,80.56585820707596,34.18115488205434,6.080870778068033,0.692314223697303,1
39,55.29150169877716,32.38386276501302,3.8001241873001526,0.11848663354793776,1
6,66.5611620186027,25.125822117357014,3.1612339675872247,0.8092412253824814,1
26,67.6921527722905,25.95877253505988,5.362054990569304,0.9353217258635461,1
0,58.604048728842486,24.96603720336698,5.5816127512590805,0.39071781649246484,1
26,66.06795025059634,32.996138153321944,6.967969446799268,0.31366195838607547,1
15,62.458192218163894,26.30038135742246,3.6176810247332694,0.5224816423201191,1
37,45.823602427725945,31.27561544061725,4.865193388037762,0.9564556004691238,1
6,56.677272987499116,31.321507070379774,6.161837432120478,0.050832274173439274,1
43,53.874490976459384,41.84196734117686,5.1208621676027315,0.7088806407231514,1
22,55.38254958653873,31.56625629900852,4.804560810938476,0.8146683332073655,1
40,46.95996822163362,25.94427992624768,5.789905496929541,0.7887491667235358,1
10,71.2643371674603,22.699248689668003,4.400611035793402,0.5667744049703283,1
41,76.01992654613413,28.620736426811273,5.851410841954149,0.9205629971727108,1
32,69.78002975998409,29.404570787863406,3.7464368078097245,0.13452375856355836,1
49,72.70529224147143,18.946502363047223,3.480568296717103,0.24515059674386208,1
35,56.55365162991844,26.430729198534934,4.7264119810876695,0.30695630308479094,1
36,53.63743165013963,31.486762714137765,2.4367102131034333,0.008677409691600468,0
40,52.21412953188288,27.338221648669126,5.084699636712903,0.370669257207512,1
16,66.44064922957223,34.84311892852919,3.2674386572952887,0.16065983782861115,1
34,62.2706305314415,22.2082177763974,5.282420520566377,0.7246261521579725,1
47,59.227782884015745,33.38441410076609,5.185459438116945,0.4149528071273977,1
4,72.95148544195342,34.56944870762977,4.932037613835183,0.704459447091851,1
47,64.04941353815343,34.782482379207686,5.4364086675380925,0.2936532697455395,1
31,51.61342362479415,22.170718076728107,5.204197468614087,0.13191774742160212,0
2,53.19091170864305,31.572763979286922,4.706999396668729,0.13198902355508113,1
46,66.81993299254145,26.656229407392424,6.831006980477132,0.20326375243777517,1
34,70.41732852654597,22.969287790085495,5.393310693552443,0.11521569262089115,1
13,65.5168023225597,27.930661375131457,5.7719080873108775,0.220547073906477,1
47,78.96888747872082,25.475110040495952,6.073079743972593,0.5790343446794401,1
30,76.35007165731419,34.60375234081935,5.66814937904209,0.25633601496365455,1
30,64.41035834850763,32.565316715067844,7.062832918924805,0.342946561484032,1
16,51.61419340518498,24.23777765945566,5.166006884821196,0.0527339835390821,0
23,46.90012488268232,26.378893430845356,4.993038654163938,0.8922090925697977,1
22,56.12618254985285,28.096512871916882,4.350427912193385,0.1381609920789968,1
17,67.53213446416157,29.637974263410513,4.743726063440018,0.34866583560347675,1
49,78.26647079311938,35.031891374018905,4.268775430948838,0.37947925033831065,1
13,64.174470344108,33.45391163240316,5.677211913001539,0.77212626902631,1
49,71.68722794231236,30.2569598448742,4.087683752681362,0.48354285330648217,1
14,57.54692513812198,28.69675575052539,5.073792169898128,0.3829562888179576,1
14,66.2276912522755,21.13322982696264,5.559546934302375,0.6958746985904457,1
5,68.23356829477173,36.45998813063028,5.150323886595221,0.5970147507018604,1
26,40.204057241474715,27.764517010671714,4.104085124430073,0.07813458378701388,0
14,55.865611976234895,37.77420120213129,5.698944914005985,0.31270025120758393,1
49,69.4970038427787,30.980546460659177,4.9146602914640525,0.9786081285992689,1
35,62.74468335636565,40.12642104310722,2.12728778355355,0.48333520303069355,1
7,48.034849518490674,33.03160766683158,4.016648309416613,0.42419306981101546,1
14,35.69877624272644,22.839901843895607,6.4011322364027325,0.14991980127970572,0
2,56.34219254697994,26.92792259869394,6.484321841514684,0.8390701738651546,1
46,59.28414307106121,29.154325196640176,5.526111210065198,0.1333078774920593,1
12,51.16077050171654,25.63108556445838,5.784068976958331,0.10508374419234778,0
40,61.430849370279944,28.11469591408978,4.221706018742135,0.43900035052475783,1
33,65.06386747232895,23.165304207089452,4.739855581260941,0.4366468793691344,1
23,66.70687170726232,30.028606405495612,6.2353666004596375,0.9814689866805686,1
39,36.440810750676775,31.1870597450547,5.425915242562074,0.1275334865729847,0
31,46.8571490219188,24.979452963969408,5.064948383887052,0.4838270986710427,1
31,56.95377351645264,39.701271467409555,4.813191457106981,0.20124531209749186,1
29,65.72173131037464,30.317566306402295,6.174472001234707,0.7017638917149922,1
48,64.89234013550036,25.91629566938544,6.122032153550146,0.3916868770679288,1
12,64.71869947876675,21.852303500173914,5.6496717507687615,0.6484678894008068,1
0,56.16582058031068,30.299714446985842,5.066275066082562,0.3384111836276278,1
33,56.72366562690039,28.697557335933237,4.6432435142332125,0.5645459866337847,1
14,52.71670731578259,33.91520453643221,5.693013719684713,0.46913697518791797,1
43,67.68194128105849,29.28314867514016,3.8980901550255194,0.37436497747035236,1
13,50.795112122604216,24.031406088656365,4.105430152413458,0.5375247926679849,1
28,68.5003639518957,38.35359148088791,3.5489086392150604,0.38379867704781134,1
33,62.07853238137646,32.17812439753593,6.235229777993125,0.806018777784382,1
17,59.549555215448464,28.729456442008207,4.279333375870655,0.4952376002528862,1
6,53.43289600223533,30.82319265724869,5.404007786751626,0.9031272664866195,1
28,46.444581388358735,32.37020978280829,4.874442479290472,0.22280424072218386,1
30,53.52347243621954,22.855716930532825,7.897538990121935,0.11212387978511873,1
24,56.69993131375114,30.78847109981405,5.441905454035837,0.3809673595083317,1
37,36.309756884187486,27.74938263353054,3.1378592407546564,0.18365956138643535,0
13,58.026448446653355,32.53649992814876,6.175435756596584,0.3931193931037277,1
7,69.24357368026006,26.299090376968607,4.612849036394316,0.2074109443773161,1
26,65.67217905433873,26.976490724514587,4.799072198050946,0.8682163089731756,1
1,55.03794124258493,38.31435549282029,4.327487736989957,0.5679045297896549,1
16,60.469362984152276,36.154560454410685,5.1956125186384625,0.497589264981638,1
36,54.43835430578,13.522194100163457,5.182513137674821,0.7877450940682961,1
13,61.48760733335696,35.78380991232156,4.354522822351371,0.1303670131723783,1
24,75.40107823744032,29.631739868711215,4.491855479513571,0.8570147205205165,1
29,69.68498802624876,26.459089685504942,5.101286133088316,0.48330405820624023,1
28,65.20794305692753,24.964126321461748,2.657268513489938,0.13643322952456993,1
19,55.07115087616282,25.254411858600058,3.558502529496298,0.8194114661287722,1
20,67.49938392944838,26.600320276207924,6.669992096098018,0.4607752104118521,1
21,43.13123048626947,24.364337081590783,5.327820944320242,0.6046005424568959,1
34,57.4764651800911,23.22700169463679,4.47509101325922,0.893608885851233,1
36,65.8371141982395,24.798099245780445,3.3039171684631645,0.8906916322204155,1
15,67.40421214047751,31.616969275328437,4.943683835053522,0.8928188915564523,1
49,66.6988449021574,30.250450742853985,5.985192091781106,0.41691745919295653,1
48,62.948306892096944,32.779282257759284,7.639206104649941,0.7496058817800527,1
42,58.04275020916117,29.66815080394973,6.8920564249956975,0.23327085974420214,1
16,65.37975969826489,23.46660334677604,4.113061979871465,0.8311769885295323,1
15,50.471389594136994,32.47220461746803,4.50420046861571,0.3417223063993192,1
1,51.5532273670675,24.976553605625426,3.528500769763328,0.4639124619604966,1
3,60.61734676460297,33.23307150994467,4.158344933376048,0.8913916481937754,1
20,61.731976427087474,24.170399985215198,4.787156836875248,0.8057399515941824,1
38,41.743848214353534,26.562616867982374,4.632863003373856,0.9525112051391725,1
33,64.55146380949519,28.193041797160426,7.054567306579431,0.36347298982777776,1
29,67.72728377919394,33.37202400528474,3.6846430575237843,0.1510852696575823,1
5,59.22714762533705,30.879986260636976,4.954905550812103,0.9104104230781102,1
16,83.74466283283992,30.100006610754622,2.9365402377033565,0.49315438710936343,1
38,53.17064893684814,39.42834392527653,5.330890780487733,0.8894007910905827,1
24,56.3891283661313,20.81508419387427,3.65829465932405,0.7320735927332784,1
4,56.049330938727906,24.808111786497243,6.102626308382792,0.874802905522036,1
4,59.23812388708983,24.59405760980504,4.708974106984709,0.6547229357042152,1
19,56.71275187033709,21.14673845038863,3.598015731717107,0.8123720137206606,1
15,45.93189455395128,26.40240243556986,2.897298246442042,0.12033599884460755,0
40,54.53451703763525,33.43884581898353,4.021362511390329,0.9682946892126653,1
36,59.02379304225924,27.041763007421242,5.239380890742838,0.1809792226418151,1
39,72.28572082061997,28.33498514006845,5.421513647156462,0.024502767897627953,1
8,82.02243273372913,21.38722586059859,4.501562018826727,0.5308073749442845,1
4,73.35473897850655,26.017372124198264,5.9257970434329685,0.7119122628157742,1
41,52.246209703273934,27.69150642206208,3.864257107104929,0.7164184342504875,1
1,53.04190389373834,33.21200211273557,2.072940157491431,0.339232845156053,1
8,58.40671422490649,21.625418010408893,5.282553650742499,0.7538318364013182,1
42,77.84558888853586,27.72495627139431,6.290095812683384,0.8425600543729226,1
35,58.345759478181066,35.43409015034445,6.299333673657744,0.6100117423734293,1
21,46.72492509462569,27.77458357188368,3.7001907593846655,0.3859920072200983,0
21,54.98822863046965,19.422192929406606,4.455306812678442,0.613574584166214,1
21,67.57056001819417,36.39587888674096,5.7238200157405075,0.8622304003513234,1
33,66.89940276896087,33.674484712691665,4.37289389204123,0.9004717608370135,1
28,57.99783333508344,34.346985875393955,5.105384860608494,0.03151662712949854,1
37,66.83414673560031,21.28108176627303,4.283560104189718,0.12239855838097558,1
45,37.268277974531685,37.562278629236076,3.9106112425386264,0.004514047927874465,0
32,61.03829235032698,26.133619574444012,4.1036263485932425,0.49244218235982096,1
17,68.6068542136863,27.452805278898843,5.955725192951231,0.4363909274802632,1
6,51.67136724845465,26.486114170039983,5.013782764630874,0.5458016617917159,1
0,51.63661463503712,34.73468590977603,6.271881638405558,0.6836467319672765,1
32,41.33551847236525,29.101008237473522,5.52042069495442,0.36578374193790264,0
0,75.89895594810694,32.408705162938126,6.606465231480943,0.20857726876334537,1
23,52.79846022978433,30.37950511442184,5.818068192958736,0.39482037838565986,1
3,62.410432778621114,29.5247899815354,5.759340830246704,0.009011000686818371,1
3,66.03917041483375,25.26607968126902,4.879512101364318,0.8294466768555929,1
17,75.12067949141453,39.06070293653883,8.00920657649665,0.3837262997469434,1
26,58.46102226014365,22.683031857473853,5.1126982198945345,0.6227883424486997,1
42,54.60570206221581,32.06126987017342,3.0265766308741195,0.32472562250643444,1
31,61.73067648570554,31.883282960536395,5.268033539613967,0.6148123888399811,1
32,72.84080276542286,35.771781430762125,4.01770775676257,0.5404353935887133,1
27,58.29827468599216,36.94045016189639,6.017021521601615,0.20855932988566217,1
41,50.451309184159236,29.31305700291612,5.7258167581809385,0.62532402484457,1
40,44.59242191684638,32.651971529623765,4.808486350067349,0.10962241935614203,0
35,47.78702615394775,38.82436855226255,4.112106986556839,0.4810858468283544,1
5,68.64391497406665,29.67411616538874,5.146425726720804,0.7198780589892921,1
15,56.79375523693189,24.66783262467412,4.358766192142945,0.5490627218326598,1
33,53.9247909007929,28.077659436502895,5.787803992783837,0.7462710674543588,1
22,52.84032776816058,23.476770006927666,5.556015714258046,0.273162587695178,0
49,60.850458602001815,31.859084054973614,7.935966592493436,0.04881852999050906,1
41,57.605449062344164,35.322281040703174,4.554885461349075,0.05597037763637969,1
23,57.26867856280747,29.39479253966231,4.696574371515355,0.26872548532538154,1
48,73.4932392781074,21.8951997527318,4.845224326063227,0.40766709214609087,1
12,75.38016281861633,35.10825417528839,4.889014465728919,0.5375052053757877,1
17,43.899783270910035,21.118505192171106,6.0270789379614795,0.7576612947379454,1
12,63.27592731142958,22.270226110384794,4.723654354937867,0.8396094834925405,1
48,52.231379013786075,29.108308062526405,6.972381716143495,0.6936809738974251,1
36,57.51748886138906,31.258926228377497,5.5822751097257015,0.4632089547226834,1
42,63.092783851266944,32.11123749379177,4.514263952011976,0.26448701587175805,1
38,57.87280083069081,29.66930223976763,4.2587543150193286,0.42780232487392666,1
41,62.30459880627633,38.800218825674285,6.040872193408457,0.2733961519128325,1
16,66.72970206031917,30.32584170541601,5.028520151886811,0.6244626138709946,1
14,62.945768005403195,35.17334050876468,5.009060053756755,0.8182068604949079,1
17,53.531636958323766,33.93477282047349,4.401519773575881,0.5181887435803441,1
22,53.70800393029676,23.535631338977353,4.9385543190794925,0.04583947465925986,0
29,45.602947033819646,29.151347563572394,4.361045149197228,0.9397486279164935,1
33,51.46079702479282,40.61660256640509,6.361711456225998,0.2942840118023665,1
3,79.62068361898528,27.478245730298713,5.717060152255398,0.9145103385188165,1
2,52.07996425904756,26.626897378216547,4.825231160699226,0.8130683025269883,1
6,48.066211875561805,30.85287790738511,4.810531916947269,0.41312511330929913,1
17,63.199278618447735,27.657400353699742,5.092174168239217,0.05670376718414549,1
41,58.8963524070814,26.031477102488807,4.994459761127867,0.9477039044228069,1
6,58.044067631507744,27.583583028512066,4.043063820690833,0.6590536671914989,1
39,74.0904596641209,37.16004835684313,3.099225871615018,0.24965398258939098,1
5,65.49126675558365,29.316906542612138,4.202299333558972,0.5335362034355497,1
21,54.70007068296525,23.35962483622644,4.871482509334969,0.6353705088765585,1
0,55.7552408240822,22.44126730955918,4.262166802282509,0.22665932714468884,0
3,54.97413486094315,41.03402466027235,5.81933803039557,0.09354049983672197,1
45,68.74739621580257,28.88332815282949,4.770846864099246,0.267465545834663,1
48,56.91852370546862,32.17289250482709,6.87357357502862,0.04760266826162585,1
49,42.0684649754585,26.143113868301953,4.438505741770851,0.06998651024485925,0
42,59.516803212656555,31.60492984635708,5.140716798701557,0.1565850434932563,1
28,44.62973998872071,37.29664825800766,4.711138243830216,0.15840637064810437,1
20,81.84230601754902,26.738684081281225,5.439778057734823,0.24795158493331648,1
25,50.34332086152769,32.29293389974291,6.065751128997044,0.9374292321889288,1
13,58.381352346422695,22.97126862054806,5.6082809589270965,0.5758200228744027,1
8,62.58202734701137,40.11433059183396,2.9692037305339416,0.4225051799401337,1
46,57.1134183932077,31.342679651222873,5.499861610472868,0.5637996685790074,1
11,57.09969598533807,27.93603077823854,3.989121857718961,0.005711553180304585,0
41,64.21827286160877,28.51062938356918,4.6902308215837225,0.8947469097143326,1
5,75.26215958796278,27.449809127428324,5.6893291868373375,0.5323131410539451,1
19,67.67509081817298,27.705474179382534,3.8802390915849605,0.4516506650289014,1
23,74.78513878573543,17.7625242882517,6.15594800748505,0.9416019393806313,1
26,49.53380891906498,29.510171339516223,4.646614100448767,0.7304080844837139,1
37,63.17362633255361,29.300606596971438,7.1709373729181145,0.3374208400422898,1
7,61.55246052058279,32.44330768630238,5.068677825793762,0.9361574814569449,1
0,63.510912916767346,27.384281267792367,6.70534274265177,0.85199762499355,1
48,73.76231970635573,26.144818429294887,6.197679224533509,0.9545337293096717,1
48,57.79210850207946,29.961125277735125,4.388894917945502,0.09622393741130097,1
23,55.944966334459124,21.93815940954758,3.698309272366478,0.9552848893871492,1
46,65.33980797418664,30.717115937672922,5.113627361237546,0.5428828388715553,1
6,42.21797272434152,20.690903702391395,4.417356881477825,0.6722150795923556,0
18,57.63147950877822,35.60409324415398,6.579718780087006,0.21223889968384158,1
21,58.65802310714547,33.42134977830388,4.7531408283273775,0.14040149005196223,1
34,50.796413836930746,25.369070617879935,4.699596041481226,0.07938749757600139,0
29,70.57059011356577,33.30569006669018,3.604101539262981,0.42231309214472257,1
28,49.37759682656716,30.557571121269405,5.419217013079769,0.2213494696259185,1
21,58.64126951636204,24.9549488445757,3.8257777180531676,0.08162290869966649,0
10,62.93157225322968,19.885619213854554,5.442436912880715,0.9550661959286915,1
19,73.53451561476119,31.582178417132262,5.580091726498003,0.7333913432475374,1
28,59.894435651191465,26.028590764324825,4.250324888025635,0.5178545082003968,1
40,69.3615359412821,35.474847848480394,5.956579931017712,0.7433474828075097,1
41,67.00595397277128,30.070168669409256,4.725124560708761,0.6114581722976001,1
33,61.23457556169143,26.502086517513415,3.52875630409578,0.17803259388028414,1
0,49.10486591726544,38.98919366545236,6.545287340313692,0.6334364440206182,1
30,45.65419139095651,32.88223246301503,4.076529425925681,0.6810122688635378,1
29,61.065054014191865,11.72456742447947,5.50707054126648,0.23747083915751932,0
47,54.57303126097386,27.568041156045666,5.425794474047244,0.3201446472789873,1
17,69.19261091681292,23.079555039937883,5.389184673924345,0.38330065975935956,1
16,67.45856518098577,26.001010311398456,5.371861915930135,0.6025466396802377,1
37,58.1538900556295,29.276338005407318,4.029812363439998,0.12680798205636756,1
13,48.42287076058731,31.77024254293773,6.691349601502721,0.7434781235049653,1
22,65.10735549607273,31.306828710567867,5.956249150200639,0.34602427076336406,1
24,49.8205055386485,35.38936538282401,5.4750567312504,0.6917726196928239,1
14,52.41536077069135,33.18299188754333,3.6670237644843713,0.9328873933835345,1
45,50.205842617848454,32.87373464562752,4.021632124344566,0.8698746467584554,1
21,58.61498978060047,31.007461615666372,5.6574566266891635,0.7375811294819381,1
2,71.70192334070562,36.43399426362951,2.996315888303183,0.19332698365123857,1
18,59.94959129776471,28.418617284045414,5.33870385994037,0.7320743685755086,1
43,55.567813075723045,28.548483656324045,3.668823202614379,0.6357894059660303,1
33,44.74385069954756,20.47213323513735,4.1319682224903875,0.77254682251209,0
34,65.52124584729843,35.28082021905018,3.5889323923324037,0.8688139208383999,1
49,52.19595394071372,29.615371221104226,5.246106415782302,0.31147511403889394,1
0,61.17517619158097,44.66802853085636,6.1163614518342975,0.6443040724201815,1
20,56.457813840833595,27.972336541187712,5.348017523812685,0.2751381852546666,1
28,68.38177219599437,30.442890647083676,5.457833048922247,0.34628493923663506,1
5,58.427636079714475,32.73252476804207,5.1679588961548815,0.5206445442552907,1
36,59.410736454769484,24.490500135056436,5.682693510870639,0.43416339173214413,1
0,64.8574714745546,31.79273856939614,5.467085614250014,0.6006306024703318,1
0,81.06940182263186,30.173307160285926,2.2849018060028183,0.7587614703787049,1
26,68.88446930358555,28.48155905161581,5.9063067376616445,0.605020024604421,1
20,59.113938936513904,35.86301979371503,5.801151961960901,0.9698004945957688,1
15,60.031979906152884,25.481256410446722,4.637687169341593,0.7381200091203063,1
43,54.75140539675565,31.374510565411107,3.0257932722673075,0.985011826461981,1
39,50.50004296480305,37.27332145692523,5.242474025634406,0.7434407240540865,1
25,54.47249212933678,26.466891220218507,5.326660804136498,0.5079188722492985,1
15,52.278510362880574,28.515570086538503,4.559516517439156,0.4110057630937014,1
27,66.53368383795885,41.72652281735914,5.186699724346691,0.7356603901365852,1
0,49.28805142131014,32.371955325780284,6.07184025797037,0.687124390546235,1
35,73.33210561380044,27.469012616786912,7.397521718295167,0.6687647036905728,1
9,67.5204638361883,34.01312380039239,5.146903672915866,0.7217838442261945,1
42,60.20501729367668,27.15953224204487,5.333913681353242,0.8721721132466823,1
16,60.00318611465068,22.175420379199643,4.176211124814606,0.22776030754075238,0
22,54.42718690385446,36.86181972632585,4.498607954023421,0.5648947288945176,1
6,62.70084411347764,24.48470367934493,4.863957369628521,0.6033011876273083,1
43,70.8809246320859,42.25856312498645,6.177718035390598,0.2928568378050461,1
6,52.968435377441864,27.553338122688974,5.818957756028058,0.9879496147643989,1
43,44.666079110812696,40.66632340780927,6.929353344007962,0.7855379163462197,1
14,67.03218254856743,23.15664465739971,3.509773824339791,0.3212661025053857,1
33,63.243659742438005,35.12746793133127,3.6762650293510273,0.3584343556680829,1
45,48.798011985588204,32.49863136492325,6.1020829352359325,0.7182581488401267,1
44,52.66608629085882,34.18873112777576,6.448860376314489,0.011493421493342648,1
3,51.40895725949859,34.840113533381306,5.0331281216709325,0.46404033767447783,1
13,52.75467730965751,27.51127428859414,0.5343961364711225,0.3431109721022263,0
13,56.76317245958812,23.455780789985006,4.256470838101253,0.8540029679722546,1
15,57.33452695719253,29.74541134830391,5.33549365214939,0.7912949104489229,1
6,53.492063449315395,31.11515128792567,4.100587013422267,0.33209692672048696,1
31,52.41836180500072,27.640776894222476,5.185126156937716,0.8647969774987677,1
18,57.712156560806186,31.38776985079931,6.898555448871977,0.9136000060675284,1
1,61.676915348595614,31.6481276558737,6.426132819595001,0.5524588491342609,1
9,56.837034636351554,25.449867767280672,5.808892245370139,0.15923700265807295,1
49,71.58667023341302,31.97485640845233,4.935550721161842,0.770328082848268,1
16,65.08087714420786,28.663939881526773,4.505331942099608,0.3193442400276957,1
36,44.09154143141304,26.500095498983143,5.757751315277474,0.5272813900398021,1
11,65.23727765413854,33.936875691119965,5.0253946525002275,0.045588664527468126,1
5,66.05543982585583,26.115043941532278,5.0597044393723705,0.5000904226171115,1
21,55.652650318758084,27.71666205047637,3.448784387118973,0.380264533240386,1
31,45.04802412696844,30.36025425093328,4.285469617774107,0.6860652932407991,1
40,60.08066759411136,36.87155810327119,5.751860467316814,0.04078367995610854,1
19,59.92291348517756,30.96392038862149,3.8989331592514125,0.6249454721359465,1
0,48.78353763466805,32.64144166237334,5.265707098602458,0.7719560735740663,1
46,45.487807837400645,28.51178732001752,5.412503594864139,0.012778146633863785,0
5,59.124464535465606,29.607551878118297,5.470887815754018,0.7499633446720101,1
18,57.66922807949178,29.75561383240203,5.560264216357689,0.13020402727515357,1
17,55.82734634677607,31.466531180085124,5.627726053140066,0.6980561154729612,1
5,59.16589265253439,28.5201621347587,4.376206907957471,0.4552763763757076,1
44,48.97223626179681,36.699999427381044,3.5323454363388263,0.551991306311767,1
32,55.65179387133886,28.13416880748929,4.12646458761665,0.3373472504308128,1
22,65.33325030614347,21.46379432397316,5.729921196904911,0.24546640632741779,1
22,56.50029919648711,43.7139830218501,3.7991534062043053,0.07104735805734919,1
25,43.280275282074484,28.36315654528124,3.959389320115493,0.8646899874812065,1
12,55.273077222764286,36.565848935456735,3.953855999242326,0.610429215635682,1
6,49.298415364931394,37.023954209798795,3.1540255452567396,0.9827991593209174,1
14,62.67136296461731,34.726071561251906,3.8529956338682005,0.8504519004049165,1
43,63.18837403380425,29.009863902012988,6.00039691332367,0.8696332672191484,1
26,43.412253749139694,31.433424099371713,4.283235347284439,0.5978496806826731,1
25,67.5901297058219,23.627448953475366,3.2510618434456537,0.08094270446604468,1
32,48.87813698721442,39.95073886909138,4.488356145085417,0.9133962620658763,1
14,75.59182290482352,25.740970009086652,5.510547215893667,0.11788623414923671,1
35,59.51223735499383,28.730495186295624,3.1692272351163373,0.517146009358569,1
44,47.536065014608376,30.494932435201253,5.953310309766011,0.8568557381116441,1
26,48.58013929307319,29.4628012258152,3.5590191846409214,0.4724080143233209,1
4,63.480952917873445,26.71563358853303,4.604516361013314,0.16567035415758302,1
1,56.08700110101623,36.97169526027344,4.591734890004383,0.3731968487069104,1
32,59.03346090381859,34.7513964174414,4.438559893244474,0.9883873602098822,1
15,76.1278023269704,31.610236021628467,4.9351983015184775,0.9997591864912428,1
22,53.00755935770925,28.00223472001625,5.778560353976698,0.7108349900477425,1
37,60.599628576957066,35.321379359222355,4.959198418696791,0.8879923093544555,1
15,74.19844487373054,27.677656836112174,4.394326339906737,0.04420672816458071,1
13,62.705134754664,37.85195920168908,5.457348684760896,0.27597157498249125,1
28,43.933972646419946,30.556104577417138,5.207263728622506,0.36895954937383213,1
25,65.05389011732137,36.148907634863576,4.3304964400731745,0.011997647468181882,1
34,48.36997142216556,29.430898369082083,5.042301422084366,0.37696155559694866,1
14,74.06807528732965,30.357665910204723,4.24765749679241,0.09303158505940023,1
2,51.77132395002022,36.127105307293334,4.134261271603057,0.5174093020156069,1
22,89.69509507745664,40.96962575902222,5.805801214149906,0.004419308898930052,1
28,74.67375988327679,37.801834087524405,5.446958806569156,0.2704498885671516,1
33,52.03387430372021,34.38567309688925,5.770379635236548,0.8662834026342114,1
32,60.20013805001611,32.94641716478798,5.635128501151511,0.21305805392026456,1
40,67.53644281633464,27.46525654870187,4.112780740945947,0.06484342964894818,1
40,67.83660474226707,31.476148705527162,6.001281930066792,0.24973078444945496,1
22,64.42336259976197,25.43475408001634,4.7023928897180785,0.8275587060034868,1
6,72.5215903696611,31.87891066842387,5.929217823267217,0.5871873634945313,1
2,58.77031053365631,32.20025330346787,4.874883390028704,0.5860743693375408,1
31,56.33282331423967,20.195774292659042,5.313163087879323,0.00057401166750215,0
30,56.531360120753895,30.193693045958536,5.343227928947018,0.4721512138756111,1
17,68.58373231972128,32.074374495445525,5.813200385284389,0.265618039701236,1
42,63.65181040302646,29.58145071430489,3.3654538789911292,0.336209012216395,1
6,62.91283665690256,31.790244194282852,3.423602287290573,0.5986866376681214,1
40,67.95234249257182,23.29138878321843,5.671710865102177,0.8743397751253548,1
0,39.48947592146145,26.120678472198705,5.356362464993363,0.18165690583787764,0
13,63.1006882387515,35.17469081581966,4.2243563518113785,0.7682220236685471,1
31,62.18568888873716,30.002858328228886,5.364308909016741,0.04890217743843739,1
5,76.68808081300705,31.699394906574543,3.592039789896099,0.3267291659126095,1
38,44.71412017736333,27.267394196457104,8.264289510869009,0.21891268967985145,1
9,75.57186632376758,30.097470116384283,6.311571386827943,0.9155839836729552,1
6,60.75409128924666,18.489939099324005,5.622302677407873,0.17799790636584945,0
25,64.88989530660045,34.23005969210383,5.075630370677487,0.5786319181310116,1
33,76.75918787609376,39.03966419476235,4.381271955194703,0.16478316575523988,1
29,65.60761268005572,24.674912253926795,3.6898137606541264,0.47348371527668,1
35,64.00368289462561,25.298339062452158,4.886177372510576,0.41339990136508087,1
20,62.422911858023184,32.20439949118741,4.140239364304875,0.04135719223384782,1
16,55.16521865005623,37.36939645253373,4.198558151346754,0.825867593700604,1
32,59.71510875489607,29.989513413085277,3.583243360225457,0.7801127151166437,1
9,52.84487233877251,23.85340989593748,5.249663051931105,0.27785837206780517,0
46,59.55433100574518,28.956913816810633,4.6230064941771065,0.6139951368959531,1
41,36.64069302944903,24.85033959844104,5.53507157482587,0.3626695808807784,0
11,64.29039567567548,26.65576853565612,5.457098793654788,0.7692271432799548,1
15,58.782627462163745,28.479794504233418,5.229464630079662,0.6924844562828575,1
40,56.63796263333236,25.353377058791864,7.6594402580541825,0.09046698111996188,1
31,62.19758083940143,26.110471379127176,5.823705513565544,0.8441881653698631,1
14,45.664360770345596,30.372670001111217,3.739433989350102,0.17942610509504198,0
26,79.29269996621282,31.07517906068615,5.458736447921469,0.1741097024653937,1
27,58.972325385124,22.880098330895166,4.9459812570315105,0.7337468748195516,1
16,58.54155567027811,31.981908612546686,3.658469429173533,0.18325106139076197,1
45,50.34603789867077,28.09033068434301,3.5783671199233584,0.12239695354142854,0
49,60.23946382449261,33.60130761776304,5.453202917279569,0.335582827228481,1
1,73.8695989027328,33.9024876034393,5.697547534878565,0.8387124808031767,1
35,70.35916209432034,27.277294095224757,3.9537428006754736,0.1768087582325213,1
49,68.54437751140556,33.070738470188665,5.970167053194644,0.33907299311782013,1
6,65.46398951667271,25.81521980150585,5.284914396815283,0.28625395057725644,1
12,56.4145747243739,36.61881031417645,6.195859156942519,0.35606086471988596,1
14,45.49836832963298,26.004318995717675,6.0896203983392425,0.7142717943576957,1
24,57.98961228133365,31.763748043127567,4.8415630845970075,0.40546558098438823,1
22,57.641285354663225,29.0619542767786,6.635599730102095,0.7595766813408428,1
21,70.48794439671241,24.915527428811995,3.8758839098795335,0.6404031382483674,1
25,63.0939044245982,34.504578808926546,7.390294504950695,0.36109918210891734,1
32,76.12311527903549,26.929340955666046,4.121214319514105,0.43224078160723056,1
10,71.97488540038174,21.49963917510847,4.9519972683223195,0.7036227120585031,1
9,55.435043904959045,15.58993318415985,4.432811701387237,0.5347554131782302,0
24,42.04870803380132,25.624776527860146,4.6232090121202605,0.8683401614273868,1
36,73.8557523394148,36.879542096494866,7.923553662513963,0.9331834184767672,1
47,73.59385223230744,36.2886923375183,4.537279312588922,0.7177073260383426,1
42,46.33788409097774,26.40700798826234,5.851108372292922,0.9892071198222792,1
37,75.092400198275,28.127725426493104,4.7645970887135825,0.596536787419335,1
40,63.82117170592518,27.675434622219885,5.936550429587747,0.039830790310707465,1
44,61.60685498125653,23.332839272752157,4.455840481629008,0.5048520561271634,1
23,76.14783254247328,25.255840641883285,5.256132093659171,0.2300092793858589,1
39,73.44685173230614,34.90574759700392,5.628698300472743,0.33371318038430864,1
45,66.51330951995203,32.519439356897,4.278188546663519,0.490070052148203,1
32,64.73217065811983,31.365444292649446,7.757725924225591,0.2950508044108314,1
16,66.16394290530359,23.324266941695708,5.680941043233798,0.30962163876517,1
23,55.99942566117474,30.503516070169887,4.7740290454826235,0.4020163364101822,1
36,59.44898550267679,18.480775152559893,4.302765483149307,0.2864573477563108,0
1,50.97682845405457,34.214013456302666,5.091723023626982,0.1695009951812475,1
31,56.669602242610814,31.29287450368571,3.7840019893865304,0.7655602625713122,1
23,56.33366121331067,23.27383773950085,6.782295263849943,0.39521176237384426,1
8,53.64694630378335,38.082127787450204,5.431253772401081,0.8317573004899602,1
3,61.36746502648463,21.019176704157093,4.912013932588605,0.8827169895146285,1
16,56.76019149299423,32.65153091124801,6.045977854356712,0.75096348615182,1
16,65.02234720351974,32.77585884489331,4.278485221914033,0.39667316204183445,1
49,43.776793867062345,23.801647803237596,3.8440404135695627,0.7213221130214745,0
47,58.866452058927,29.810746545949417,4.8698669282712626,0.15522050437857293,1
29,61.31551640177496,21.815860789235686,5.12754364946959,0.6611157591555525,1
39,56.89370760163119,15.768128418365933,5.53058620659277,0.40603206395386104,0
10,58.27607300190769,24.660618865341707,3.5237220835677734,0.6556444149917248,1
20,44.147539892701424,26.916875288690015,4.543683169980768,0.7547905921417233,1
20,63.56477104669492,33.221280904053955,1.916535206831445,0.5626864880333017,1
17,66.4760598256707,30.3370404253041,3.8176508290939086,0.642478593054894,1
28,64.93537294203767,30.46772729693073,5.715261533700405,0.21352793140525805,1
23,70.38727059442184,24.927891883582074,5.9610258085747345,0.5926995547093319,1
9,62.01529605782502,27.34994347979307,3.8579954646869803,0.4604742887952491,1
44,64.78681180650938,25.350366950654195,4.675395450925624,0.4280528595572074,1
16,61.56090738456852,23.87512996485096,5.025606155127994,0.4103157543712945,1
17,66.87550719592494,27.031502865063715,6.07811013884211,0.3109240279858686,1
41,44.227703638678776,30.37256192548167,6.5290948665169894,0.3053346623864285,1
47,51.06419032021989,27.136807402878983,5.153082255223023,0.6997064279505371,1
19,75.8689965703309,28.382486652875137,4.739383344417768,0.5577997558356445,1
36,35.395641779037945,33.47457405455695,3.5563063912993655,0.02995210736366427,0
44,58.59822070174656,27.496227906546483,5.10806923456106,0.048525230078869774,1
17,71.72274959608069,23.330166845060543,7.074922501490265,0.5701190010482267,1
16,59.06739334458236,32.8172676080062,6.290192549937319,0.8462834788051602,1
8,55.94988928549303,31.32924824254142,5.174858296258905,0.0439778112089565,1
13,61.29421676815301,31.64329749086157,5.303377808700111,0.5072069341101135,1
48,56.46879819997553,33.12919328767855,4.311483638547943,0.8511353755057024,1
28,60.30849492756939,32.28320763653973,4.642864371223477,0.004447978098829242,1
30,53.166189634798705,30.143643462356522,5.147599175584349,0.2757939076018061,1
3,71.08674419955724,41.957263314260466,5.150634340318443,0.9199202183460408,1
17,74.2326492106566,23.57515626849023,6.01074993290306,0.08146962339157127,1
19,58.66609677888378,27.06791360755721,5.962082932741296,0.6069964774994865,1
46,46.13510579308757,34.83667182339084,5.520566780211083,0.5073816665993269,1
42,54.761568296866045,30.712931460477872,4.000853821800711,0.1516793631488782,1
43,58.16011339897036,33.789615170056194,4.038584678818197,0.042487009986145075,1
8,65.05538876903208,30.848782147684357,4.112108529715415,0.5025871017445005,1
12,49.919867768293216,36.870282755799906,5.2355202892066615,0.7351301889890595,1
14,52.30837681357849,24.96244572183377,2.9736789452438583,0.1772427773245775,0
26,65.10676137858808,36.71229944703355,4.9937249275353786,0.6913198288203897,1
14,69.38908832039557,35.85498246602133,6.408642716454136,0.5463833117520974,1
27,53.78405954829316,23.948554428848098,5.66682603468064,0.3578464255907332,1
36,46.66782946049004,33.15332704943837,4.649272389054216,0.6644304962251527,1
18,92.84118201287885,29.784800338817053,4.301744586250219,0.19197677758382403,1
25,67.83304237088714,26.96708990440468,5.805715284776682,0.4569313209514614,1
25,57.32996238232968,20.5569040514114,5.306055366052274,0.5493049815648999,1
24,68.6903127553084,24.945931644413417,4.753567547417259,0.4586955402655568,1
25,58.75543370285578,33.540560700922946,4.410969121093859,0.3975013768571686,1
25,68.67156889100187,34.069206346302785,5.076382989687274,0.7409136395682366,1
45,61.593931977762225,28.946447597119143,4.696963236013011,0.6561009665223498,1
27,60.91271898167573,34.08492571571642,5.784379569916714,0.639462085361417,1
48,58.864181317692115,34.72630038947069,6.241169095978717,0.8918006449135621,1
17,45.5261866653691,30.773199793131738,3.6327501721572837,0.9935006573547976,1
31,79.3809489939314,26.38833188074898,3.77418042747116,0.5672045332202077,1
2,50.58466079732257,32.205270564078226,6.348056187648732,0.3482678776947099,1
1,46.39976423689406,32.43492353829431,5.165818942663956,0.7788753491818147,1
32,57.87140117243633,33.36972195175155,3.8683493632111583,0.1420990627828328,1
41,50.385281864894935,34.3270163500112,5.983251606660642,0.5129091710441792,1
18,59.48287209439729,23.18917714039389,5.341685099888832,0.5245084819546395,1
16,66.87763848561768,27.45035377317129,7.203245761924893,0.9834678675296525,1
43,69.95302900529222,20.5068932715609,4.764698322734459,0.9910068149867145,1
32,68.14730721621682,33.734980191776735,6.108703997068712,0.7992141382808866,1
11,56.9436794521432,28.93844276009792,3.55116556086724,0.4730156877855798,1
48,60.49591827661586,32.15407035348707,6.396027550163572,0.5472257899747835,1
2,64.0787905089749,22.62160625904921,5.944160058211154,0.3197416315184244,1
42,42.42212576057928,37.00490424846525,6.604347433793773,0.8298457036778141,1
48,65.70584700119859,24.028304176903625,6.110580317508735,0.746546193835706,1
25,45.42700712416168,33.87281652191229,4.900951814124322,0.771425287824123,1
34,80.4034659890649,30.589750854462707,3.8288734359631413,0.13867633815510194,1
7,55.95484915358305,29.052786112369105,4.397947099635962,0.39863397131034106,1
35,58.15124822805409,28.64919946693913,3.2388496128018804,0.5373516904219443,1
6,52.302929007621444,26.80968495341935,4.07910096881629,0.12465796865678891,0
45,53.700299681443106,36.47598088450384,5.425861349208432,0.3686230263835929,1
45,82.7409356914324,30.063064171761212,4.952247121174814,0.08743252241421051,1
35,69.40369688623298,23.6538923482339,4.776409859867779,0.9588412272749307,1
15,44.507975548521614,28.0801989898258,4.206897084052502,0.7512633295760242,1
23,75.04212900685229,30.641695136014693,3.227600989141715,0.6207481209847618,1
0,71.93242275141432,34.489026407226625,5.182083113237249,0.2048564335269475,1
48,57.187875377117116,26.976901397413965,5.379160192468643,0.3341274371774744,1
24,63.06696942029838,27.311117220977263,4.008436439953284,0.14448490191335983,1
9,59.85055920578926,30.117160635737026,4.4665597298362805,0.5361196269610043,1
15,79.72579904446933,34.36712409973663,6.542133454089429,0.8205159897881344,1
15,52.0370981100791,23.156227322019852,6.159497953573634,0.019036521689811625,0
7,61.46010609775727,32.526773154958725,3.515575438271049,0.10330866969734498,1
28,55.71854669007195,27.67968734935672,4.915363612769244,0.22934977394111344,1
38,45.66959595382146,28.377837091257568,6.454955682372252,0.7140667431590878,1
27,81.91638255054987,40.007878725648744,4.7835790026924805,0.8939798387693473,1
5,48.184334208975876,29.017653877242374,4.731056811592837,0.7530123367744916,1
15,62.20129187487776,33.7734687515429,6.092737626743077,0.5249475501708947,1
19,42.59299393619665,33.59456918601674,5.987069244275216,0.1051123641142705,1
15,56.00929460756907,24.099880429507465,5.9353033453806,0.754914374356487,1
6,64.21968821433458,20.77302837388548,4.738015250825869,0.10563974037388002,0
40,51.75266020497637,34.104910462084554,5.662888016275047,0.34768985508939276,1
13,65.86801850735655,24.582269037757406,6.494745513955221,0.30799151149864057,1
42,57.30958908111918,21.679085227144864,4.950126301531423,0.3592234633916066,1
25,71.60082512398613,35.130811074220986,4.596590378686329,0.32952904340069356,1
25,73.61760913340223,24.902866331122034,6.230072639089635,0.7691797167167101,1
13,54.132552392699886,26.13741262157803,7.045439802897123,0.1717237339617187,1
6,60.76732859392957,39.87186577544648,7.115004883565822,0.8458460501073587,1
32,61.83454226472233,21.701323193092144,4.62548850022505,0.8582602474777374,1
25,66.19349295434698,23.718569792965372,4.725959750503108,0.4909258228227109,1
44,60.143819962442656,27.701509287630397,3.97083766686345,0.10614874848925737,1
19,61.90210959342842,28.79871580082789,5.118052324414799,0.5754072390156423,1
2,57.5659352520488,25.531273589411732,3.925881068542483,0.8209313717991746,1
3,61.152398669720185,24.206724513385417,4.473366558292506,0.2894735192243517,1
25,72.97940193535132,37.54997162215965,5.70112979816239,0.8377474241964887,1
10,66.46083241211855,31.314930620523576,5.389977410139396,0.6769188527146782,1
1,67.01255639443369,32.925843721045936,3.1892786948329728,0.9872464407428355,1
13,67.23070324135578,29.31387411720732,6.570292298274387,0.8247113634886656,1
43,58.46191222118964,31.447274744295683,3.9130039128482634,0.20150046409298472,1
29,63.1882704357953,34.664508305547955,4.039066076120997,0.44900405960750867,1
48,49.148263216642555,25.018504927273327,3.7610778482355505,0.10350846480260822,0
11,72.68807656316957,31.32417998258991,4.338716661435991,0.06967056681322426,1
25,32.17039567656779,33.480211567039454,4.103193621334173,0.706054240871172,1
43,59.128516076645745,37.7239867319213,4.127566558811098,0.9129318047740105,1
32,71.40895977150274,39.739454899008805,2.5357279482685553,0.9735755166752519,1
12,46.361320663706586,30.349298984908806,5.129927392053814,0.27046635422886645,1
13,63.99779917616851,35.69319474843567,5.23206516781556,0.20177134185932555,1
23,53.19233553420973,16.649160333142266,7.24440673789221,0.56021988706123,1
33,56.31196734811131,37.76141454688357,5.48634099766556,0.20086007308015796,1
43,69.45940960639437,26.370581691395984,4.5034109802818545,0.2959070900682186,1
25,61.9805692588515,28.794512755060545,3.799285021526579,0.837226330078445,1
20,39.65644132115637,32.205522421835106,4.903723540200738,0.8104628564767061,1
27,50.235744602684015,29.23278816342243,5.44872288939256,0.8950732750035426,1
47,69.75335734888759,30.982266897840674,4.496651380680955,0.48224351492846407,1
35,64.48942718192998,37.93846484113072,5.061016026348572,0.5640857336934639,1
39,77.48135572524285,28.078899773270145,6.89735409405882,0.7705895081626999,1
1,76.82647594013298,24.565380917497233,4.615889872960837,0.23926553311959897,1
41,56.577548698532084,39.067319286492754,3.113224445207511,0.8230935912826374,1
8,85.03237805069489,32.633821085023385,5.8734867873914345,0.01755747982895517,1
22,60.24479669851911,39.61119487656732,5.314321445815054,0.7976598888118275,1
14,50.373314655909745,34.31814955289452,3.291007988742087,0.7759079478525069,1
12,53.663601340894225,23.382028039932816,5.427643677276294,0.30177994984259315,1
22,37.43274894710581,33.226923358784404,4.0021364508622534,0.727912358161098,1
16,76.07019008249281,25.08025967058723,5.441322402364406,0.21399361416305251,1
47,75.94761989043863,30.037159012198334,6.9072635092042916,0.5762326376538783,1
1,49.84492561186679,29.62142798196121,4.823030665656779,0.700586774916332,1
19,57.72115711618094,21.911680976834717,6.083271199036487,0.7146988824025647,1
19,60.956075441125776,25.935947552191067,3.771512682147623,0.9829351350223599,1
45,50.396469478578865,41.025936500795495,3.4805808536623193,0.1820056618456638,1
2,42.448979687288386,31.191887024205823,7.017370472395671,0.4807986288905578,1
11,57.896423962230884,29.122019326685237,5.307815013556337,0.8801045442391601,1
39,56.78920570540753,39.06445109970463,5.636669941161338,0.5615126060700008,1
1,56.11588759011225,28.018823449654157,6.152022302845377,0.8763890254240901,1
35,62.22716062600965,29.5428981901544,4.472185190202042,0.434058777392235,1
13,74.29519658525992,34.954014280614246,5.825116359762667,0.7953514211271494,1
15,56.96907280308274,27.99632100691825,5.673544162308818,0.8700492990135318,1
18,61.70442998721363,26.267396303237494,3.7051951792176356,0.8464393697106124,1
33,67.26870523744935,18.73121792319641,6.512985311412686,0.8713650445571817,1
43,65.54142926512749,25.317508433086193,6.306860515979533,0.21955469660723348,1
45,53.85576475552158,25.269861270051933,3.7162827609622715,0.43898413061530606,1
5,60.963771231140356,30.79283347734305,5.200286441461794,0.17457187105845973,1
12,65.47539820169054,26.94770867136112,4.768920263087056,0.180541177442624,1
35,48.71648662489223,40.79009505428598,6.418307469925938,0.48782730785121353,1
21,72.63539010796508,24.71185534882597,3.589387993881389,0.9600877547092547,1
17,74.31588905214112,37.003233434287026,8.60241502421053,0.5919113063011133,1
11,52.772197445555065,31.098764775637747,4.825515830628126,0.853845096583972,1
29,61.93670018348169,34.03387017856195,5.738445166181191,0.9371839945227338,1
39,66.42278256671031,33.73009797367935,6.387498332002803,0.0865753588640713,1
6,54.543858436712476,18.908822348437916,4.804000656829856,0.16206399017954798,0
31,64.81613845688095,29.942236605117213,4.885058114404721,0.2908417801780563,1
47,61.63255626292165,28.68885931383084,4.4971691061813726,0.6167770679929719,1
18,45.320818223611994,24.33510952654366,4.114534373868882,0.061729218496091365,0
5,64.59161315978558,32.29813018607934,5.27185914779272,0.786654509859468,1
19,48.99857583728964,38.58270157938736,4.864733319825046,0.06378871692263888,1
26,69.39202851662047,16.634981780579672,4.490625801674504,0.1584318075647846,0
42,53.28788924866111,27.327651620791396,4.549036051966298,0.38170786417018787,1
36,58.38714566338855,23.771169179431887,5.576233453893142,0.5577198566480276,1
47,73.72278913446576,30.358889131188466,4.202436470649456,0.881504673940334,1
6,64.96381646528845,28.37189358425002,4.75303523160777,0.9637297785974618,1
4,49.20526080425455,26.97161393621411,5.898667391789107,0.8846421240448089,1
10,49.85083429200916,33.44753414164529,5.247225470069299,0.10704465768491978,1
14,54.00697211376274,38.18090650528549,3.9504407336413907,0.63122948525464,1
2,63.94644083356666,43.30659325878918,4.97612893125303,0.4417145721200749,1
4,63.58299814932768,26.30185475765706,5.43702162114297,0.12579221811125618,1
22,51.568976953371305,20.895622240909653,5.9892721912362425,0.5551123712525353,1
36,48.32790514385641,32.7959821703917,4.2446213332550995,0.356658305585428,1
8,62.81583405085834,38.052423676616016,4.4414702772988655,0.3457878392963508,1
14,58.18139934209838,34.068449835203644,4.304840011279803,0.09444511871120564,1
2,81.57215887447737,38.03173519765156,4.354479800608211,0.9788529656707146,1
28,60.366036565630786,28.872566646989405,5.405004715697115,0.7259599002238202,1
5,78.14252827700275,26.95212780113436,5.594489129883649,0.2803342113404189,1
16,48.2961640189566,30.57717953700656,6.050903492883084,0.9174751572375017,1
25,44.26787060438293,28.34723406316556,4.908825090924231,0.9480871963302094,1
20,48.79914867474466,33.31547010670172,3.594677045220525,0.810374843316693,1
7,71.89129781453467,34.848838890017454,5.669470164457463,0.659315164111286,1
20,77.56101589693534,35.240418322859426,5.159143678407584,0.3763766197225885,1
10,52.17820546047366,32.55296335402195,5.059969479316003,0.434346507750773,1
37,55.39433970240442,31.229111633376498,3.7165965116887776,0.45501125343436954,1
7,48.310190897875,33.97213344625424,4.804164136394659,0.9487626550510335,1
41,41.88360152881613,20.185040461736392,3.8063452138742813,0.7601346046958921,0
23,67.1841169777663,31.05285376166971,5.4819649884457595,0.2920143033369538,1
34,62.230203029621634,30.262390285852256,4.57010597129616,0.6246405869547702,1
13,60.10487982673875,31.065401979857775,4.480465603635442,0.5939005367153071,1
13,45.9994346283662,29.561882268728844,3.462844516910968,0.8121269993061877,1
9,76.3995668182866,32.15927746730808,6.027095869684042,0.09530839598255492,1
11,54.96643261950527,27.126985392329924,4.741435368770644,0.7012715915178322,1
37,65.33626424816475,35.64761714726815,5.086980770337758,0.3311698403252352,1
43,45.45438594755275,32.368248887067374,4.264509909307446,0.1296320407123891,0
45,58.094748103799624,30.753429289419305,3.349424940033346,0.7317733310765853,1
33,62.91374456238584,26.512417146819402,4.468374411822746,0.3316460238684198,1
40,63.27075218053307,34.076584426039524,4.6284586622272865,0.7301237436706903,1
9,61.546485432366254,31.033298492472454,5.292760020914843,0.1624369500609828,1
16,64.94522492048773,26.222583032315416,4.644967589110868,0.9859278244770405,1
16,48.694795439670386,29.716692287933807,4.281651140302721,0.8034080156804339,1
2,61.9737260543966,33.1454130962062,3.4966606028576663,0.28915178599630054,1
30,61.13757683480277,32.757867694099126,5.0484534954227485,0.7405242540619063,1
0,62.31672684195061,32.43504483904078,4.203439806229133,0.13579987575965335,1
11,60.723452173191816,30.462656958705384,6.3208065337656985,0.6534374521687708,1
38,47.26787226086603,35.12909766650948,5.150146661338102,0.05963686470398433,1
3,46.822002478910264,36.18898251905805,5.562102840032991,0.33338745976695117,1
41,37.85731814115449,33.686613078377704,4.751211333710828,0.9784625453218865,1
12,68.17534509845298,27.062743625721463,5.201280289767912,0.12092037420812263,1
33,68.27657509735198,24.70969141354741,4.109284684229746,0.5974240324409884,1
41,68.43550291222121,27.28030116514203,3.821781174330394,0.07060538596592725,1
20,63.06789962461452,39.768283739883614,5.015131077348556,0.6694012115293623,1
21,38.66880782281889,31.408479569136766,5.570391655201076,0.2786621529605461,0
3,49.73289508214734,40.632209137631925,3.054188229938423,0.30997560145759484,1
17,61.70415417593112,29.399008282062816,4.500896509195959,0.33780253529521787,1
4,61.35518002791795,28.705931647535394,6.842122107888391,0.2051568146256092,1
18,57.77251786847979,29.629717316779633,5.479227551669955,0.941657385070998,1
1,63.68917202908247,29.53912959973348,6.537646033690498,0.9058318423953501,1
11,60.11651707685245,26.13174544066138,4.365955048211415,0.8700152299838909,1
16,61.207704655513616,24.255758659166617,4.54209423500556,0.10644554674678797,1
9,53.60934667167984,32.50668313590432,5.966733320344508,0.23344483850675424,1
33,69.8201098612159,35.274503587986814,5.623520355378326,0.6122258593117593,1
5,55.69228391319616,42.22490650333201,4.905615423940315,0.9703710013898277,1
7,46.693509169793735,27.83143546654489,3.7374841907314953,0.604817382304684,1
10,52.290009871812714,28.236722565679624,6.15685196222691,0.32710176167483596,1
11,56.5153380863802,26.143853527744913,7.5102281475277115,0.8174041112301305,1
8,69.94002788368847,35.62863714686784,3.4281338117032467,0.1354305498995665,1
1,59.57732001565207,34.07493727398132,6.403619149749439,0.8817418834546478,1
7,58.13851781034351,25.615327090627368,4.5316988573426285,0.9746767901195292,1
10,47.51336575237373,25.489009565135284,4.6665313489618505,0.9676526539497127,1
35,67.85482589829576,34.76257379297949,5.269639487538334,0.1476965634157954,1
9,53.48047845976615,31.91598075604204,3.7944767208600028,0.5496075068295995,1
20,58.99972141058664,33.79194356505572,4.962861555055615,0.5849190296448425,1
19,74.80183076881865,25.586157608305435,3.38874637219783,0.19491859042027926,1
47,65.08763331049305,20.611375680448965,5.4760824897782046,0.5467773472268762,1
7,43.71745952284826,25.62517491659915,7.233722037963169,0.6465375739730737,1
35,42.304897636475275,33.43883365005613,4.360468510836338,0.3289617447470593,1
28,59.35689549880754,40.555289893174454,4.831256661708288,0.31568076650295007,1
41,47.87259385125195,27.852680052361958,4.880521823927252,0.06023849977798035,0
11,66.48546747632997,41.379279409384324,5.9864685939910025,0.9568255599244042,1
13,60.42263064964979,34.14909883745844,5.405572369051801,0.8036159280089622,1
47,61.65384769023863,23.03483849145587,5.9203460103519285,0.7594491309044658,1
49,52.93256818357647,31.070169189055157,4.493764664797627,0.021778919941850994,1
20,77.41383655286705,34.319871392059305,5.433569004819796,0.624309104592098,1
21,88.42593728010459,17.872585507236565,1.632194267064142,0.1806285354579099,1
20,57.21415276243285,33.22225578956691,5.667462571989029,0.661717531305297,1
43,63.530392484150006,35.86360589911556,3.7822072912047373,0.6211554909754254,1
49,60.97417343064313,31.994340620655716,4.672406118500074,0.8519253576639112,1
29,57.40313136558931,29.691393946592882,5.745251108644204,0.255434095314801,1
38,51.67929532267203,29.135367084992964,3.4639101673800923,0.027461778954252503,0
19,49.15032012519523,28.84338836154089,6.089432798222026,0.9141108793759252,1
23,48.64402734474476,24.120100981164455,4.875695188711276,0.9086360284798192,1
22,64.05240025549145,26.562380840475164,6.453115486287238,0.45585954104875936,1
6,54.803255217963645,27.9170297717392,4.097155840964214,0.07808805892712378,0
8,34.2170714985947,30.567471731128713,3.187212275653051,0.4979689888344847,0
0,64.44858220598323,27.215926211714667,4.971053284661962,0.5240142207767798,1
25,59.61738717535844,25.65435378751035,5.587076067847242,0.8217254717733123,1
37,73.46673001401146,33.798854295629226,5.670936938810222,0.7171014443661955,1
37,63.731223970910094,31.85306985973928,3.864511864072764,0.07080457592859024,1
43,45.21326403689703,27.303852316052165,3.375366929880089,0.7053376109201375,1
21,37.70323359270019,32.53139235743794,4.687676026098435,0.13573946853128682,0
43,52.80527615662063,27.734210531570326,5.516443990475591,0.08947202704948742,1
9,53.74892579306347,30.3153251474406,5.465786782106321,0.39860713143488835,1
5,69.43159201000167,34.87522027361433,6.572126336472145,0.07736360683417554,1
16,59.91129067710427,26.981294534168683,4.626544798582583,0.8292689937849971,1
49,71.33688498098509,24.137941960831284,3.155103561775311,0.4631291850066823,1
37,46.75166944297365,29.27432708489329,6.196666438284235,0.5870037556621178,1
23,69.65264384380448,23.18267491907269,5.195195314110754,0.5768645235042132,1
9,67.2098915343092,28.612757453245123,5.282187910500911,0.9781097863499584,1
7,39.81765888568803,28.596812603432717,5.767090392106584,0.9157825069463057,1
20,73.22617841260772,17.681579380472186,6.263643590368662,0.8491280587853683,1
5,60.93458491766353,32.65317581872255,4.976980015849797,0.3832692269131348,1
20,63.92044503868506,29.0865511665934,6.176551633328069,0.1450997005049841,1
38,51.35103887571577,35.90948226385968,5.552136264141785,0.5918670025070754,1
23,72.75247012921972,31.077659898970413,4.344417608692001,0.4403160751100662,1
32,48.141476707611304,33.67804285157774,4.7667615278314885,0.22552665241262637,1
17,68.32092018373946,35.95019376603521,5.616744023398506,0.09769211526111776,1
27,68.20607475908672,29.341414586146268,4.291175235756104,0.4360932973273922,1
31,50.258325718277774,29.99588405568049,5.8864591021364525,0.650867720321447,1
11,79.83373599422575,22.132283883048842,5.158183500847207,0.6253898137372343,1
47,62.31528480217519,36.19768872617121,5.381618239099818,0.7739214398210903,1
41,66.53892610271023,29.271513001392226,6.440505323550152,0.46655462692435834,1
26,44.72879204664244,24.97134724826009,5.356566877576198,0.32163957526054476,0
9,81.17730003008565,33.69861243243714,5.071411853915313,0.5387004170319981,1
45,47.754430597749106,19.10109404017874,4.917411536891878,0.9750060597693988,1
41,70.2488643276593,27.85362888563411,4.865343040219258,0.04509053804631713,1
31,50.05228282068305,34.5415552060592,5.312299364203607,0.5286658032319433,1
41,53.81011197152317,27.811390740170474,6.363322984116415,0.32926450237570215,1
25,67.88754043885447,26.41039024525709,4.388223739665831,0.10535023892236128,1
24,70.27552713675158,27.919226014435246,4.312542861329037,0.43467056596411113,1
10,47.28715750885898,19.95035367765713,6.285039895198029,0.6411641299828665,1
22,70.90472169056994,33.57739215891517,4.4338530601414465,0.5281655672438162,1
33,70.44980495133194,29.385569790115433,5.216094866352704,0.029176470264389964,1
39,50.62046591155108,28.63837695002619,4.4082025351841345,0.5791174644884014,1
22,75.9864759359111,28.656656917954795,3.320515541643541,0.23200258380071082,1
28,45.43142371751962,30.07039899232292,5.198225193291962,0.3414765550409813,1
30,53.75227417222385,33.267186853360336,6.115167894026051,0.3122047432591287,1
6,64.79002624091989,29.739682294003757,4.937945148207275,0.8585133077748355,1
39,51.46433715297394,23.191817259100937,3.518341436743772,0.047573017636354464,0
32,62.63819085679341,32.87758060772033,5.109070583050415,0.3479967520236924,1
20,62.41076078803295,32.49284845502113,4.244048611354608,0.3948163368618015,1
1,58.12925730077279,31.0276349910823,2.3804949167542384,0.618834263483692,1
17,68.3240053859056,35.3762065348066,4.9191162782764595,0.7889648484796405,1
46,57.716392073423606,30.151893382064795,5.517684193888033,0.7276651376649738,1
32,62.31541068813806,35.55688044494628,6.177705478131916,0.7526221032916196,1
36,71.46471877487903,37.03605510739198,6.756854739962141,0.19238701630345245,1
33,67.90686210025841,32.911564427622416,5.65093567738651,0.9117372737452815,1
19,67.86017290814209,26.260331890610313,5.933567408605594,0.41414867946100986,1
34,48.508203977832196,29.346071407487795,3.7154345499219334,0.01110903095068827,0
49,65.24792575501321,36.19428017029187,6.6218258015462546,0.6680961820848625,1
17,51.21501209030495,22.511860669652464,6.267360181571551,0.604002799044515,1
45,47.18585020221974,28.040231659106958,4.632884515033477,0.12595763508917934,0
23,59.28293653715031,28.28517581776628,5.681660125287843,0.9598676054093389,1
7,50.9570481334841,25.67394699823133,5.58106818344861,0.561564430812715,1
29,67.90617718839977,34.364394749593934,6.470213510550394,0.46926398630898625,1
43,68.14535459695324,31.884075355203883,4.848892227840116,0.3981222220374079,1
9,40.97373763568558,26.44470821699754,4.253767362299988,0.20985137839361645,0
22,51.7169746042311,33.02756460117919,4.510001630338656,0.9528128092119522,1
48,45.40213328082001,29.20791882665891,5.896795983363868,0.7021586390756697,1
10,55.37370723407109,25.549027133888288,3.0801295898576657,0.5676037489252672,1
1,64.55175669868824,26.435407948785663,2.002926560756497,0.631200201796739,1
25,57.577119018216116,32.1802553738797,5.8942490069679785,0.8404204584522627,1
35,54.10240759332865,34.69504939260919,5.2748054641553,0.6357202809814763,1
32,73.0017652681314,27.56615883522607,5.018463336303178,0.11459072897137368,1
46,36.95142827403711,32.72220666834506,3.6944533720115436,0.6972951588249187,1
12,72.36871893518224,37.90877078788741,3.290110235404712,0.5648693758927693,1
39,54.557117068445145,23.705647218148734,4.365470916501814,0.9663441076623722,1
24,59.218909898872106,31.77834936419312,5.3616950993696815,0.733719214672824,1
3,54.72636662279891,34.15327845647704,4.414244287232795,0.34400291598026156,1
41,75.42888105539119,29.524250917005848,5.900100200242022,0.13539785140777605,1
18,47.6902150319474,36.191416054278235,4.045940657979708,0.4822805924694089,1
17,60.11736369721936,40.99418519130642,4.480654926840416,0.6793542808117828,1
36,65.27438651859997,31.716776741931515,5.703201054684369,0.17727551790692397,1
29,43.88997232114832,28.832051338610004,4.623084983515434,0.6494442742885165,1
18,50.80101829553846,34.88491403830978,4.6726500396774036,0.8256117580129059,1
22,58.51821466501771,34.210344301889506,4.356511546351188,0.15705017838458435,1
15,51.13334965315625,17.405845225409077,4.171059259197152,0.7057857036076843,0
0,51.844082287808504,29.986322219544434,5.35417735389621,0.06825763359981485,1
11,56.50137336923562,28.02700266630443,5.483706294644625,0.0079500828867336,1
23,66.49581331646174,31.983528457569584,5.227148437551283,0.032634686328065654,1
33,56.57282223121855,29.031708598531047,4.3838163944465585,0.6315045776431909,1
7,70.78426194472947,29.574119538644993,4.798508100086627,0.9733620526841875,1
17,50.022422173406454,25.683936202694593,6.595934783421177,0.7713722521397526,1
47,47.48077739526548,33.672646092122434,3.578916622900433,0.25440926004049735,1
4,79.26345405721133,38.27521110734366,6.885891280428639,0.07168868650084803,1
25,53.42041872334489,25.761640253924824,5.099719846117547,0.616654128992981,1
29,46.8908799292784,23.014724884265135,4.819873610023496,0.003228885152251171,0
12,42.5794605822817,30.10001609913732,5.953378338801677,0.7925856242720477,1
18,70.75103453808939,29.85672169482368,2.932733930941632,0.2431205257589223,1
28,56.586954853399405,35.8546639306018,6.380319574579751,0.2992170759749174,1
2,57.462902649336016,23.85402523810734,6.857725828948381,0.3439789870734865,1
25,58.4079828841336,27.31022412487951,6.087972867459099,0.7635529417182868,1
39,70.1294288466978,19.261483803665733,2.897714631089283,0.26574187155070905,1
11,58.204701660240794,36.874918181059115,5.764167797800482,0.28447089388705105,1
1,83.44053778832625,31.25272314161682,6.645998558018683,0.5409919381536803,1
10,61.337605740542294,27.682835430096016,6.542748787735755,0.4630005286291653,1
43,70.61784766958321,23.38864260704412,3.5919107527736065,0.9555696888343763,1
27,68.05239857904407,23.847619709113744,6.016356831603006,0.26339658208067274,1
17,59.63552679741962,32.07133449895696,6.7955704027791475,0.0918912432705088,1
12,54.13029013979536,24.46287477199645,5.029465718646019,0.5409814745892215,1
36,63.31963928566554,30.520027115742845,3.5472987772102798,0.18451957867238145,1
21,65.10098731207273,40.214724305675155,5.828652592724934,0.41362670027589166,1
11,54.27413951873473,28.262061885275898,6.05385796865175,0.18719794356532726,1
1,61.66338865950656,25.192777780128104,4.860791835674098,0.8809698887250749,1
36,72.36204978259596,31.910036027263814,3.809276544136176,0.32744963231900337,1
6,80.69947739069679,23.871041296091363,5.981872084036164,0.7748675053417479,1
25,68.54369320349421,38.59992265164702,4.231191134378242,0.9486033931142315,1
25,78.62759686380282,37.01809834264168,5.397346726538871,0.9405505801770913,1
23,53.70625788793544,29.17914190523178,6.558166355012946,0.5248010966499814,1
11,67.01882252059293,25.5135340928789,3.3412019030479803,0.983255106379999,1
15,73.38519508581273,27.871150636123197,5.907763997969253,0.6559372183764403,1
22,51.03666667028004,28.521671939572858,4.793417969680199,0.12848893670119643,0
39,55.14409887954991,31.917835658535324,4.819346716015425,0.8883769430582374,1
8,77.3790476183525,35.19816164650558,5.514316434532827,0.4686892417535773,1
31,50.2490114421306,24.817436846207052,4.228615968585843,0.152694287793934,0
14,46.58869967344289,35.05454782671372,3.824980863071357,0.7914217554092727,1
36,75.27981573639511,33.08842806405649,3.215805227969322,0.6244030075776045,1
12,71.96763224980438,27.461052545966968,6.231762709419215,0.8821209716107036,1
4,64.32120243983769,24.56644052161495,4.628327814891036,0.827322463323143,1
10,59.542892453541725,30.58116358646284,5.569940412357366,0.3201104261560984,1
9,55.61475494395018,24.70205758148958,4.514967925118345,0.256314564999371,1
12,62.81948873809051,35.11840424581303,3.838239496625044,0.7338285482294945,1
40,75.7980695740155,24.380586139338977,5.652312609939139,0.5733128644466514,1
45,62.38566126142076,32.73853096581572,5.327962573724822,0.06987481018313213,1
49,81.66959267246966,29.59691817592459,4.763100846012574,0.18163779929545654,1
14,51.0205801435977,27.196875578123993,5.301896063441468,0.1513534468103217,0
41,59.803192456717305,29.485842468403547,4.039515443755997,0.5897968828579987,1
6,56.269413323360844,35.399915848171005,6.060599774555311,0.08576226316755398,1
39,49.14858456837667,24.038712955031052,6.292394638534475,0.20770093689182256,0
27,58.46916266990345,27.939217224040917,5.759304571336921,0.545376495813608,1
31,64.17329301660439,26.24128217656406,4.62801424090633,0.13305680990918267,1
34,65.2423017995203,29.806914332256426,5.059346794683409,0.24827181579607915,1
14,81.70452178944556,26.576595537436727,6.568836448134763,0.9067910338329511,1
47,64.6446746972356,21.15959378806693,6.281166217611178,0.6971175184723853,1
35,71.50136803679617,24.724312265338188,6.993869090508725,0.3068814279732409,1
20,60.66094246298976,38.18877509269056,4.219481146686826,0.877355122354281,1
5,76.78055600452595,31.233641056431363,4.129787716012867,0.25028480826996446,1
0,83.98449285588069,31.061810269040386,5.134370287582109,0.5890827103145968,1
3,65.3108513097595,28.58693804995681,5.4068957572963,0.368494337644248,1
10,50.073409845484186,29.741872879454153,4.857710834940438,0.7521494093589222,1
43,54.51194977222832,27.8509403858431,4.610315572164594,0.37158735593793457,1
25,62.81934303205162,32.634642655205326,6.267395182829129,0.2488616726725884,1
36,64.56498035250645,30.504044271296866,4.90926790945286,0.6077046074677102,1
22,66.98425134384372,24.143658949206923,3.784788582081676,0.7453404417167676,1
28,64.6019768123004,31.268622515520963,3.9003109130644753,0.5363636881854472,1
20,60.069849162559386,17.706290383642248,5.247064325133501,0.7162882856899612,1
47,53.638015587978714,32.06929599838893,8.002652484911687,0.4220162053645726,1
44,64.0113826126423,22.953215715817393,4.024056256254822,0.7954461450599076,1
44,78.54987357480657,29.51972456914962,4.68512593132694,0.5850246795445461,1
48,70.19928605427755,24.026861984019057,7.40480477526604,0.19624998478466726,1
26,65.34703949636199,30.014115997665485,4.515719270161531,0.8907517031004873,1
38,70.2956692382275,32.89139259638111,5.455460841271405,0.8368239579294403,1
39,56.28935971099148,37.514135426247904,6.875910722591231,0.963912209172821,1
12,54.917348539166795,22.29321172494261,4.048521319096178,0.5690085163706873,1
22,52.52214895634018,34.87736477835568,4.690739777978439,0.6757409840972446,1
15,58.747133772305624,30.65576352688736,4.515634066365459,0.8635792362293124,1
29,55.7799410329092,27.746664235876878,3.4821046370328084,0.05259133209316691,0
3,72.08274740652139,33.7992825252973,6.569365945688626,0.9122046333888896,1
39,55.24676582317811,28.820375744573965,4.414595661530134,0.27116342089129075,1
15,51.972782837750835,33.58765258200339,4.123754324178108,0.05704368169161056,1
30,79.42577178830632,25.038651434360027,4.555566111929578,0.23760698684075587,1
41,55.48624768918656,26.83501483851854,5.928831405154106,0.5863599633716104,1
24,61.53528457250351,34.718000263972996,5.1128935370078805,0.04784699874170739,1
43,64.51322824743411,37.42700261785211,4.208333694569636,0.0007647663224981116,1
11,48.63306881079185,29.824840504235752,5.409149844915053,0.6393626731324085,1
25,72.3548376950307,16.0635553732211,5.8125946977485725,0.45338734743770115,1
36,66.37119040411227,29.004753586957726,4.976235412097243,0.8443302510152692,1
47,75.58384011880781,30.16213058911215,4.76523907113434,0.25754728685861605,1
32,53.207780627819,28.83613311653414,6.015875938382219,0.28070760432514863,1
27,60.9912579247616,31.681692808327654,4.820814753486559,0.07754640390916656,1
8,60.39355754994195,27.61545036201339,6.608191506290023,0.5385116799279422,1
11,62.638884943500216,34.194354303390135,4.242365127909688,0.3659043898937737,1
4,45.45385251422839,24.16643363634479,4.219086534239208,0.33970784848572566,0
27,61.108363786922226,36.18424353677071,4.096203219915655,0.4576326742181135,1
34,45.735360885762546,37.75039411980546,4.761153543310018,0.8496873767887041,1
4,63.583340711969214,25.43470130969846,5.002504061366318,0.10518859586562934,1
33,38.713508754814804,25.432000871984688,3.674364090427186,0.5235936275201628,0
45,41.48413165709414,32.05347656888764,5.096757267914185,0.1964350036947835,0
33,68.18548716439999,24.063897951285554,5.565354187285956,0.21239119735624956,1
12,54.53161544805217,27.5369856444884,3.5345084452069706,0.256735212038933,1
38,50.121419263677595,35.512634782280074,4.478828573619114,0.45940169272706144,1
41,72.70845621075549,33.68803382238482,5.56748572856898,0.49440004930745585,1
44,63.27626217328415,39.900981708447944,3.9105807341240792,0.8715112616315541,1
47,68.72090195533784,30.85392073800104,4.684021478086537,0.8921121406377666,1
13,58.33757927679169,26.94580998860907,6.088183568933797,0.5866642030440817,1
10,86.79628693900003,30.256217558265103,6.795182763126018,0.2814041556538661,1
41,53.95486139440205,29.247058302956827,5.439915211249128,0.8184369909095696,1
37,77.44495549359888,29.317214453984324,4.8307467141723865,0.792881993536481,1
3,59.38633959900087,29.880981459521337,4.498601979364272,0.7979534326999699,1
32,43.45489605087254,25.341166455768818,5.910754098771547,0.016367583502369443,0
6,64.82848745748109,31.411088774853216,6.133406399115669,0.7538638580067997,1
40,63.147625614551636,22.956683661207045,3.8435642028823516,0.8527194571309146,1
7,49.4867818576077,26.41586696045943,5.910426815943932,0.6050329383099669,1
36,50.777807228652854,29.405606184300915,4.392953698273779,0.7512441979382037,1
9,59.75302356915008,18.702233436722043,4.140444226047757,0.7761702068289195,1
42,63.497478152479815,33.84495768172459,4.846355796449572,0.506583405717689,1
14,35.29336717120599,19.734227450762475,5.991613242562365,0.8136207162153188,0
37,70.53121452523803,33.347938454490894,5.309405324839672,0.7922909735010759,1
14,55.055020261850224,23.53595355035919,5.282331664790816,0.9161043569633351,1
4,46.68252515601824,27.975406546482503,5.352441653999681,0.9213736321187017,1
28,69.41066551451931,32.59565323474715,5.467658018690361,0.5297145830119809,1
18,59.763820205815435,40.990697597397414,4.885848782473535,0.03149384007553757,1
9,72.16165776782255,30.582259888536747,5.631888765391986,0.01910690644874735,1
11,64.37952262979755,20.08686835900246,4.340317804024965,0.9389267016062286,1
3,59.98485497051954,34.76847566317887,5.6510076509455285,0.3373610858950793,1
30,58.47270055019844,28.84040797570491,5.856985347833989,0.3775332030583438,1
17,64.82712760556137,30.349533272294117,5.699136594566979,0.46990802940201537,1
15,55.8646874119067,32.789315149438075,5.751028831694098,0.26579899720120403,1
39,51.47427411253501,18.873110215471428,5.464865640230145,0.590414194811714,1
35,66.09909122654643,30.03268423867598,6.173442915342614,0.7846203915962507,1
24,58.5551215855557,27.951530550236523,2.728386216021338,0.25734163704079416,1
22,60.33567648069006,36.109174530027595,5.853745957565161,0.7430612577708977,1
11,70.89379836154608,33.63556881669371,6.975457527157876,0.6720191432585503,1
33,58.86123392264259,21.864990386092263,4.378104525041142,0.5255834628056628,1
35,60.150339255417904,36.31312926174524,4.266270141637496,0.3254420970460341,1
36,54.003504885490685,32.24762544080106,6.286319012973803,0.8727744596449202,1
2,64.3073993398185,22.26379201273391,4.073260660520718,0.40279607171202625,1
8,63.49827912680088,30.278765517463864,4.333275687424548,0.37466306822422635,1
17,69.00775131790559,35.17413056927928,5.169948519697797,0.6413708514377688,1
42,54.20871162993124,23.929780637133028,4.201048789846939,0.9203316576991686,1
34,55.421830304098144,36.88788667922709,5.875024501993559,0.5080179187207041,1
33,67.92137399145469,22.436856129362372,4.20919787774282,0.7226906635544305,1
40,62.522130033628635,26.04386411676508,5.36063334770668,0.4568830248960084,1
13,50.937818738073055,25.28564582305154,5.284482462996506,0.21880765100683752,0
3,73.06554067734501,36.88466865794331,6.66388807240847,0.12395232625838204,1
28,43.015494315997486,27.544919317254017,6.165301866295728,0.13632643649937914,0
40,67.84284753263752,24.18591498669501,4.470472458546347,0.021325715860515793,1
44,47.347879640018036,32.22605439457031,3.735507593527754,0.5529022770881102,1
49,78.85788516485528,33.305904952963594,5.837968841977436,0.13110597937400448,1
14,44.554002730943765,33.33768047397066,4.346609165246673,0.8656983409410942,1
27,71.52250651872748,28.64330417386995,4.664323262096248,0.9828975246680121,1
41,59.18365639988756,31.27267150518474,3.940172309936364,0.4958687267810753,1
15,56.33397430161256,26.74883456885357,5.679011930786833,0.44967394595013277,1
11,61.85396656467761,38.37400838967865,4.353506883562492,0.3480724754071729,1
4,66.31900339157814,35.721025793289655,4.964958311697211,0.6380269455093531,1
33,50.9559949766913,35.41478414520338,4.980496934107534,0.608027092014717,1
41,51.84212274831428,33.97057967286773,5.183560619913911,0.34338212092725406,1
0,66.49604865112886,32.598666529975006,5.661638501719648,0.3431666517365032,1
38,42.926570463504,23.77818757925106,4.757179628105779,0.6448038333165996,0
31,54.15770906807914,33.166506181278244,4.258572418113458,0.5545461822303767,1
25,90.4068695415944,30.5713261503166,3.1404553662445536,0.7185554277383682,1
16,50.319870354107195,36.316820424754596,5.10262962936767,0.9413923495041605,1
47,71.47802791759753,34.03709591191214,4.843000959381971,0.7795915609996673,1
26,54.14049231286188,32.75190235076511,4.289527169879007,0.30434570803370775,1
23,65.09045144797145,21.57887601234922,5.062552462152536,0.7591224338506772,1
34,66.54355690596218,29.554997316957646,5.855982672614886,0.45002452731221254,1
45,71.28956735182948,27.21053870048172,6.1118880849471795,0.7776563906876931,1
41,57.99746173187224,31.261829620915368,3.4648625815756087,0.8865712705504752,1
38,79.88884638754854,27.92225864278678,4.639138698984665,0.24993934912990223,1
25,54.1066343541482,28.62027111953347,5.961025212398427,0.23864501152995654,1
48,62.3422041359956,32.29516952453352,6.596041034523024,0.43262490827414535,1
37,62.452769322176074,27.83930943215612,4.182736346841582,0.05153387364801676,1
22,48.780318800505846,30.607957697870063,6.378322929232578,0.6856859392769067,1
21,57.1412774502088,22.402940545628468,3.6499037177653815,0.749701079573361,1
3,61.61513499238407,25.837992616199706,6.148284563119945,0.34543000530189094,1
48,55.6787895687058,33.2802178360148,4.718243667794658,0.46528525309672586,1
8,84.40923965456534,23.849039416517627,6.56282326564375,0.5903565871252286,1
3,51.61376326400469,36.22862538801498,4.535968783744706,0.07359784601550046,1
6,71.79424468140428,34.871996776506606,4.690109273239661,0.7112975338654591,1
22,68.56459813148787,28.658850323301067,4.866607370796152,0.526701670749045,1
1,59.861378654957285,44.99367052751232,3.4629498452771066,0.6242622822227224,1
48,51.34790946147753,36.21551788924147,3.23752732924134,0.7238305808508831,1
23,52.3174467960823,25.253602466471325,5.510154193040711,0.6755587407731556,1
39,54.820327007834905,33.73087026850024,5.988462347353357,0.0953215886856319,1
30,42.14258718053737,30.329315331598785,5.607577502841103,0.7825920761157946,1
46,49.965345742007095,26.116439545702946,3.7460243858214772,0.6100465818337363,1
30,45.17523484636357,24.650454284168955,5.480188745072042,0.7148808420070504,1
46,73.45875003177717,34.9744666744419,4.0097960262962955,0.26150172501208835,1
39,66.18462392388219,27.01027267687933,5.407652708223665,0.22142721918425756,1
47,67.85974098865461,29.49061822481474,6.131299145202437,0.8260922778607862,1
42,65.88831951541948,25.394870358867358,5.367466853335019,0.39038918490286023,1
33,61.66967623334163,26.259210313507047,6.468533902241932,0.5753467224050782,1
23,74.60680332129137,29.36535399964264,4.850012528647255,0.5515954723662168,1
48,53.892373442682626,31.940911463620758,4.783350678695635,0.5851668224530189,1
25,61.06669655367045,17.058204182242758,5.067351297780781,0.06950642746649416,0
15,67.47058827824124,30.08459899583375,3.6573589162012583,0.30247364561658563,1
46,46.78790768143871,26.26939493707482,4.597048924382882,0.06648053948641763,0
12,90.96588896142549,37.01181326725113,4.684866830259935,0.4801609752686542,1
14,60.28565762777586,44.71376323002718,4.716000056713119,0.902098680406989,1
26,61.41989450575593,28.203604825231423,5.2682911671634125,0.38917618331427906,1
3,72.56878031674921,21.388857196434028,3.519670880176709,0.7824497539306405,1
15,69.14955333010224,30.584384849592833,3.8543860161394994,0.28724635893503014,1
29,60.38078019396459,28.972853352533974,6.1320695966384715,0.8562657720368057,1
43,61.30129438098042,39.85675324500645,2.9927517759361906,0.4195031088744642,1
29,44.95851469052021,38.332946716877714,5.616371068872844,0.35521741565089715,1
35,54.435342221500235,34.326874852982826,4.626440319202317,0.6974796045377959,1
2,65.1721021615896,27.066529593936707,5.160122481663452,0.5127572822557825,1
21,64.43892839042887,33.388832830904015,6.558098785333939,0.3373200447351823,1
48,72.21165750004087,31.32503179534152,4.868817214134677,0.05809222947747661,1
21,58.79498941776676,31.206616016496955,5.625388005505769,0.16663932381659985,1
49,46.12713486569134,22.208850757160647,5.058566967681916,0.7723237171265864,1
49,70.56730430775679,35.30897669226823,4.890623830246695,0.9207317075620071,1
48,74.36089346182015,30.539041641556175,4.766824702159637,0.16883828477532792,1
11,68.9824457285623,29.495793262277125,5.701058348506226,0.5694412215082058,1
20,58.363663291425084,26.999217524955863,4.268398133878659,0.03417369393925351,0
3,70.44386051876579,26.031917501733112,3.8679768114487367,0.29084345724977867,1
30,94.28910478008214,31.58629290639491,5.074474973431087,0.44878795902045154,1
43,61.151523144404756,21.25418599070959,5.192784003588495,0.7358778672988096,1
30,46.88263307754875,33.947493798250214,3.17584183460104,0.04410785346981849,0
22,54.13714950447848,24.729472815021573,4.989512571389336,0.7812306510028161,1
19,66.2547600030405,19.706596568973538,3.7731230787854892,0.20264776430531906,1
14,43.95195689101937,39.109476579630105,5.6268431074478205,0.7595317710449209,1
22,61.69403074912069,25.709564753272108,3.196315144103367,0.6254708117859797,1
27,63.80336650315883,26.38920419239152,6.925075829863089,0.33957583692430227,1
15,75.35121739812652,35.672691655040374,4.661801583364173,0.723751480791174,1
36,73.10194856054301,39.272154502583206,4.135038051512687,0.23632258381392257,1
20,68.64584791751771,22.33499210698285,4.717027539631807,0.21972795901587916,1
14,38.3732098948547,25.21915969874665,5.556270858633892,0.06174475817451586,0
16,69.21053128047924,25.586605889197017,5.890470089234937,0.3930771738241009,1
49,67.05513386060247,34.674008313478275,4.725688689975163,0.0977066311026823,1
36,62.55944377078347,38.19566063964767,3.56130958518781,0.41950090535964557,1
12,42.697778738545146,24.598737192109606,3.787702866377819,0.009803576077060727,0
18,52.2322609081294,37.0737266898411,5.286387698740745,0.15508334715777772,1
29,48.33177230465934,26.45482944235649,5.987327129510452,0.9323719406921996,1
44,39.849915604929095,31.68061451472786,6.117475251584119,0.7955618161704119,1
17,59.97084848585205,23.64273150286091,5.168092575410782,0.23616359073554494,1
13,52.0217787855722,29.39034793209001,5.967299566181423,0.7182920070713487,1
35,86.25305580268912,29.44443642963642,6.912349217592001,0.6684817910754367,1
35,58.312280605620906,28.424208468423632,6.190347712736292,0.17692561404380525,1
19,72.9375315586596,31.924854906598487,5.922037901404371,0.37105852701074926,1
18,44.309009753067755,24.964845675737372,4.193442816907716,0.9137057425616368,1
44,54.6991041399513,25.58138350906579,5.962619620428003,0.7387178832056503,1
43,60.96897876034315,32.18936072474678,5.461232477888747,0.7603491963064923,1
6,50.91846051392329,36.710176654878644,5.650645628367139,0.563886033734629,1
43,55.77799315195256,29.885931529760384,6.261106278944512,0.665539798735106,1
3,57.820490937564614,32.518353867310864,5.358557848368191,0.5087384762683055,1
33,57.66092014555105,33.7904000514867,4.897453669338537,0.7408938033362336,1
1,78.55118573035347,34.15252594316746,3.93013419233908,0.7327276454216958,1
4,63.7822628543151,25.23237637081681,4.703483682354675,0.03108318757224693,1
9,64.79510562941303,26.11494884897548,5.212852267162684,0.6317743926397636,1
31,65.39654774345071,26.549627030282327,5.277619340182529,0.6298136637241806,1
41,66.12626377337112,39.643169004469826,5.243876298670324,0.0673199655996316,1
40,59.17113016125135,32.54096469585952,5.959509859761044,0.41038126517364293,1
12,56.79253628521154,32.31657860192509,5.865364700217121,0.8987891236123298,1
38,61.668160595182776,31.831178765918693,4.937911758543403,0.9534388247033142,1
4,71.56803948913472,23.396032981902504,4.152737892544052,0.7822109477132184,1
9,71.26238188436383,39.690952353885194,5.383357936777572,0.15147118897085,1
9,57.596015243115886,32.3959376539348,7.246337547615455,0.3747199567880547,1
37,67.67843694668112,33.61580056327476,5.321242775279044,0.18255334921708932,1
26,58.05415336960332,21.17239355542099,4.70407604762678,0.6521361361606152,1
20,60.33870549435244,33.89821926180759,5.53583615246716,0.773144451312675,1
7,55.264766184458026,28.218937749361867,5.595736258761273,0.8837657186246018,1
0,58.18354861093766,23.386085126368812,5.584650600405776,0.8606484754683704,1
27,73.4133006954968,25.231181670641014,6.372880195045701,0.09920992766091086,1
48,60.92421147339236,23.675528957733167,5.386092956953471,0.12567400697904285,1
38,61.35282508552318,23.591079024426946,6.325412235410348,0.9096718129420688,1
13,45.527822207420414,30.30273910182105,5.23023411373751,0.8437844319179327,1
20,56.907560923672705,28.066186056341746,6.512498267508874,0.46037816504943985,1
29,57.58685096255272,31.670346810806937,6.206735195739604,0.4300520917771532,1
20,51.70856514556595,38.37987935534002,5.9217994115529,0.5527996748831201,1
48,60.21665411703564,29.352481431863314,5.7891857357629,0.596635849881623,1
8,55.70817709772346,18.775553530207866,7.301517677070418,0.25421656043430474,1
16,60.79995855243582,28.790208942260918,6.076617588666432,0.40374176347725244,1
4,61.215030098189345,35.96697218198936,4.150682995375488,0.6196929641389178,1
30,50.44245642177356,29.57030263751585,5.245900551468321,0.2062673860691122,1
39,56.012982175168105,37.64665326845851,4.735283231772738,0.9988332376332111,1
37,60.77374282760834,32.26470796568909,7.0644763167979505,0.2829394522920373,1
42,71.84299431156725,20.808651328013056,6.251437559595457,0.5524152780219997,1
18,62.56719172795741,30.547911252191792,7.031951024621085,0.554159593732457,1
35,53.380648200825725,31.485006471323643,4.240005471765217,0.4514852283891039,1
49,63.99004759243852,35.401779006368216,6.101674678549963,0.24154345667714427,1
32,77.07548889321761,39.09818285805784,3.635471016963968,0.5653530723355195,1
12,69.16706472589019,34.5386275985435,3.4078676658620175,0.09101441535011068,1
13,65.4752653043562,32.20239898693609,4.603043867525906,0.38692611333553373,1
32,67.25590175482321,33.38094135789173,6.512375137495705,0.2242521950160038,1
28,74.3995404142863,29.159965967752164,4.007384959046088,0.12417777396894636,1
42,70.7562679401766,22.685610815962853,4.983188153176757,0.9254829308811575,1
48,65.66760381117658,30.207480431114302,6.188842868205886,0.6999429149432733,1
35,70.68642219590085,31.82645163729453,5.846413161159303,0.16882888234113325,1
43,49.183489037359394,23.981711870440385,7.216186578712859,0.9493958605995163,1
9,44.97734747659719,36.63310819749971,5.0033719922098605,0.2159921081477576,1
30,61.5709865064383,35.02705507741216,4.5583704553693325,0.23561326379723857,1
5,60.68680709650538,23.141192923560652,3.9055189189210227,0.1332703755450615,0
0,54.560899464867425,36.829161443949374,4.6320000598826,0.7278531354314829,1
6,68.2585266982771,28.458428153950763,3.8964010408140957,0.5708754326348959,1
26,41.37136413548764,26.10754217440826,3.2035547200903856,0.05825113241487068,0
20,54.652277439421965,35.39638846373263,6.963392581342088,0.02529994941496294,1
27,55.15044455122385,29.74472793619971,5.048906799275392,0.5326594877757307,1
15,43.636982149005405,39.49592660418435,7.5914668712291276,0.6515311919226869,1
45,74.94731007269304,25.735559780566245,4.160711563327516,0.8228736165158667,1
22,46.40798731336677,21.341712380136727,4.57119139129599,0.47827292415553935,0
19,54.116599426923145,28.597808594169294,4.224630988242895,0.6765304787590571,1
37,69.07979757805134,33.946112495302366,4.359243935007235,0.733655660957089,1
24,66.46045343428732,25.364285072322282,5.8736037442094435,0.6130526929781059,1
27,48.91825303515253,23.349498086000605,5.566323966264375,0.3522162523674264,0
4,66.82489209260636,31.14463701351377,5.875409425417762,0.1318954830276431,1
20,62.89784478658222,22.681563949162417,6.34227159215194,0.6475385445295018,1
17,83.33035562111468,31.533463498067068,6.107355044167483,0.7686963318123997,1
46,64.03940416068305,28.296884743859113,3.991510255558013,0.18982711865396174,1
5,58.58758178931468,32.472332441761864,4.4761814363309735,0.4948667190814813,1
28,51.43498042880577,23.08085598037699,5.121482810071638,0.39724538478695437,1
18,52.55756633044429,36.49081575721952,8.727833344763187,0.2057030755253163,1
32,51.74230904531842,29.08482757503155,5.772400142131375,0.24531314986183683,1
0,73.71098813911922,33.817613339524115,5.10668880840679,0.23767414832767608,1
44,60.17969915016471,34.79937730642445,5.673274721745751,0.4189309544933649,1
2,65.6524712397473,24.21277523817022,4.396885945589145,0.390461918331774,1
41,75.14247599980887,34.411287548040384,5.262425511002305,0.5541787322267724,1
20,36.415358577925346,22.87466612427837,5.954662184810073,0.09321068986263581,0
34,72.78873764700376,23.149311286200536,4.971004315458659,0.5812503359042619,1
40,60.55396911783334,39.81999617994217,4.243446745952812,0.021846088289812382,1
39,64.35048371640444,35.559266843983124,4.922125947320308,0.25737512834032095,1
2,51.71596778251749,40.36832087716878,4.680423391403816,0.502138013979457,1
24,52.44875601551482,28.148929846960446,3.6428725803291027,0.6869363033846573,1
44,64.88845889812988,30.51214332039004,4.428447839807392,0.7712656236145972,1
37,83.8459780033147,32.636773733761814,3.6071872136695555,0.035561316266380594,1
44,70.03313312814902,29.93902216703053,3.7632051095039754,0.537486887966994,1
19,72.6552292141854,26.26931989652048,3.85905551213353,0.35443659252262427,1
43,58.0799872973858,25.519576510599755,5.953451298225862,0.6949089202882615,1
44,53.99795775414372,31.069311164144747,6.489165063359501,0.28377976211163414,1
33,52.19195048421007,24.665700791688476,3.463920322961773,0.7437236296274504,1
20,55.11726275303312,24.52568253816574,6.58018366627449,0.6022369078366592,1
47,39.472175668294746,31.967860055772963,3.873405827039454,0.7896723837176005,1
22,52.750806571083984,29.524203242571925,5.746880093972358,0.984393958071329,1
5,54.396468439401566,34.68603135290843,5.258558570766305,0.9085859771641669,1
12,58.24641825605159,27.87544294958579,5.635851544712853,0.5932901948462174,1
48,61.31750109747292,27.093720250122324,3.8342569471890378,0.8937621774079746,1
22,63.62450868625611,32.11776698017736,3.1876427173278943,0.15308981285480427,1
8,59.8507462755704,25.939875627230865,4.197091589867429,0.04303515692194859,0
16,54.18556913657243,26.709361372216573,5.4268686499606575,0.5331332499036143,1
1,40.36641356734479,26.907728048102925,6.95690417548586,0.9743697761388606,1
18,54.24691391598206,28.951489468522237,3.9702764023139205,0.7097364474419073,1
18,50.27549362312995,38.86218271647951,4.901162513351689,0.3051424035836312,1
6,64.66066748278604,23.116055875214215,4.250920801490381,0.66877135280711,1
41,69.09287396693693,36.477537910587294,4.982773817223656,0.03990771310470165,1
41,69.3857106705994,33.688933781449585,3.069214638970338,0.4706196206604849,1
19,67.5695273612782,37.83489423684996,6.498043335389902,0.23725568341332903,1
8,58.664742645475116,45.68343024161136,5.024036078286306,0.049198151562231174,1
16,54.78044434524104,37.157265103939274,5.917165663986085,0.24991038070618543,1
26,52.52897246332934,34.628334739539305,4.767797976630892,0.7224604313277683,1
46,44.9250108339825,23.437518241874912,5.190628076126943,0.5511887822667607,0
1,69.91853700507858,24.068888692444787,6.128872492646747,0.02343489828745504,1
35,58.25288962070026,31.800950921826107,5.131716823094225,0.4097377531539961,1
18,47.53659706379126,21.509619260402175,5.167706324115455,0.7521711045335918,1
16,51.73508624289765,33.0771962564561,4.206058957374501,0.9546046935633513,1
4,51.33026543567448,19.325390546194942,4.4655764383209,0.8743575708590344,1
38,60.43024485015127,35.761166927823076,3.9871843621590646,0.0015197512299724991,1
17,70.67467851070685,28.391498440332008,4.261982411520335,0.21870199702682036,1
6,56.52010450404417,30.632984727350944,6.251229110464167,0.20773688424188563,1
16,37.47466485216351,26.25813851789759,6.808609310007139,0.4130946300277425,0
38,58.1081966484108,20.507367948887136,3.752725115370609,0.6457545645423408,1
35,58.438060999028046,36.173476395971306,5.3951717850367755,0.1530690608812627,1
39,57.75079769064478,36.67850697477357,4.682308609799556,0.9156786940054562,1
44,53.72538833524298,28.24256117398151,6.396968566715763,0.7771169148214385,1
3,62.174390807258426,33.30964782367004,5.134860218177919,0.4193319373276432,1
37,60.661411151490015,28.045542898947982,4.992524295259131,0.583993476274192,1
24,59.75169685873353,31.44244922133123,4.255230687840264,0.5418020052824397,1
4,64.12641361442965,33.79569599460055,3.4682199609075854,0.582230055677077,1
29,55.701671768521464,32.775424622869366,5.760938482749488,0.8601152537495684,1
11,55.134143302993465,36.704848067046726,5.352978574751444,0.20011963945067335,1
3,73.801232895854,32.59440337852668,5.37744414052043,0.6837139686758529,1
23,65.59355409715437,30.140423085192978,4.400672897341402,0.10703280013748617,1
28,68.269460609428,26.192905160612888,4.854231554489962,0.4591639747890438,1
8,72.26104585334069,27.607473098380396,5.791070986113583,0.6358388689485049,1
3,65.259441806248,34.05025698362508,5.9821126297311125,0.012501661146784304,1
23,69.28388679136171,22.490867405429405,3.8215283840814696,0.1080662640073431,1
13,44.206548379297395,35.529036517063986,4.366651929498603,0.0912667694247723,1
4,62.04153871996027,28.594281369927334,3.6101165779278572,0.37469260760114476,1
17,58.17281538185672,25.90697047796055,5.201264412593365,0.6220089568784477,1
41,76.7768409089981,24.506379116092663,5.884338312103228,0.995965030465636,1
18,69.276455318033,33.371838928241935,4.721284482950581,0.25407888534171674,1
11,53.6955480920682,29.92679323098341,4.337143369000286,0.13595953149158946,1
17,63.72794158529206,37.9438261161491,4.664698146194708,0.4147626483876188,1
16,61.6768133344924,23.684621747370393,7.306313314976487,0.14597543266845636,1
29,64.54331433152228,27.109181884690685,6.191928099923548,0.024544542598428754,1
23,49.81157530625348,29.538894209362933,5.730997172729661,0.563959058988316,1
10,63.600164652382254,26.24071628015033,5.320067895582672,0.8795725132259077,1
34,57.71848650711766,30.030593320709016,4.987258535380952,0.8608501051206907,1
22,62.824497640556004,31.597503832077596,4.093367835904621,0.1007885728185749,1
16,52.756148348778304,32.4224211956487,3.938309575691968,0.14747691529788698,1
0,54.149368286034004,37.530835654422305,4.432089323486789,0.49112099315837365,1
14,71.73842020366703,23.482637856092097,4.046220120197966,0.36771652013844114,1
31,49.48452441659839,31.688801599676555,4.392187037980155,0.7030745427681897,1
8,50.222455989579515,26.76528590205917,4.898104373880423,0.4949410002119181,1
14,59.48418742784422,32.15006690011792,4.974698411437042,0.020118178687317134,1
27,52.28109624814046,32.15666093176524,4.379618724615526,0.2845641782794327,1
23,51.14971367737201,25.065403083838344,5.495209554640205,0.9014918706917953,1
34,61.05075971208295,25.494238286829564,4.810993627851617,0.5115088268743205,1
21,44.94934143096295,32.55821531734787,5.21469863117818,0.7979487517031589,1
26,49.92037765086362,30.117022553720652,4.255409615066426,0.4022960992769272,1
18,80.54095582923644,28.901890796341977,5.692872554510007,0.676963647846239,1
44,64.5947505896901,33.28993414887487,4.465153899748416,0.16900321723695932,1
11,52.53436647730089,33.65859237931066,6.608554236738656,0.7365332672216834,1
19,64.18215078266198,27.351849436491484,4.775008645908833,0.7865810464168156,1
0,65.67330476986629,25.7397343117875,4.905315938505476,0.09014025911594548,1
20,69.94414420090239,23.690405115811792,5.593588486342227,0.18331074305329353,1
48,58.7284397054327,30.167270601007424,5.811850193454986,0.4628892735895028,1
44,69.76497702772889,22.884198614257176,5.919593680191331,0.6374367364076315,1
0,39.615534751178274,30.49714229114517,6.77558803301397,0.6374913345748431,1
9,49.43691869524247,36.0841839571222,5.661885523404034,0.6682029805757095,1
46,61.638714017364556,28.23270114856858,4.933013511155284,0.7144152469996997,1
31,63.296335328077916,27.318978597299182,4.470354084598183,0.5057666377208738,1
38,50.88217712331358,39.989223868135724,4.866171716800322,0.5748554892513662,1
21,62.594199912631595,37.54850909593823,6.484016490428884,0.008406133808297467,1
17,53.7615975131274,26.17701064722293,3.6130336969776313,0.16660070534223625,0
47,57.230409057728345,30.695065905294875,4.180991883540906,0.49856404209491756,1
45,70.24773800665011,31.643391211740415,4.781013256466438,0.745593058070356,1
31,69.08937496888599,31.01830211363089,4.16768453045326,0.8089249000233989,1
26,50.029396726367374,39.07336723856394,4.591228015157852,0.7289436920805519,1
27,49.427485379798966,30.436149462097102,6.806234538346511,0.4864027232852096,1
17,55.88826604446684,31.186174378155084,4.7019069603700405,0.2812775478468673,1
38,59.73253698827075,33.44331147573208,5.4116485651629445,0.4447161602415107,1
48,53.42101511425259,35.94959858023834,3.3418031500042646,0.009294898090054682,1
28,70.40642442799668,34.684495971520526,3.8975627306815364,0.5979594561118253,1
17,63.47389841708555,32.69042393155819,5.932683609622001,0.07456690410996147,1
43,64.0608510987443,22.206500973030458,6.668028438544889,0.14539009487371213,1
7,47.334611710550284,27.55931137970787,5.221410597288524,0.6259766204522629,1
30,71.6729071738378,34.097106036026354,4.693983740610334,0.013348672345749324,1
33,31.798311777593092,31.25199348639653,5.4961616308888095,0.5735553332944306,0
6,68.34055451849369,34.13064316911476,2.4025654837812493,0.6383800873202798,1
35,69.34311737670771,39.43583030835624,5.229121343518043,0.7882750135168789,1
17,55.675988127220386,24.115183974703378,3.953889399892499,0.06803052796352238,0
37,72.72910217247424,35.68955087402292,5.794092982224042,0.0029316633965185135,1
8,59.36902447045654,28.348182687531846,2.8077010918190557,0.7668578939298571,1
8,60.62431703327443,34.67674909637366,4.371624024090719,0.2900538791991588,1
45,63.39528787404216,29.793896283159413,4.959024161892005,0.8872052215235805,1
7,91.86574911811056,40.63502269446498,4.238208817044046,0.18496859412476419,1
34,73.44433908083005,30.650434681308692,4.624515599811858,0.585505755348744,1
17,67.01131200712918,26.7974288782201,5.904434350676508,0.109409664354148,1
4,50.87195513398805,32.09937311395884,4.975503985482742,0.4026901484044082,1
13,61.43589825479492,31.61971390359135,4.069419195035425,0.8820643949689303,1
27,51.86875906153614,35.69048547055224,5.940400066007792,0.6083475084104389,1
29,68.22110847282813,32.24026399302463,5.250980869071163,0.6896170357664869,1
3,61.404669757348564,42.37532319584652,5.292487479584997,0.2259703304041497,1
38,48.754783203861045,29.442979322988638,4.107488974771896,0.922750920368031,1
19,60.81124583418503,29.50190025109763,2.4523933273379477,0.6234824403478229,1
24,51.505825302836946,26.980569749734727,4.093868766643627,0.10588548421982313,0
27,61.51216221337547,30.428341691770886,3.9921314219645168,0.015552247836587596,1
11,51.409226836347436,31.15529560541477,4.386703042819279,0.015922516513863116,0
1,60.27487633360813,31.40605264977939,4.1581443340076945,0.05121179221585359,1
42,67.50469861935095,30.335938377469997,5.112698509046966,0.911615862271614,1
13,59.46948008074894,26.950893916363505,5.880877471045703,0.3583787296697961,1
21,56.09111732827611,25.591674359588225,6.076161427352879,0.2982325275453267,1
30,62.032762210574624,28.12413137582222,5.837211858363628,0.4165457233451677,1
22,66.97182620792853,35.707688301175565,4.102375024188295,0.40957158019735407,1
47,48.9281673011824,36.7839984274574,5.058900793319839,0.2384932756895768,1
19,62.606561547052024,29.615177317797826,6.565165848170052,0.09182800958495085,1
37,73.175408190174,25.292085167662876,3.4152656670270902,0.10862659262540131,1
3,65.73656963276716,29.594131948416045,6.348230044425131,0.5991886982271626,1
14,60.57754146667228,40.458327176350394,4.003896663610321,0.3968350516397654,1
23,66.39737506698894,34.9948391765831,5.293765287584083,0.9024553879162182,1
24,64.52496456102682,32.75371345766274,5.412785116969029,0.4637367104876744,1
0,67.53601109159814,34.81342458526285,5.189913036569471,0.5034915757093484,1
6,39.760683890170554,37.70283305670657,7.228472894202579,0.9282449812962554,1
30,44.46543866336735,24.2356689922644,4.699168099528707,0.5016407394901954,0
11,70.04829149483237,28.039800656514387,3.360512125076358,0.5019819775543107,1
41,44.94720823838559,27.35639183581592,5.356447067526846,0.36316298029330096,1
4,64.01538635719206,32.93557198535492,4.829960015275541,0.7104118603834132,1
43,56.47950343967708,30.800554453197986,5.554801208219172,0.3922276681516593,1
49,50.03810754404003,33.78155645344704,5.882095241873733,0.5883221703998907,1
41,63.496497571474734,27.465563250663887,4.966310328295537,0.44739534372807843,1
37,62.0103350371657,36.859760253395784,5.4363104306422985,0.5287448609658861,1
11,81.10342652096378,29.65333145925349,5.14423793223703,0.8270272991617061,1
38,53.751887954641106,33.472727759790914,6.791887444074712,0.41373302134269896,1
17,74.40110120069174,35.9770324946147,4.6294382471323345,0.23007780601965844,1
1,63.524229143843144,35.57562157747484,4.312929801990137,0.5703204254480023,1
9,53.389781184572875,31.804142042008984,5.880730903111228,0.9375088185416306,1
14,67.99246457517245,34.09673453191272,4.070820184657284,0.6932120208290181,1
29,65.65738504453951,38.708303319861436,5.392157805582546,0.30836324388344494,1
43,60.35843294858049,32.56800616987348,4.830410846330846,0.9629938318266964,1
16,62.66295356440624,26.3517679896921,4.898679315458066,0.34271690116641507,1
3,54.03012968954468,32.91525365481942,7.437304624010169,0.983254023818947,1
6,51.74212874745493,29.81359390990205,6.234086744922234,0.19198972865646347,1
40,67.59442173822583,18.25999432797828,6.021579533319432,0.9996495343405326,1
30,57.76060575686726,32.309990118515465,5.530570640476974,0.07590564990860005,1
38,59.199170017509076,30.583253250078034,4.308485878559825,0.7132398817256519,1
33,62.79821595944277,35.782088857487196,5.261481686737721,0.7404415860458121,1
5,62.65288344783808,26.24953171255847,5.58332430082867,0.6795746869647934,1
49,45.70673529025935,22.471451688103464,5.198985430139369,0.7776067676462705,1
37,72.86252086454859,30.843404297052547,5.094750327343961,0.4718329416475755,1
44,61.21182151900678,31.90088693802723,4.602550701210595,0.05411394657590751,1
33,57.973467371778504,30.469164726927843,5.273458649681283,0.3577532927344881,1
43,64.30846005169747,30.103543418427016,4.474428648546473,0.6423144972001485,1
14,62.36542193614863,24.65636522896837,5.7034231795672605,0.646247047300883,1
13,67.67062689489703,29.305414315125383,2.9842287988423633,0.1951938323133201,1
5,65.3798367215094,28.257970852477925,6.3587435664499425,0.25300520630988,1
49,67.17846228996267,35.3635437038372,3.6883340981321107,0.48669813788244776,1
36,73.50993905727516,31.89662682015307,3.9327449759304427,0.7286105227122195,1
49,68.83624548970973,28.610014391274024,5.40885418562168,0.8527981030024561,1
31,58.39513779671437,38.61942438211383,5.539941830354662,0.08648484804092271,1
2,48.77098843923167,28.655461618924953,7.078277976404369,0.9256199156722124,1
2,76.67797933004515,32.788933619430814,5.296284529309126,0.9277316625459749,1
21,57.62276626652887,29.16539333205359,4.959545234007166,0.007933742097972596,1
21,55.268925866394774,38.15576257514002,5.1912993785428245,0.5064095756753021,1
9,42.63273182235561,30.434298879068056,6.590487761287778,0.5871442640413287,1
2,63.384731053121115,30.58207113945337,7.42439999066438,0.5537134291234408,1
11,61.488866039537704,29.300648206136433,4.815199701091014,0.6157716575281936,1
28,44.848850637505194,30.982559630006072,5.542772416172112,0.5033512818629396,1
47,64.53274042133175,35.997689193239545,4.9256108155044735,0.2938069137666759,1
16,55.01808079298561,34.22921922342344,4.905733658746135,0.09570438616071497,1
6,86.90315007288694,30.140380905580855,6.879050623864767,0.20837941058865372,1
12,54.30638807909132,38.506625532283266,4.07426827613651,0.7402551137879775,1
1,55.64806667802207,34.36492820671285,2.6657187911166718,0.24106351863197595,1
3,51.25223775745632,27.809094404013255,5.317444359046553,0.8297103356277298,1
9,72.77876521041972,23.09825823133031,6.201006528762074,0.4034883670045254,1
38,56.27224205535247,27.92493099101715,5.219896626251031,0.4144758548981248,1
23,52.750858462345036,32.06674389275126,5.502203551208012,0.8684987411819315,1
16,67.06955009920543,32.986001853157134,5.752393381126893,0.21428882827639484,1
5,46.196470645868146,36.795688416510096,5.110911073409605,0.1896192366998316,1
18,66.25110546248948,24.527270124405,5.556307623448325,0.9854064055278317,1
4,77.81399716600858,27.80422333026595,5.53961189865366,0.540604440258069,1
31,65.66607832835089,24.111786650627437,3.0413954027605126,0.1905207040576561,1
9,66.37898316259925,23.306003942102773,5.113866893729791,0.16580483004483748,1
8,68.70060216907484,26.860906270233407,3.427217167040502,0.8616649693260059,1
26,77.09708028675519,31.833061221470103,4.961828494892578,0.5998459671374714,1
12,72.09893960019104,33.85697217445158,4.504719051160566,0.11503825428176595,1
18,64.39669722273024,25.258229466891628,6.034011254367828,0.8869080885562601,1
20,69.03891400636002,25.953620403063802,5.244412759209998,0.44390500568062086,1
23,51.14065074534889,21.10088412338283,5.473192846088229,0.9893572721303915,1
37,67.76293590747322,31.071761041384978,4.808549282037749,0.28176032768588766,1
3,49.944440288162525,26.33930549014631,6.0521812626063625,0.528817231448206,1
23,56.32977581368373,38.31515689105924,3.4026746594772663,0.17310028073263073,1
34,29.174378248567624,32.049043998247974,4.10449754787866,0.43970597868998873,0
2,64.01429659367462,29.142771282716126,6.286307121608803,0.1765375490093355,1
3,53.561279888916474,26.79443786227774,4.564351500867816,0.3072310865189316,1
36,71.11145215204462,22.526648899028853,2.8541679948291145,0.2698657378199687,1
39,63.90192610605403,23.160641115272846,6.452641276613885,0.28309393225719204,1
47,71.24095894701625,26.889295227139325,6.076936071359798,0.9698263113913312,1
34,49.16403455327462,26.505485589878475,5.710969406610733,0.038446485788183105,0
30,70.38386037159633,25.004140785770026,5.0944060069517025,0.49686152537340966,1
43,81.05856344363326,31.88547363721172,6.6607470181586965,0.6292458042643282,1
24,67.64158299931894,32.57132796207429,6.258618429062501,0.6607613744440051,1
39,67.90349008692289,27.70683801349136,6.54785606879201,0.7545456881329851,1
12,61.695976763949346,39.675761341326584,5.6955004804472305,0.7609654082263794,1
3,54.75331219434636,21.26635316741954,5.122795851251082,0.9555029824359602,1
45,67.61192372701508,30.290819494861317,4.600835128985201,0.7556679546037096,1
13,44.939170895979316,28.907098979560374,3.7310761575341282,0.8236892491731616,1
12,55.822448750791835,27.24649559016372,5.502045615466344,0.5323154152526205,1
26,42.28943197662818,26.511685769934704,5.585357334795605,0.6576733438233239,1
5,52.96343622684917,29.96520058543821,4.650218668092676,0.47812431682719425,1
16,66.42045091893561,28.872360863391357,5.613681028116633,0.2764170468044336,1
35,65.05393376220464,28.040617364437203,4.667822168400856,0.31338308029606665,1
39,60.50913695535473,23.506401825053125,5.867427691346961,0.36053274334518703,1
48,61.704009940620104,21.909440910947506,4.1178927068572815,0.3406433478855433,1
34,41.14135382135791,28.55741762402217,3.944888464991298,0.533161062586909,0
16,56.27437719429085,27.989519477517348,4.759421272781353,0.24763172530660216,1
40,53.1864839356479,29.014815698615863,5.828785395502287,0.5166421135317542,1
1,53.40940309485459,29.456891010552457,3.841214535340977,0.9162413111608225,1
12,65.99578627813753,27.38748829058591,6.049687019009196,0.40596382886203886,1
1,51.39492673494689,28.937962880908973,3.3574118656147878,0.22264606446152935,0
27,53.95319149872589,25.732358459482526,4.753254124405709,0.34685589563656993,1
42,39.12930754290484,37.61972904581641,3.5869238728973594,0.8768872945043896,1
25,57.058768196238304,26.001299259250157,2.390100635816768,0.9416979234205048,1
21,49.121624522863804,28.145096452673297,5.366451804775254,0.8866868931683947,1
46,60.79202928689644,26.381056054430598,4.822188891368885,0.2873476113546234,1
42,50.48891953257535,26.297092298975485,3.602901067169511,0.3878455136712404,0
2,61.045422455492165,30.123207833189735,4.48338614201522,0.9749338245337751,1
34,58.55314239257657,29.48882895058494,5.441825226929314,0.3238523106676767,1
11,76.72041773042321,27.70269804812395,4.6318503330108305,0.1378598845947402,1
23,64.97217980453193,28.58262004222844,4.801318884431601,0.28209420431106835,1
4,41.60362127437697,26.400932245033648,4.6015434296769495,0.9639775254399364,1
19,47.35111155897292,32.0086281886308,4.41769786857004,0.41587545048398067,1
38,60.55208008992333,40.27596371295357,4.404662725256922,0.9338819399300049,1
38,50.701520516073494,25.625793613833906,4.375302633704265,0.10408221443154897,0
12,30.31631569764148,31.969816118673023,4.246857123926926,0.7660555722137676,1
40,73.49546313833743,30.22474478510355,3.9827054023091977,0.09334339728115126,1
44,67.20224016905408,33.34314879066295,4.620287682282171,0.1974957246962854,1
11,65.20976873491772,33.48396480248036,4.360072147671983,0.616102241345116,1
12,53.92676954529085,31.027063486093304,3.9283013694843065,0.4344781618993384,1
9,64.27676771009929,29.8008971194245,5.766014655356953,0.6666742528438331,1
32,52.95639675779118,27.827749001757766,6.232635971916715,0.9734062920466695,1
39,62.04857300217691,26.175198234456822,4.9998972253966,0.052713726723492615,1
15,50.79416774163523,29.515771695241078,5.0664729879308394,0.19162667195448124,1
44,75.16288450556014,23.577055842911598,4.3074360341304025,0.6402239225389723,1
34,44.297633459181554,27.030720049412658,6.067031356790997,0.896526450190398,1
2,72.32283829510831,35.534268122362846,6.73818111507634,0.7976479100438488,1
4,60.389158280173305,30.492561105398455,4.8362061709743385,0.465582485550067,1
25,55.10533004658009,34.46332209467775,4.478553471607478,0.7454746750844375,1
10,61.67002921695738,37.34821943329212,5.341475265954845,0.20809756103314314,1
6,67.3334800717818,29.114852720425915,5.128931044038389,0.013730591574291795,1
9,73.66746736694397,31.036629170968208,4.49984452454271,0.5700166503254148,1
41,63.13143023133532,28.490770529236222,5.4711958330323505,0.8132446709927228,1
33,51.093039147377226,25.93697119762197,5.938157607389897,0.43344353938032587,1
2,60.556301237657884,25.235158703337977,4.2141815986752205,0.5692487704487538,1
7,78.16793236662373,34.21575186298246,7.542033979715605,0.42218119464045967,1
30,73.47678085512624,31.04313640242824,3.467057842902172,0.5140378998720343,1
10,69.0876347812436,39.23301536040526,4.148309273659099,0.8843462637849168,1
44,67.95687020122386,34.86026006461945,5.233968030302363,0.4781401093027233,1
6,66.99450090606541,26.34393505231816,7.2468731183765485,0.007475586468569717,1
44,71.5875483450987,34.20171090113386,4.437409308319375,0.7998486423371508,1
1,55.43371214278095,28.474622304488722,3.9342536874044134,0.617717341402506,1
5,46.449139342249936,36.084298545645005,5.549241478428746,0.7303933369355956,1
40,60.69003500737061,27.568330613784898,4.7514055922819285,0.9010872063406437,1
31,51.82418413222309,24.737870198786638,5.665255694954432,0.2862142362304707,1
19,49.44979244622816,26.02122461469295,4.9292194500995805,0.5030699212669656,1
33,52.79721423412068,26.27667548792543,4.1428334578700445,0.6024835493458787,1
49,84.85313924533686,25.79874117690668,7.34887597041423,0.3453911644956822,1
15,61.36124634075844,27.136958621974465,2.0456094009192807,0.8460671523538209,1
24,63.61907836360988,34.28345935162619,6.8202387503497715,0.6975661798998583,1
11,47.77637192995746,38.98022104133092,5.933261904233927,0.7334075838130513,1
6,41.5624704120737,23.349052422232482,4.254410708472785,0.8080072683765928,1
38,51.80947356881194,36.31756521416575,6.872420104833765,0.2580841813115833,1
16,74.38195585208749,27.611481420127856,3.6285808007557394,0.7456417896649775,1
44,63.34275466076521,31.73941265601117,6.008110962007525,0.7738068595503005,1
10,65.98595091444392,21.729269847133516,2.91735488695289,0.8423925466510337,1
5,67.38566039202061,32.62017508672428,3.8541218070296246,0.4885378305016911,1
22,54.08650620201722,19.973438015919687,3.851638174352123,0.5041896154937485,0
26,73.87965583973367,31.56967536155083,4.249343339571201,0.0981782201011705,1
45,53.67192400777818,31.286280235146684,5.011581115378658,0.8521209588182299,1
5,74.06232359262553,30.955038171477337,4.174023635891842,0.5334881887126651,1
37,64.42302156135341,26.325449246835355,2.9635890483022114,0.5944347216442184,1
1,42.109548457536775,32.74763337214822,5.463450768700679,0.12144065648612257,0
21,52.51990513399465,31.955407547083585,5.048950922927479,0.6018225319063348,1
19,42.15061467127896,28.9502360817944,5.40892734089818,0.04198835009510593,0
24,71.63282132794208,33.35925153587597,5.171917909265977,0.9232087666406505,1
14,59.752645791975986,29.521979267172473,5.954235281985166,0.8635374720025971,1
48,37.716575600502196,32.64388579454381,4.924517646838897,0.19431742363122462,0
28,63.75746881719658,29.37060336302955,6.0125206348103095,0.5938006660566318,1
7,54.628357376116796,31.083509955547704,4.224303351898772,0.6026991205028633,1
36,45.16194144966677,32.87361470537631,4.281329620661147,0.8034324147019728,1
48,76.77965836968697,28.010437131909825,6.376039395398193,0.7569203627523046,1
32,61.072858660965785,23.830817068729022,6.355668658227289,0.9932432155768192,1
21,57.065685976866874,31.38039502774077,5.573742142780833,0.3508406771345671,1
49,56.00575219013983,35.94695689306465,4.110892087140193,0.12463245181772686,1
46,44.86720530842228,31.49575486478723,4.030367564704243,0.5734717199517302,1
4,46.9545110041589,31.59071157348186,6.328063962361271,0.7639916740667151,1
38,72.84916784875084,29.789119467516798,6.272664927578159,0.2857933523056404,1
17,55.26117130214281,33.695593263866,4.936420642329875,0.2362063668579889,1
37,60.220677009368636,29.070322919310314,7.341884926969853,0.802454595279684,1
36,39.55669523798925,27.73050609436569,5.45890007194614,0.7537222917252228,1
29,46.81907964204494,35.52649126437433,3.8928006259688805,0.2033919677371866,1
30,66.09812519874752,27.34730840853659,4.7243689003321085,0.869270603995332,1
9,63.777117601138336,34.447354732258745,5.005470578005374,0.1347294172591591,1
14,77.53375198724316,35.529677309788546,5.086398636749114,0.10923982527179277,1
41,73.42956331631227,32.8340846603103,6.250003217851708,0.3511072364584986,1
47,57.69289027515177,23.753822402136837,4.043711087335641,0.8865325929586335,1
43,64.7295356471327,30.135774546112486,3.668487700887783,0.6954401686592102,1
17,56.83396557096926,28.990000014706915,5.602323683005095,0.3947185825512348,1
22,80.54809818638648,27.520003723323434,4.493015491074146,0.1572509234518722,1
32,71.490146960524,30.713757936732136,7.423506123466824,0.7134765127226445,1
15,61.69685090857751,33.84603173748774,5.943220381475633,0.5991472194883126,1
37,62.00394784876352,27.70723669934401,4.474603547659759,0.9876829110691309,1
34,74.44850287259808,29.14308662863163,6.212853738784206,0.7655594618145449,1
33,65.79577847113848,28.794705330840063,5.730410795083006,0.10212395640847138,1
27,75.58628017070086,35.81935522772156,5.633697147463278,0.7282150594106311,1
1,38.06352073741127,28.714496910947066,4.877756068411507,0.25744704551645026,0
29,64.61228261498798,23.827971711191275,5.420450851638465,0.9618956989754177,1
12,54.84565135318615,22.132825805047432,2.8970420994073356,0.019273617474210747,0
40,77.56377987627992,31.813647832829847,6.317089404222051,0.23835059031796446,1
15,75.4639868718983,26.19659130057049,1.5639376103319775,0.4989983765118249,1
4,60.328358091013065,33.343622526362395,4.5578769059740845,0.07906840045385943,1
27,75.35630978811031,23.343900057464342,3.404289446805966,0.3440628343441985,1
38,77.83114519992506,27.30543916694696,4.499148858768477,0.49723497321192345,1
44,60.744066719261475,23.34715575239926,4.9258827275878945,0.4469332527067009,1
19,84.71933772431858,32.17305357774462,3.8032064660837888,0.46058522506740074,1
23,59.68658847330278,33.244237703123254,2.225522757360759,0.8790230519393539,1
26,57.85479049664091,31.693125788183,5.207065724141058,0.505290873565318,1
29,68.65872588584344,24.570318397980785,7.086439782027895,0.941046850825897,1
44,56.46209268857686,26.27118127944667,4.648719833149993,0.14773168076407872,1
26,60.85339775794894,31.17156994305777,5.9593309562258,0.28025608750603437,1
25,74.0943442405091,21.56129295937818,6.504384837556886,0.6565157751939338,1
6,60.19218852217271,28.794325278060484,3.0999620754542017,0.28312258190228146,1
41,43.049822070246925,37.5845267666794,4.542724848521679,0.34727606941405154,1
46,63.673193878491965,29.100222254098124,3.7236143883111987,0.901028198007591,1
37,53.03706420947605,22.557276804840242,4.193722962021836,0.5385591748050331,1
4,68.65271157294546,26.962953761619325,6.702011701146629,0.3346607559593171,1
22,66.96189715826246,26.84653837161212,5.223679486424192,0.7767117778909127,1
27,74.71400348166522,40.70154389918281,5.788823601045174,0.07066475405020323,1
33,69.07532300792697,38.32839540256948,4.956100894036215,0.5636626102062126,1
14,70.90244283658065,33.65467717050789,3.789447354264456,0.09966972214657233,1
31,53.30903239862287,28.28462034629301,5.678115697218706,0.17685080204936598,1
25,68.03986495890503,36.003148304898616,6.252575371442822,0.06244545428950332,1
47,79.6845128936029,24.332701804747707,5.317374216168657,0.9016830287828005,1
30,53.11350091363233,35.38287657622129,5.489124361759934,0.04820445876783652,1
18,77.99738291727098,34.63986768710022,3.7651986136332156,0.516416447940187,1
8,54.5064990879867,29.243271326753597,5.706863633149226,0.22497740198409888,1
28,51.48028754950026,35.695931566753856,6.3460138229263485,0.3835886336972276,1
38,62.96200443354838,27.76389435268075,5.404585474271453,0.4936561846798305,1
3,67.1591041612881,23.674572009508832,3.2032167541231074,0.45006014128377525,1
2,69.11750123972266,34.889825064999606,6.6356295007752815,0.7480871898717718,1
28,50.38237579226798,29.573785354302704,4.055176106356236,0.9118833262561259,1
10,64.3454009725429,33.008903016493335,5.387786826889911,0.30027221408469884,1
32,53.14445428516495,39.10443295779703,5.952976268560918,0.024540497156058882,1
37,45.11077743929423,26.388729638018518,6.079618322050994,0.8939454357398325,1
10,50.712636844672154,29.283102475800124,3.1999431882201543,0.9787840656993941,1
26,52.49099634044182,37.84817252288857,5.117217256072938,0.4333511743728645,1
32,65.21595160352507,33.34365865427642,5.051021610882609,0.4557888773492279,1
20,71.52213663068669,26.50108627897702,6.439028187726511,0.14415611048627497,1
38,45.26793370124733,25.22491148230261,5.458723542410629,0.47552345009598507,1
30,63.51961074208056,27.35959679948327,6.44811766104496,0.30334923598097385,1
37,48.23301814229094,26.30792647598561,5.539917599885154,0.9943800675361362,1
45,66.29085409014,31.186740597447653,4.925833795438782,0.18484796420664384,1
1,53.77269418996252,30.392172535988,5.19385942153816,0.37858673201245796,1
26,49.48670981976721,31.396188771376757,6.523596917102463,0.6165019819986037,1
35,67.99664515347575,25.795935992201088,3.703068164498751,0.3451235518223985,1
10,54.13077394554905,29.645830462373723,5.905954510120532,0.4744235390520273,1
46,56.84036048647302,19.72150113021892,4.372384008779213,0.9734836332408764,1
17,37.80010912443623,30.725031586806832,4.157520915751297,0.5080713760507982,0
0,69.46551361423474,35.87720322477932,6.023426366616173,0.9103204384738176,1
34,68.20908521169108,22.8762704532691,4.116912744989007,0.043082868745279446,1
34,60.05457844281314,32.4171411532373,5.377074716925325,0.11981834390183577,1
30,44.72419058644241,26.944928241197182,4.5110585778402355,0.9445115947531172,1
27,72.09369178334762,34.012505768466845,2.6430633041035265,0.1287311116880948,1
38,53.33736613639209,30.793237256061396,5.477715980104349,0.7365511953910377,1
0,55.46646549899412,32.023520563302206,5.1263212729567895,0.44600360415214946,1
24,83.12044056359531,30.324119493777204,3.089919485585182,0.4067483291999553,1
42,52.963635558907704,36.64165903192176,4.301410458461138,0.6592202642760787,1
37,67.422099624265,31.73705238847551,3.193007883287695,0.7276008252588279,1
19,65.62092262082618,26.472881429987744,5.7316898872964135,0.9319692802857061,1
2,63.90172192880085,30.493575261605017,6.3879932027100965,0.25688548887519447,1
1,62.82000542554511,28.155594785169754,5.849490605046186,0.6980803776614165,1
17,63.76388561889199,30.811999532597945,5.989130156800091,0.34228581767265776,1
43,62.7194059094054,27.901151438165936,4.482169594333186,0.7176097448829775,1
9,59.48081641223939,26.615946322268428,5.546928011110374,0.14211612592037715,1
4,75.11283124110741,30.996361063742228,4.990931369857839,0.45754254973052944,1
8,46.873394392007214,30.27894814308277,5.18531451608882,0.18362972767632346,1
1,70.21458104015376,35.31977922522924,5.957431460454522,0.33644622977267724,1
33,68.22342298687552,27.925220604335934,6.1754874206472365,0.7156294074624721,1
37,66.98399121329402,20.095730762523466,4.610243610361485,0.2333498494759655,1
30,71.16979427640129,28.180646007683436,3.592355188644951,0.6848839038169878,1
9,59.07400604731607,21.867846205417116,4.812595465307144,0.4959401940474869,1
49,41.31025924173123,32.07835987048288,4.780726714686116,0.09203655705661307,0
11,59.277073402855144,21.63051035825606,5.284597880014156,0.38669468521613404,1
35,50.088057823754454,25.05814468792949,5.832995918464123,0.8692062029602516,1
20,52.68140790141936,28.188327708625685,3.0854180345159428,0.9892908979563472,1
48,47.57580326167588,37.71975302380572,4.329086448808524,0.36892109731775835,1
46,55.22655141556166,24.635549421425413,4.036111810682559,0.05487473121869779,0
5,54.03376306016551,30.06202491573293,6.250893788691791,0.13018777430610795,1
47,36.22430170072897,32.899882884786294,4.791629106647613,0.7881484139444392,1
48,67.00221911282289,37.42030276610349,4.487116430438212,0.6557870731896784,1
2,82.20321858004883,33.88897375860705,5.538301692446578,0.2850119992218413,1
9,66.06237193496288,35.469534758162325,4.406993649083978,0.3912985627074137,1
4,57.97076043465772,34.32153529425771,4.984805223203151,0.8111502312455718,1
45,59.45253604323784,23.954385143019305,6.814071200112027,0.4131099469578682,1
25,55.79014131986824,31.798460521585234,6.786290323886644,0.7557732118360941,1
20,60.90041583866958,34.243304760861115,4.592615676937181,0.29520570138356583,1
44,59.629919059267664,25.2174985516299,4.817638197840423,0.724811798594977,1
25,51.58951569601706,27.101200616379888,4.380971499269195,0.4663974431054343,1
37,76.8288838894783,25.98403852436472,3.07413472495983,0.5453542816604049,1
43,45.12845764290229,33.863114929840165,6.036189345096718,0.5987331123503699,1
25,67.18331543194246,29.65359439835434,7.421342116671765,0.45057469449970566,1
7,58.98802372682468,28.395770528324515,4.556550562349227,0.46613561969719464,1
4,79.00831815065744,23.591650416735064,4.183206272710728,0.265708620692624,1
14,63.408645992482214,29.663028734031037,4.727153203659993,0.985764378110567,1
15,56.400944628167515,27.162058225076255,5.085046047828585,0.9058150560487886,1
0,57.522928015655026,31.21669782632081,3.86446988979312,0.5273828276187854,1
15,60.39906694519761,24.285164006772746,4.541521539015869,0.03462941255648955,0
36,48.57209305003599,30.889531297531004,6.0148972539380186,0.1684279708549884,1
2,52.331304748820884,27.805246147505898,5.127380634467271,0.8539352114361102,1
46,42.150560308081424,23.75351537132427,6.27038602812898,0.9308120730797638,1
30,50.77023101625906,23.363579810609266,5.364767852861502,0.16129210457444332,0
12,60.9390648166045,24.114898059886528,3.911082731227081,0.7345186563567961,1
15,63.00175049284521,28.96800471279729,4.423986023280241,0.6230233095760298,1
42,40.20670305003598,30.604977171817502,5.248412063554482,0.3033849699511225,0
20,58.627882969557994,31.349118161885904,3.877410724038892,0.43609140362672616,1
1,65.63409950822133,31.53776458864224,3.747680267089393,0.6772694273755229,1
26,58.370878066237644,26.207383695104,3.8077994466342746,0.10129591380279124,0
37,53.662113542221995,35.292014540475876,5.515804387813816,0.18904265192599778,1
25,55.878388549517865,27.788872369959236,4.633759984577462,0.03331497226909175,0
37,54.59236645022778,32.25074880029866,6.1824416310929475,0.90220172541331,1
45,53.63269440891943,29.179222832530915,4.103579617053363,0.5738961895354213,1
24,61.73823525244848,31.87810615851521,2.5425997320461518,0.523427435808723,1
10,83.07688227735451,28.92835966927543,4.869294881196785,0.7062406406165065,1
7,52.56300083094817,31.96817438287283,6.6475550303938205,0.9883502236854673,1
7,56.81857367338573,29.96305565059838,5.034569416948606,0.17223728843719377,1
32,59.483020606247685,34.069202853253444,3.6279067568671306,0.13310601753067453,1
6,53.126455656417065,25.90657478394401,3.3757234037932538,0.29479086490996476,0
37,70.98235803523427,21.150543320547108,6.1979019139234905,0.9039441597700395,1
20,36.29114626693562,25.133212902829516,4.192563228558089,0.4114606114408613,0
7,54.689408296213244,35.34459207619017,6.54179532765653,0.7934967581372095,1
20,68.18313736319962,29.2272059005613,5.654093448851284,0.20292815986752388,1
19,57.05905691611366,30.460311477732812,4.230431285595315,0.49360544236012294,1
7,51.79161041149709,24.731816929768065,6.167136844311641,0.12747053914646023,0
45,64.40756754438765,30.327768625751393,4.076102846736731,0.4128984000307291,1
30,69.06343235397152,24.885936779636516,3.5526628875550017,0.2622819668617441,1
49,62.10635445215058,25.621093624736226,4.133254606655554,0.5494315958462039,1
28,51.987796401871165,27.987581585880598,5.768736651590219,0.780406213075193,1
47,64.56203319151743,32.22548628921073,6.137966989001336,0.9383703713480281,1
8,55.9795069972521,32.75923790321255,4.603972737132088,0.28384278126488904,1
14,67.45186881893828,32.895224489689184,3.131688688860854,0.7431316957093409,1
29,74.8325888485659,22.05957942477813,3.4432335388719437,0.8855923372820323,1
25,33.94423244311467,29.966677498048693,3.932354428140637,0.12485187705032996,0
9,61.11067473195633,29.01609083308632,3.706003120749876,0.5859322281052156,1
28,42.64266063052373,22.33908791959272,5.265430376064566,0.6118463085984701,0
15,84.4178858532977,30.079918833610993,6.938115844724451,0.2723851023026381,1
35,55.318754662038096,28.747863912816193,5.795776574025588,0.02251455960919202,1
19,67.46373241825373,32.55762836058943,3.8717691550092606,0.25670294648370917,1
44,59.64683140405104,30.40623538119901,4.305624234333445,0.5847346072412586,1
36,51.969154192809405,27.253397348583736,4.500709320701193,0.1964427124134679,0
21,50.77946952822573,34.62881225228489,5.389214166993086,0.28734517960813344,1
6,75.85679173100759,18.89383249612438,6.571254735852009,0.7079224600912811,1
22,69.5593806017831,29.67867435785195,4.532599620549146,0.3983155915707567,1
40,79.43584087377563,21.18374534004032,6.538777291068189,0.06542538691727184,1
39,60.55453335157699,25.439033643969402,7.103910958422228,0.39916588422017163,1
28,62.87919621246,32.624068515046744,4.650093133711274,0.9997689648723607,1
15,57.32808434344712,23.629012597795985,4.624355378938692,0.26105153883340837,1
37,57.12917796884991,22.881410906480326,4.639380632608884,0.2652565284501831,1
27,49.58113067522632,41.90972491707812,5.062489985687886,0.16988641465940224,1
47,60.840101909243515,23.20355474289918,4.641820903218174,0.2716373827012014,1
37,52.10753405113803,38.25260451543987,5.884177461389306,0.5747533034145131,1
30,64.41908922164203,29.138989177103696,3.4511687196072183,0.9646021320179259,1
13,61.700102189802095,27.375854392805124,4.465377904703888,0.6076952722725482,1
32,62.87682043675722,32.83393195294102,5.329174673072235,0.40984759227776846,1
8,76.75129939690225,36.6829703777225,5.870084507160511,0.3896336290737772,1
26,59.62282050234409,24.269660289458358,7.195285063680741,0.024225884611387638,1
23,67.56727002853428,27.44875105135735,3.7109747723690587,0.0025423021999002593,1
12,80.5150946408558,34.23434867342126,4.347957585812744,0.7971935469795308,1
25,73.06617069295048,31.439971562135,2.733593426772663,0.49016066251475265,1
28,71.53169698454845,35.50958915320691,3.8901309926471357,0.03320941303316316,1
48,56.933117844795,32.5755597721589,3.2310747030659575,0.2860270447903638,1
42,62.296430555677965,39.04112004574574,4.4787026049356715,0.3566818838761985,1
27,46.81723707970058,30.89294299416825,4.771634407358369,0.783288889983881,1
27,64.98914400964415,31.10905574165481,5.469454239837562,0.43438670319940054,1
7,62.74460177613842,31.608606860078993,4.701400469680078,0.7893001748261949,1
22,60.23385125156181,29.28755574136721,5.469937080412154,0.633734050868795,1
28,70.2719478824286,34.240435794004625,5.114074167093943,0.0331362064160996,1
4,47.92225177575604,31.18520611931513,3.9666767942498167,0.9686887040696515,1
41,76.34862851160347,33.94090004572572,3.313726294159122,0.18143303667532762,1
6,69.01764687940283,34.7224992681208,5.583681999896066,0.27561956170809176,1
41,59.29366020348026,32.14227340780164,6.646502985014507,0.809294028521325,1
35,58.51270412182606,32.50858162117098,7.535385011682016,0.1898398640874599,1
40,64.80611215248594,24.94835106201733,5.935454701234621,0.4010877837072807,1
26,75.2085123206378,27.248232060900893,6.457515211944062,0.8649912181532982,1
45,61.016077186900105,34.21691726495366,5.461459704038935,0.6372722762016735,1
1,61.44030901979226,37.118155909092565,5.302009385590211,0.3020805994863446,1
24,60.18118477625871,20.297848872458196,5.111001023791528,0.6440497215257783,1
8,77.82024112701473,27.160684263742926,4.894190355979136,0.8126244755375005,1
26,56.31116897062976,30.11810301207325,5.607076555429135,0.40388928259785417,1
0,59.70492401380929,25.60362768959661,4.479402918635277,0.5716746844761467,1
22,74.63435654260995,25.887401779091586,4.852557548412808,0.9879276848520606,1
9,61.47010833612863,32.37459936896902,3.8220337170356116,0.9645628430539969,1
41,71.37058860045522,37.90687984585717,5.474926669064909,0.5090373119372777,1
24,50.88719943097041,19.840882218389297,4.040902458853498,0.09614125651079974,0
2,57.94707478371486,29.14761925509152,5.033744990480213,0.7006820888135037,1
5,74.84434038440229,32.31640170895194,5.50049109364238,0.26862078708019843,1
5,53.23660284236455,33.90106986100121,5.585891431369813,0.6694749281421927,1
1,58.487009602302926,31.595636715345194,5.771508537815435,0.3517555982181967,1
17,62.56685230891479,38.807012749680574,4.786708474851944,0.7187584384819646,1
22,50.108454820070136,30.14453296662897,5.486063779389688,0.36732255828386384,1
1,55.86189881378103,36.55996395196048,4.513374736887796,0.9411952773795531,1
11,61.1263668182564,26.768161648270155,3.0291262869897766,0.13667287245778148,1
21,60.46681734161961,30.28991473294425,5.53030927374156,0.06840483712222278,1
36,72.80352020837135,23.936424621005745,5.298488106864141,0.7811990972499512,1
19,75.41457194832253,34.50432220274497,6.013323502899135,0.4013259601254161,1
38,51.43915127999089,29.39778568679412,4.9747112871283985,0.46557558998962867,1
23,61.11268519167489,31.78910531259949,3.3968366342825886,0.9338172602190913,1
47,66.74248308424765,28.433156843574633,4.908369215635777,0.5899207179448848,1
19,75.16347465799197,32.93214250829508,5.886580564739728,0.6601706482730483,1
0,67.18490297317129,31.98716986927876,5.4760348087964275,0.019465926407371215,1
0,62.909134015923314,25.026742850143968,4.853255427105164,0.6705144071194699,1
16,66.66542531982631,25.316162837084946,3.336440772086817,0.3883529359322945,1
0,66.73768834336259,29.861156348293243,3.9739830450960776,0.46021446252377485,1
44,50.72285707715632,33.297869787033285,5.477238861851368,0.8080501190007954,1
29,61.92798792506269,39.31447776556924,3.334842847925721,0.5237935926818288,1
40,74.59160994188692,31.514954283328645,4.681755085243164,0.9868708095514572,1
46,57.926432313059955,35.0376570124427,5.038422178976422,0.796811128806087,1
2,61.29446642547444,21.93574532617916,6.149937155840061,0.7285915482505924,1
45,57.57483550473978,40.06477924716991,5.614490551130541,0.5886866571640372,1
10,36.86140504393125,33.02843105564597,5.962811232823964,0.41239672186454834,1
23,60.20590177234679,29.7519774442061,5.301853324032609,0.05287233364577293,1
21,63.017919306528725,29.176519762710374,4.154589017788508,0.018495907430539527,1
43,54.87506609119098,24.464001010705008,4.386339532091453,0.04675876652214861,0
44,48.45363051115272,25.893566021399145,4.067340360758721,0.9588363839111592,1
25,51.193935402183506,39.55217816066707,5.590780841926206,0.3232121148620912,1
12,67.64187616135564,25.054977808569937,4.306077781077442,0.7006094823335614,1
0,79.72524773046905,24.958661210668275,4.605999686971517,0.5943146043113707,1
23,73.82433340905433,26.488897569622104,5.0224912381868485,0.5716677094377365,1
9,46.55653995169448,24.00909623519364,6.64131244658128,0.579241563891092,1
34,68.54627310550703,30.07653287422755,5.657133907943231,0.30229582337057015,1
23,53.3683762419071,35.44455256332619,4.227146575398891,0.8865325454982423,1
27,54.177329374912226,26.947538368639833,5.151847657232893,0.9192062267503671,1
35,55.38024402028716,23.133378601195894,6.6513117604958385,0.6445257852567621,1
15,67.0606694985543,31.45930656507327,5.615179328428941,0.8639492209863253,1
39,69.59253376449038,29.721128311600935,3.4017476405009397,0.05998101691959534,1
15,59.01968928720212,35.013622750408125,4.084760571362236,0.10039125075666211,1
16,59.18929258991975,27.72745850348865,4.00806449749688,0.5590662245937175,1
14,64.64263743235793,28.699216101866625,6.440729825359968,0.8465070407983616,1
15,65.67994539524241,29.252348177283654,6.256281235863655,0.3154294011808184,1
14,71.7622570675853,30.44502055276741,4.374963022214385,0.5480559161585316,1
33,47.15628024490801,28.037191613212052,4.35341978019267,0.009960531484080826,0
10,60.2002733980403,27.226779459769958,5.044691782662284,0.9866300121276661,1
0,49.31975624108823,20.74811157559079,5.07466904609346,0.7669808683122366,1
14,59.490577209365966,27.173063954399414,4.037674070677003,0.36141914651751594,1
25,57.738247123192394,33.57611634040876,4.750869325101457,0.9830128306561158,1
3,59.53250546097298,34.25122759684443,3.5463967301467907,0.0924279892978721,1
42,52.00257111889468,27.644434882043498,6.272320704911036,0.464175765370626,1
4,45.12710206792571,36.49742999090881,3.2396694871683205,0.058851285001736864,0
34,39.05562473285097,29.856479641498225,3.2285605781072526,0.3349650214919119,0
12,58.6881984573516,23.31076814092026,5.43503945451193,0.21936417983080247,1
9,55.689988941670606,21.738079717728723,3.7631237621659457,0.31655085318112675,0
10,53.24062335196173,36.09128961309863,4.49903504186546,0.9474093160456996,1
17,73.22548462831661,28.134981373694632,5.0631728611026166,0.4271869967268872,1
33,51.40561813204689,23.929677384637102,5.675300829866837,0.3248608112603657,1
38,74.16834082138803,18.703619142822326,4.778917882051125,0.6407723800515578,1
40,76.23843744269257,28.021419445624286,6.779171797279794,0.683369191066622,1
41,40.490995332106195,32.023754294981806,4.999561011340091,0.9837688663138048,1
49,60.923814589989696,26.511544279768977,6.190794708258743,0.5460577722930371,1
22,56.00303509164009,24.733774199330643,5.278555780366494,0.7525636438162188,1
6,30.881960552827344,27.253121156966362,7.131209758007332,0.38216501925924984,0
38,45.55358746931586,36.21596009572428,6.0583635039241885,0.1710326462436994,1
2,67.74936107108475,23.035091911624047,5.043469775472613,0.42983542944370956,1
11,80.19199252711265,26.791494847887414,5.628830716907481,0.4187758386915097,1
6,69.02678142699249,36.053788698087956,4.7391841444690685,0.4206134916930966,1
48,63.236324725129776,32.47088144711877,4.729100161644882,0.695420759908296,1
25,59.786676183689124,30.89563906889478,3.6965891719644146,0.40594231127355596,1
32,76.82662914648114,26.757769322918755,4.1917383975328715,0.9541627293852766,1
36,81.48239201957641,30.15252407250214,7.060971385155721,0.98274968238427,1
47,54.13157320475814,27.310854657733497,3.7959686287214205,0.5233614294157767,1
14,40.00013439689709,25.703069344646245,4.344507287216361,0.5584440092133178,0
1,39.01812536728798,24.5997126234913,4.906281323040897,0.4076263717433739,0
40,73.21880992159802,33.92047798186249,4.939590705247429,0.35559358167674227,1
6,59.52941459225613,29.69796933891932,5.3837258197309605,0.9853265359552648,1
31,61.83241910458719,31.572568719013482,4.530879291885937,0.040656868685711056,1
3,42.093490070432864,30.75836592900702,5.445376366996338,0.41008623273946676,1
19,52.46811087211534,32.204594139041795,6.142385441146725,0.151340387182622,1
49,57.045191860992176,28.72640605007054,6.266632343981501,0.7262802683292555,1
35,62.07838383364071,27.59171274472713,4.73248819936316,0.19444567664882229,1
31,56.01407961086241,25.92359835304439,5.6113434289029644,0.8846457283974384,1
27,49.62673801698657,22.93015433296443,3.8538663778588114,0.3744779763213525,0
12,52.15433007397477,24.389834146885416,4.278283954727669,0.9171487328966383,1
0,72.08323285947233,28.172911394498893,3.8262666013094577,0.986562530085249,1
34,62.447846196034995,21.98480257782261,4.954255311240349,0.7711714138661773,1
47,66.12156806955552,23.08857047931985,4.140780723640056,0.623158049155331,1
29,51.0112618912267,35.210699463175885,3.4793064411952055,0.1499016647021647,1
35,30.461765145993756,31.12089742426896,4.613994777418849,0.9330603361131595,1
24,54.76895693115504,27.740816358982396,3.271416224219048,0.7768666569018113,1
15,51.33429445574504,41.3578722945228,6.327193103646142,0.28804577873261494,1
18,63.49012268628079,21.758751406434854,4.442476938756727,0.4685019343624587,1
0,92.85723713681841,34.87805638230911,5.985316073638129,0.06766500590790647,1
4,66.95166017618256,29.44266958610292,4.507932509965028,0.6590003224088982,1
21,87.35960159383488,33.92523511456406,3.8050621740493993,0.12526466870228936,1
23,65.6876969533945,30.544768586354035,6.175523971355919,0.6515312848941943,1
42,53.701137624272846,20.63877468877371,5.088703583107739,0.671553661350833,1
44,63.47916078120883,30.477302337794143,6.886909285912297,0.32462905186271884,1
36,77.80638599477709,31.67777927319799,4.533477073766785,0.9486626790859812,1
35,78.29562596321239,19.04007350737793,4.555069700433567,0.7789625058742874,1
35,54.24662631956921,39.720241469009494,6.004790842219109,0.4967336550321957,1
3,62.53183695699299,31.556037970863862,6.011752650499045,0.9185691872866324,1
35,45.70733120328855,33.35993870068248,5.153430386514652,0.8558432639569322,1
17,68.2466862469143,24.172353052118442,8.335268189808144,0.6922182257572597,1
49,75.53354699055895,33.45308761072809,4.719439207679649,0.15296531436171223,1
15,60.39799454116016,35.44752229781528,3.7305367630309823,0.49707392552019725,1
40,53.32615945639872,31.267841140689228,3.9974449594192847,0.8644228725617931,1
17,63.60130951277563,29.953142207396176,4.725260510640773,0.6088915468485037,1
21,64.17459031363165,25.532059375507917,6.518775005491651,0.5455114447860406,1
1,60.8114383184962,28.91896541108337,4.81365613785332,0.9552242002983052,1
20,61.78715124335953,27.4398524287036,6.5660520983661375,0.01654806538884057,1
35,58.26185149530629,32.859978186963424,5.434425115378125,0.012046384933596888,1
43,69.95954928226406,25.75062037441299,6.083369296360516,0.892820520138679,1
38,67.36227445165127,32.823253607517785,5.387168626626805,0.03853721502522589,1
46,50.16896852855851,25.805072186351715,5.379248006621937,0.3325437137052091,1
38,49.894093968414055,28.688237229199906,5.752710601106075,0.924025481792918,1
28,57.45625582973438,33.080221985064085,4.433291517914254,0.6911525938152693,1
25,67.36837124105179,26.48101640006978,4.444286455452512,0.6481589058639436,1
20,61.480574138908146,33.25268244488801,5.349546986164595,0.6569983151556464,1
16,53.56849589877345,32.76497078835684,6.941111475506022,0.31764297884909687,1
15,62.6151859672583,28.64524663311528,3.4592467747330202,0.5305335910125811,1
30,56.69189480477728,35.808916006778944,2.9708143805599727,0.6299730640468648,1
8,68.80486460224131,30.388921709885572,4.736256163771387,0.30571532569161264,1
30,63.33058435067048,35.511382632926754,6.030847080493745,0.7953639158041261,1
13,56.84721812547856,38.967324624385896,5.0513760856801815,0.32174835876551655,1
48,62.315187720464614,28.79349489149344,3.830670153184955,0.07144415350053057,1
36,73.15048059524202,33.22477492013698,5.079093496866388,0.2014545737841137,1
1,54.303699234536225,26.812160373385623,3.267026787116841,0.40841041841156434,1
47,64.0265698164716,24.83592795245901,5.628917060874175,0.9080558881441689,1
45,59.295396595340044,29.022701713067857,4.6908919835469085,0.4157616918724971,1
13,64.26983683862099,23.186998601252686,4.91796750045457,0.08980380157404289,1
32,53.45435058404269,25.31196110176345,5.427185470511143,0.1964567666343835,1
34,61.103354331593756,32.95716299660534,5.20568891737611,0.5444674863125424,1
38,71.07823282416801,27.431754922755808,4.458740426268889,0.1776560047033443,1
46,50.629930187538925,33.552570435609304,6.033612837646471,0.06395461216093512,1
19,46.70594896674918,31.497059690087436,5.796932564639054,0.7148284653782899,1
1,47.085444355130356,39.25577031009558,3.2257158077757353,0.7843473952954942,1
40,48.29337469799811,32.62168642788023,4.769757328527401,0.8506332352103776,1
18,65.95323287892664,35.57109035139657,3.9197132063037228,0.843934161359132,1
36,45.94140314134535,32.00942331563773,3.7319419008045775,0.37925958006637583,1
17,57.02104655256469,31.556967505390364,5.535133623511619,0.7344699820923619,1
15,66.18289303310708,35.823665210566574,4.58073871933476,0.5835388594836856,1
3,64.16659060548594,33.343987329326325,4.85722835105359,0.023364301833246448,1
11,56.14441020037515,31.05031806478714,4.33031506622294,0.4015981097078666,1
28,61.90923731755106,31.028273329648588,5.3701754528198276,0.052878959235132084,1
6,61.07145329737568,32.69114655915208,5.678346885319032,0.08335605544029867,1
13,57.75759044451814,26.643132402700576,7.170254862976325,0.05600244714337921,1
11,57.8916528134542,26.43100266930651,4.819025735501849,0.9609465382986572,1
34,82.3542743475696,37.12702966186466,3.5515825252244886,0.8442009908007669,1
4,68.093109039313,39.32206831929999,4.496106309568482,0.4391044775001801,1
16,84.80650917512143,25.35558770794917,5.847059921381657,0.24799746776457665,1
41,55.030368670794985,26.65502783780148,4.227354809869691,0.0724508295230436,0
31,59.150334031118526,35.71261409752073,3.5178724005450195,0.43119625149431107,1
9,46.67874234723352,32.667599965711986,4.24818231371193,0.6003528810575821,1
42,51.90433197910428,33.38214052660461,4.466634082250685,0.7971033231117658,1
16,79.01913148662501,34.48300647426529,3.9173304520353436,0.0515609861776446,1
4,54.77965710158244,28.79633919127962,5.217476514116438,0.4178700175166655,1
44,79.19281300144459,31.64984962495093,4.92097771879328,0.9768574456335138,1
41,47.566377393201094,31.260960753490462,5.789705240818797,0.12072053541261785,1
8,49.465309659267234,25.707541998772697,4.55414016507441,0.4002993947858928,1
48,56.58768778976579,31.575454716078518,5.558064768568502,0.2750553236156952,1
32,59.36250078320822,36.18855348074834,4.507729205976334,0.13403935540630962,1
35,69.2308729245013,28.329333805783193,3.8703876381912643,0.838945688240987,1
35,64.50770417186266,30.762846243704672,4.456980864754067,0.6971152103439754,1
17,55.83684742655972,31.03354458005428,3.3817328109497025,0.41155648423508195,1
8,58.66684193481894,28.576677247823646,6.788215639982979,0.3690672827427006,1
28,56.809370802153,33.38450618847179,5.142499747786002,0.8277487594684669,1
49,50.8534626467427,26.599671843725062,4.204593109669537,0.09078384565173947,0
13,51.12037063398378,36.66322759347967,4.62235583771794,0.14683328045132615,1
24,70.2788389143341,33.13102780816123,2.5495360167599306,0.9065500080935381,1
14,41.7183507207286,25.316156996635527,6.434353225071817,0.8172066540507289,1
5,76.17358697445054,38.490048424431265,6.336548044214234,0.7748777625712334,1
41,56.57005774397768,30.840507306307977,5.1075419041600965,0.6239759243038153,1
28,52.2749139360784,26.38526241382474,5.319462296063406,0.2924500515733869,1
14,67.39759290697269,35.522772624955955,3.7323232230743395,0.9347866052604181,1
28,74.85216584147118,32.473357597240124,3.8050301047394828,0.4918688217346716,1
3,71.17632441603958,21.14020147882981,3.302703850812268,0.2806195311644022,1
17,65.01852049359891,27.37169841378073,4.838931914226409,0.3655746066129586,1
49,70.86863489721836,31.39548668610772,6.061035404865932,0.016841015195934617,1
48,42.83502422856134,19.20216661178671,4.616785371297655,0.2551590618280457,0
43,54.781694585118515,30.42535042693697,5.347695830177617,0.18795610865656365,1
38,50.88829939975155,30.789896863526298,5.978833894893566,0.13555664207119444,1
15,72.24638731215175,24.08254058812089,3.3758993220219615,0.03213999318015415,1
10,56.16521981076113,31.353224431299818,6.845565425379276,0.2268754434174598,1
13,68.45406556782055,30.037319195625166,6.157320387431268,0.10351871807040469,1
2,65.35856942488638,24.043529470574928,5.513892717760426,0.04514037821401484,1
49,51.37693063836319,34.59780273431413,5.924094530536072,0.13732225909839368,1
41,54.130417900237155,34.18926897383903,5.97107630327507,0.20240336352669774,1
37,72.93817690814726,28.551314565738195,5.2926398865898125,0.41596232511269937,1
44,52.24517351315586,29.007093383040882,6.42827795289257,0.5836956862407296,1
41,61.24867610195479,33.63131968797673,4.547339651382546,0.32226586243331623,1
17,52.17458713673555,28.996684284440967,5.461811205195398,0.14125941547884446,1
19,56.86047813084139,20.345458997399227,6.32164280125006,0.940323829178413,1
47,59.53838056030028,32.43468278699964,2.308800243940789,0.5148537122209614,1
24,52.17133489702509,25.933703396307457,5.437963345974158,0.7418803326957409,1
37,50.39553046016118,28.05078472791203,5.724604978443355,0.6944351412688705,1
12,62.862733367774425,37.28935283975738,3.2915586341155576,0.2848967571277027,1
3,51.55262591208824,29.33010762995601,5.281820086016584,0.5598619253816285,1
13,51.893424443013274,30.008674679369367,4.206294019640361,0.602164115852043,1
32,50.6094685629803,32.54833637731799,5.396806281591236,0.3517910240832879,1
27,59.220919536686814,32.52666971937016,4.905000703589249,0.6707665654840267,1
36,69.43701634399841,25.404011163111083,4.053671830829707,0.7906765514391052,1
7,75.06528636312267,29.698507422328127,6.1096636636014505,0.36421055070781194,1
43,52.740819140062214,30.180762639629137,4.581634976010495,0.014915371542391975,0
33,81.50310793331211,31.360134483144137,5.269963794021582,0.34933593763088366,1
43,49.95295139293204,31.446109704583098,6.3140476234840985,0.11681560346660858,1
4,70.83548523327869,42.93720614388729,4.083305505616819,0.15560788918339008,1
4,52.78303545984557,24.120701147063777,5.008049247972827,0.3659494769451749,1
30,51.290767301299894,34.90045810098978,4.50467285495666,0.20762109821011343,1
44,52.552438432156116,35.916879029165294,4.727820355462276,0.9348889533869115,1
8,59.47552300350881,32.463919869617634,7.156085207906457,0.6528029223374995,1
41,65.7997217103361,26.748423025634626,5.45677588407028,0.5183641594442159,1
31,66.69868037904823,38.32334015133813,5.313592676622206,0.009724342676393438,1
32,50.560149846521114,19.04008567629901,5.52408733393146,0.10361774324578099,0
2,50.10340712488731,26.583666513910867,5.430259627582466,0.7884778467142823,1
29,50.83361306636453,35.85841098611406,3.174186461014817,0.389743763039509,1
49,58.88645597614489,28.14944198288741,7.296760820522207,0.04549319611857361,1
11,57.898443958091256,37.98232262400093,3.5356304748613554,0.8255590937925776,1
28,50.49824537930205,22.440976276607998,6.732594266026282,0.30264601319738305,1
2,62.69603694063244,24.43949053025996,5.618015365022251,0.3862956219742225,1
25,82.62568808335318,27.341809149365126,5.180779018134472,0.9743690706410285,1
29,54.95284538164849,32.086996387682646,4.694515023923358,0.015512741034482302,1
8,55.66488178796467,28.889899248099887,7.605160551093298,0.7213243931455098,1
25,65.59661570324369,27.548003737187894,5.604489560174426,0.9488841763117909,1
1,54.41183708263205,37.10198215549262,5.017688064918399,0.06385958235299272,1
2,66.68964481718183,37.56722487694575,4.46473729548966,0.8660770243651471,1
45,52.8145729322096,27.928101171462224,4.3448517312529145,0.41624169353603824,1
3,78.32119607577302,21.45116096335169,5.050610847172214,0.8779965158202033,1
24,63.44774972592295,19.212580854063102,4.069396968338757,0.3082745928904228,1
12,53.799770509232886,31.19645057390178,5.679651047944746,0.982662720499928,1
38,54.11308300530726,33.27977811109399,4.354357632763663,0.6470494096713987,1
43,54.86200247291965,30.314988927892728,6.004955514445824,0.627090360437357,1
34,73.72749666248873,29.645459464596208,5.982587381311287,0.8059033828813085,1
22,47.312489923987165,25.977286926529587,4.944564320875807,0.4365860696420333,1
8,53.32058329540495,33.27489896956919,5.580302229854977,0.25866963210837357,1
1,54.38339443074574,38.39092689449455,5.630363909526798,0.262930192719087,1
40,59.84312033243062,18.91561161332222,3.5376683908552,0.33060375082667715,0
43,57.288903073532055,29.612494056061422,6.731692988653624,0.6173526345742152,1
30,45.08772168609537,25.148258252932,4.744256285712845,0.8383897306118269,1
43,56.001773164045325,22.547670029730742,5.695573513415701,0.4995778784277908,1
46,59.00449316815032,24.35012064607792,5.723623511052824,0.4034482303507956,1
1,53.71902164920217,31.898364278422022,2.5104629084645915,0.7938477386910547,1
31,66.86775489047665,32.02481098795583,4.34307080525053,0.2896679068010718,1
17,69.19408428753647,37.301438805874,5.840368820426056,0.6890352690388326,1
12,59.21613300270607,30.043907735727306,5.062252459435203,0.10580522072649512,1
45,62.305415868507296,21.20889185065211,5.68896933633807,0.11323826624859101,1
4,38.38944002650729,28.809152288120142,5.092366561445184,0.6440554767646864,1
41,55.788972278381685,23.06810463892108,6.229381793803145,0.08275051427560143,0
43,70.04821691757913,23.966020567889977,5.1140338884444105,0.15505116395039387,1
9,55.76563416820723,32.90279529203248,6.4240890967804765,0.6243690571603622,1
42,52.62738323608039,30.9709045279721,4.019971422787956,0.4382036971013259,1
24,82.7768892603093,32.93782797717665,4.872359930521055,0.5612964528792719,1
33,78.19077190195804,28.21253576364136,4.406600431417962,0.9769429125888957,1
36,64.67574912482158,33.95264781712678,5.388636064062265,0.6319610379319595,1
29,71.38910611480048,27.932985508549443,4.721332055117424,0.5908508042512756,1
6,37.740645820419225,35.58341416371124,4.770485812906363,0.38013808139343097,1
5,52.12448559371293,31.723194697357712,4.295233636749753,0.6308775949994132,1
2,55.30042126826849,28.965015647576912,4.539264483071456,0.012999525698740633,0
12,57.64019901133054,31.060465220880484,4.989722936083322,0.5573202493426251,1
2,55.10055979026038,29.91069649512541,2.978654848816827,0.06889736051058704,0
25,34.49973708483654,37.98053257656461,2.698236143968823,0.22017224693838722,0
23,63.8602461870856,31.227188112893945,5.059145942307483,0.5631210021865545,1
5,65.43654128280606,29.991936638027457,2.2308234347664584,0.66795054850932,1
42,76.01898791589981,28.807545714746002,4.8068577231919285,0.3847965404007134,1
48,52.116907352250365,34.21592109622505,4.622836238808786,0.41897991598939344,1
41,51.29836842220098,33.539566695267524,5.542037869860874,0.49802240581388413,1
11,33.200155140355314,28.63079184843686,4.327981620948071,0.7590746077445648,0
48,57.06433163409114,24.221792426885955,6.569514769291966,0.017627771590167263,1
35,69.01111781062171,25.490159308108232,5.848162873230434,0.4470679987550289,1
1,53.8823213780728,29.079187302289018,3.487705968348486,0.014273597906826474,0
10,81.43444818543648,36.74463753059541,4.715653642525657,0.31914186063278305,1
38,57.43405164210476,28.74911685376543,6.527185144183875,0.5198486213132243,1
33,61.46992284288556,27.029381950172176,4.302368094600466,0.07991928366748147,1
25,46.36896919418406,21.19640343375677,4.947107674974589,0.4852135279763722,0
17,62.872203451752796,37.56770717801148,6.404127575854777,0.9245739036255093,1
20,40.20680205147305,32.8451407299073,4.459404383937222,0.6853423377040767,1
35,66.93697955013145,33.98004985002929,6.122979940082892,0.7822526718768076,1
39,67.24428176235412,34.80844025964687,4.0900003973863805,0.5804142182165973,1
45,73.5929142433651,29.176348856205184,2.1123861498538807,0.8963589800472268,1
43,49.800312812323114,30.422953168737678,6.228529316440627,0.14686929202536025,1
21,61.60562118297419,37.44300970975997,5.438735040057476,0.4497860332046466,1
29,65.63816559386504,30.897904446595685,5.504564275334466,0.5970332343824835,1
49,64.4228163833031,32.937626450319975,3.9070372086947254,0.8734753415763069,1
42,51.34700724865149,34.35275358600256,3.9866473835031364,0.3080102454621152,1
29,36.080181104438594,33.21465666211322,6.1504365197361395,0.00112797776576401,0
7,63.46960296884481,29.359154148667532,5.243207307404263,0.9744141110431304,1
33,58.4750032169008,29.8305807859304,4.88254394266224,0.02597730413286481,1
46,54.3332940703856,33.88820218987971,5.220926662114164,0.1523667272397342,1
8,67.63945363715466,33.88001429967363,6.5085055300123,0.4220463294482849,1
19,59.55080461845567,35.84116299509731,5.72368822705257,0.4963698129978603,1
39,46.808049472322004,32.75548491654919,4.525354802614842,0.834465957429185,1
24,40.685477109037784,32.98302806796028,3.596512138879948,0.4478179499156639,1
18,48.71036734866834,27.768833166077766,5.588053761827785,0.5474291366508607,1
4,83.93012294766787,27.094252444640492,4.076031989365771,0.1999998708521198,1
10,67.22776773932773,33.90315337175747,3.8176230623812346,0.5691586991399007,1
14,61.88612341975012,27.129074659918125,6.315749186874068,0.3483837429854506,1
7,58.18339072814195,29.89649498441569,5.8724057467581465,0.09873228127585232,1
18,57.52607060052564,36.89511620485646,5.385685926680498,0.9464628913486434,1
22,71.67195983359095,36.10285146172544,3.7616029390627506,0.0816842854433878,1
26,55.094042580965684,31.50894415398592,6.7892660607670825,0.677878930381666,1
39,65.76920410684292,28.51930210083145,6.028868314715849,0.9081931529278069,1
31,56.51572049708406,29.38310544828248,4.696214398937606,0.17920465422304377,1
25,79.40156631835063,34.33830070527807,4.484719941839135,0.23711766612902152,1
26,67.42288507578304,29.817503612769173,5.0784897413089345,0.42670676514241146,1
18,72.45556814683626,27.20858803494868,4.521581333461349,0.2945099681860971,1
49,54.15590225311761,36.07887378203987,7.211853956785108,0.7590331397372044,1
41,70.58136112567422,30.908000695646408,4.614471625295135,0.3381533755065701,1
28,56.87422574605309,27.11372089504127,3.932117128459773,0.9858355404186013,1
38,61.10034823932849,32.39470094466316,6.588415858333078,0.8587872325099697,1
40,76.35047670619458,34.85609206596254,4.4309381667128935,0.8953441337843437,1
32,49.57224943243581,24.9616346760612,5.786430108116729,0.06366428526747281,0
18,62.032477313054,28.997730433235326,5.675387606086071,0.17630845942908413,1
36,64.38005258518727,28.766583162057938,4.941437949454945,0.1693684069188326,1
18,65.2000438080081,32.261435828917385,4.027003235477304,0.6719646481756439,1
32,55.49215506906535,33.16004161429929,4.951817073021609,0.0119113741751673,1
46,80.86264100808081,27.24263044360257,3.8301388936677814,0.8064261999760021,1
15,47.0506811465974,22.536244120469874,4.976282237463097,0.5470460184253542,0
22,74.5888538863247,35.15899377299701,5.772781466459658,0.5663130315873935,1
6,72.15065605591639,24.400273647113934,6.717780066191998,0.5373364222410117,1
25,79.00888789603684,31.355921025219388,3.9121508840557118,0.5353458897232722,1
31,44.1177290129218,29.34009550634659,4.749541396004072,0.19788607463355024,0
11,51.3116851211029,30.812219526020375,4.475188915774719,0.2831797218190315,1
7,74.9194305916164,38.25616985853429,5.273739377507488,0.48761745783347543,1
4,41.22960845369691,45.19140806810914,3.47819162368918,0.6778444975224462,1
41,43.935410989595866,21.832812943006957,4.071337322875033,0.27195376001843474,0
27,55.11692213288508,34.919530776664615,3.3079834419313645,0.8061349249975069,1
4,61.91993788622268,29.218761136611768,3.5616954593348957,0.8105931677810291,1
48,75.92225073648775,35.23927256856276,4.339562206087915,0.27387940715601566,1
25,58.147340850696416,34.786315380895815,6.670882612825888,0.560064680554103,1
4,53.91760851935461,37.048724035990816,5.347600476932633,0.3489228545340626,1
21,63.11389937696427,31.424824575813485,5.064995873599806,0.19068573543736655,1
14,64.69596483294401,25.55211757522488,6.346886004028485,0.8059999557958484,1
12,64.41239822170272,34.6382474435481,5.3835978811834195,0.991481218306534,1
27,58.22013792048655,30.589987880720322,5.477576111397007,0.5657191781923582,1
32,40.44913886081851,28.83078392432934,4.526975534820199,0.9139467048596931,1
42,50.82384010893668,27.61888059647519,4.362671644390918,0.6421688075448019,1
22,74.20271085267463,35.03167784552565,3.688873050268581,0.5657237015786565,1
32,61.870689379766,38.016847460036885,4.3989104339586085,0.4801448800474388,1
42,56.77477880892943,24.02323720650183,4.7194765859009475,0.23571496669333858,1
17,71.18168548373974,33.10976121239465,5.34471894751692,0.08425527128243515,1
49,48.698833676310514,28.138064072886774,4.963241584955297,0.442335918016843,1
29,57.746518662869924,22.66363800903943,4.6349305341323115,0.5613099135488573,1
25,61.37758405174037,30.73852910381504,4.088323248103251,0.5094496542224242,1
15,55.58622496705371,25.834311099052197,5.39912680795521,0.6955706354090126,1
12,61.007628229015985,22.11123386099901,4.502233912966159,0.1920987835675405,1
38,58.12306068578235,26.09129763887733,5.353796507991989,0.354202978913165,1
32,46.00656952214125,24.861130410430732,3.086727890406464,0.4155672712902664,0
25,61.81477881879056,26.766565734683045,5.336421162969894,0.18652330557831198,1
47,46.71648208487132,23.370579615231556,5.746906902796239,0.9064642136721273,1
0,61.65615125096722,28.02429945686893,5.619530859363748,0.6815114574129173,1
48,73.74135824150109,26.43375435958014,4.803279574649305,0.0918623463423679,1
37,57.18976802723945,31.87806938572829,5.915318315424377,0.7127980398671891,1
1,48.285168700290136,32.96769493199158,3.727041117044153,0.547787606020495,1
48,58.730121867950196,31.30074288389221,4.91079393479347,0.5239404667931525,1
5,51.68028891921469,28.822777710632455,4.806604198839301,0.9897857751074809,1
45,65.9450900263147,28.68786202153843,6.036399689041087,0.6182008211755787,1
49,58.52011252477146,25.814625062943172,2.979506829475452,0.8967281929963138,1
37,77.09763251664573,25.935026702950317,3.9418702820727,0.913548940106124,1
41,71.62989595677338,33.51801934039368,6.747250808630516,0.1014186317408502,1
23,58.46919495518597,21.20148700674768,2.569433876155038,0.008362256379569888,0
17,67.15609067973091,29.596375308435288,5.814423971687501,0.43526690939872736,1
26,56.06763590837154,28.382354692193996,4.299672836972857,0.7692849810410226,1
40,60.339568851651684,32.995660506874465,5.2547026036461,0.8241959553305319,1
7,56.38565803649688,22.874940082888244,6.413782403859354,0.7874940466339014,1
27,67.66455959849709,30.062403527429698,5.29320687107883,0.44728795851419934,1
9,74.32988276709578,31.714921706795533,6.434533376761017,0.7499641185365241,1
16,67.98648207191144,20.476343906880025,4.5076508192131985,0.7187765245261798,1
28,69.21936601285356,24.628360135691313,4.639823744157092,0.3138192509648037,1
5,69.23033437235729,29.541050765936042,5.786842248847726,0.16872056023887883,1
13,65.5125592233471,32.57073453817152,4.560569539717669,0.6214187172219956,1
21,48.607138407897324,30.9124965555635,5.597346381038003,0.6770863921820848,1
5,77.009715194165,32.80227126474904,6.183804216577683,0.567970690867908,1
25,78.04410826698425,24.60313743679673,5.868336894287388,0.21317954649104642,1
38,57.66120396686632,22.056248251359868,3.421088434553418,0.2766733203554558,0
11,56.29302084783818,30.42252902878395,4.658619222950478,0.7084862714593395,1
34,66.12411652915375,23.853233808929424,5.281832484054822,0.9626223640372191,1
13,65.50812835183505,25.673388369760985,4.756106460370608,0.9448356015558844,1
21,57.980539312469816,34.66139177413187,5.0793660133915335,0.5196581464172928,1
22,47.49974344412396,30.945497783834256,5.29507074426926,0.8865594747654684,1
47,63.057011907497774,27.15927547372293,4.473431879282431,0.029451200305333214,1
6,65.51436538175545,26.509842476795182,4.806561119544136,0.8611521215976752,1
39,67.25821148038797,33.104607784445825,3.818965271993145,0.4761508234347266,1
49,63.492927723542074,31.059854678249916,4.522158213092679,0.781527334908318,1
24,57.28884851638091,23.927216788386545,3.4733213972341845,0.005582909587431795,0
12,69.94002039506279,20.260881334495263,5.116496695692691,0.8685607843690037,1
20,60.658484975659185,39.40900916320075,4.80677779564145,0.5949796223808745,1
40,55.35076985635279,23.88760387341221,4.0842047879513705,0.24023039825221593,0
9,58.19346617954279,32.638482516500616,6.785259808828847,0.3474830544355004,1
8,42.540309675250185,37.55346466169087,4.754588516953159,0.20066608693123167,1
14,58.177581758214615,30.73798784416578,5.28655294407962,0.4244057578458832,1
1,66.88436519874668,26.997816617663975,4.361366835154538,0.3300060312805233,1
24,63.397830221392304,22.869754791521437,4.5856519792627,0.5345031770520113,1
12,75.20664172981186,22.79994731839985,5.324413470848536,0.8147844418929276,1
33,57.370250859842955,31.88347424338193,4.667748950193112,0.9822752651809636,1
33,64.87313163053317,37.25488161474992,5.003303356888268,0.251457640727172,1
34,67.92740176305772,28.022704516477354,5.806824615353465,0.10650826269282221,1
37,83.42857008287407,27.22139768925318,4.481973820481148,0.39566724990261504,1
2,61.44765491117641,33.48740545405593,3.6678388167621137,0.14355427615104754,1
41,49.558128211359765,26.570263730476267,3.4737357103215865,0.8342402020843542,1
5,68.47928753355282,31.372414538142106,6.438439036386863,0.5011248795363639,1
47,78.65727355968457,30.209007250427565,5.931146700575569,0.6199623824086472,1
48,56.774512897733786,27.95265970710972,5.65579966718774,0.15061255427639375,1
18,68.41081538606416,29.922309206317397,4.563947194127987,0.7496088158365666,1
2,72.2872805522892,38.8157605732499,3.666919989012166,0.9735818119349604,1
17,70.17065543970153,33.02266472050478,4.717698386503852,0.48238525149226397,1
38,61.25558522473578,35.46250402127989,4.906645628713955,0.9624573047906434,1
8,53.01526241786854,25.406528195399694,3.8684483332527213,0.034716093841359985,0
11,59.187204519864146,35.47968073803787,3.53034368695138,0.035722713814355433,1
4,64.58600453877631,33.195102377344924,3.2696873935960675,0.9600129107593914,1
2,69.0822252409173,22.50201951720316,5.657393187543844,0.7002655974310279,1
10,63.33945047999039,32.6989536668555,3.7946416847969857,0.18868972702400477,1
29,56.20092033459423,27.433629316026614,5.309410320715938,0.36387479909256926,1
3,65.55379656149769,22.27098161837192,4.602200146592752,0.5077530679281728,1
4,68.6008506774282,30.648878661638097,5.589637908776137,0.7026377355687445,1
0,63.79610056414481,32.695212955313046,5.335824511969017,0.8420265601752295,1
26,51.63812885461675,30.758040343222813,4.768062582108714,0.08265640471319469,1
27,58.1859396528281,29.454307075771222,5.130453425209217,0.6565741234889138,1
28,69.47820776412466,28.34707330770834,4.889663891623287,0.4767114136379429,1
17,46.169821912555264,42.33294004670778,4.384652849366928,0.5976222754430279,1
11,39.06821977608841,24.087153057356772,5.980082785457863,0.5085316066113023,0
12,75.08082850144021,34.36460991178602,4.576926246758002,0.4506930505094552,1
40,65.11415255021879,30.07711485444492,4.9131498537485205,0.20551279617971618,1
1,66.06730002520106,25.72766746866484,3.584874900342494,0.4723359123589791,1
36,49.231830263729435,29.758004746857104,5.274044603844813,0.1896551380417696,1
44,67.37528063466539,23.03533681205691,4.389418402854539,0.04461148702771611,1
15,62.752486875683644,27.02254796596573,4.523151340842098,0.37382449094802217,1
47,44.15672422151603,29.765328370821972,4.160439139115558,0.024955738749504075,0
23,74.24283414273857,22.244414707004353,4.876003552111651,0.5625449630219996,1
34,61.58683323618729,32.531912692440294,2.9935273849630066,0.0723924533401773,1
21,56.039160339207314,25.181194795442337,5.6823570129132595,0.43755364228687954,1
35,56.22010254014782,22.741395209932236,4.961335225320772,0.9801428373752276,1
10,39.847780945676234,24.59791132085815,4.5327143987977925,0.009881520618937989,0
45,65.93336599631364,40.87977080917743,3.4517693342090823,0.3668545676562983,1
28,62.618572072457255,20.1096792906558,5.43306668647997,0.6732628559609004,1
34,58.05919867666905,32.18061544384895,4.365672439704924,0.15891690461990593,1
47,72.78485207451672,26.241818644903567,6.306086870248315,0.5607336415701184,1
14,46.16140981004154,28.249359142412192,5.486318962329782,0.2581903586156227,0
30,54.03227523632385,33.019654643401665,6.534655688687123,0.22276869158422574,1
41,51.49991745239614,32.7740935741946,5.1369700407885714,0.8949835507459517,1
40,57.21205020228447,26.596517904191046,6.077822761162155,0.20328047898016022,1
42,60.67470025257223,23.21087996683353,5.462771045298217,0.3765517107653026,1
15,64.30013523811355,33.1107048685032,4.549018587796204,0.16959750487455716,1
9,56.530265468948826,32.76188596504672,5.1872100184841345,0.2838877397537175,1
48,51.22644264845106,28.575152456059058,4.166013733541064,0.2931066801223766,1
31,76.86006949770444,32.20972191904189,7.068779432974372,0.3267730237570665,1
1,84.1164019178857,27.770852595122324,4.899134890294587,0.6410669368267251,1
23,61.43286671882025,25.86481217482606,5.026210291518651,0.7425927431115346,1
22,52.43219632979133,30.019810905605375,5.389985861633519,0.5106697195312383,1
1,74.75454131042294,32.59516370545759,3.9130546756832723,0.6104759809208841,1
37,45.53242893671535,31.54625134776217,6.321371105666575,0.8132687469833212,1
30,56.652266752951725,32.54581340038336,3.974670449231949,0.9995606613404191,1
39,53.03882948653698,26.197105633554372,3.748529437638606,0.45650598634372297,1
25,48.40464449549511,37.909405623791265,4.833475987296974,0.9364344955926457,1
28,57.199757670782304,28.288095723306878,3.7207025022104157,0.49037009302850654,1
2,51.35827920826035,29.405421742617044,6.5619405361913765,0.7819997524915143,1
13,60.12654464148655,23.406720453910662,4.7692967303169445,0.5732230451483068,1
24,60.27177167672464,29.03072421851358,1.77883250215957,0.8840392252371658,1
47,53.78668276478021,32.66118868425759,5.199948518125042,0.44870320161675936,1
0,56.294866434061305,33.81255306346333,5.553505986854041,0.6958150012971706,1
2,57.6915103209629,37.80970368593391,4.578567751609782,0.46631521921818797,1
25,68.09846061119427,32.6011744791273,3.6441069742387913,0.8570274013366919,1
17,58.515705989358146,31.384565978998516,4.896692983333502,0.9943686791423828,1
8,68.24701740786097,27.768524442428404,4.518294532773155,0.24331499192591188,1
37,65.85812983554655,26.691297958834966,4.0244280801409635,0.4743389632072553,1
22,65.71530696900741,34.85124257334078,3.9361749299052495,0.08125667976038708,1
20,73.87845970345973,34.755351758694545,5.156235748937385,0.14099544441378908,1
0,48.8060912025409,24.614936495756137,5.903021800389656,0.9291501822455719,1
20,55.268168936928866,33.615479435767405,5.461543837997097,0.5436137764909412,1
26,77.63298800299569,33.25191845697921,3.27200214141162,0.3951160172260618,1
41,57.426834994107324,24.43095557492903,5.615478004555983,0.6714825293075533,1
5,31.848763100941504,32.702284023945886,5.772474012027049,0.5601612883201119,1
43,57.97031656852115,24.752267702590963,6.3936967508477665,0.28871772296722575,1
35,61.3493953016325,17.853535161632557,4.050112243908106,0.22661450626019897,0
27,33.82886882568789,29.19948793153975,4.943397360635372,0.5902397500091051,0
44,73.33935639887949,31.289073526274944,5.567524250303832,0.18826551121140478,1
16,52.86287536134398,29.424645975584433,4.472446301860389,0.139172100772186,1
39,63.28563115187516,44.33553408593987,5.551909850346628,0.318387562467061,1
2,57.74018454655938,31.89425614617487,4.975973673782092,0.8613410631434684,1
11,47.116485807959585,30.7357090964935,4.153545183344454,0.03681944092282885,0
38,49.2949186536458,32.14795651657045,4.238757761309453,0.8332662536226892,1
11,50.64917163572453,27.79340497799951,6.249289356274856,0.62097383622996,1
1,70.85671909183638,34.647395310467694,4.003581337603328,0.04037275755698588,1
45,58.52461811899848,31.80500973088551,3.8319997158303862,0.6020389163882915,1
21,54.78134483448253,31.575858519462454,5.34437886473181,0.42601940475238653,1
22,50.65391087409769,26.879398885665303,4.969427215657506,0.8411276081053433,1
29,71.96150221526126,22.178348367754534,3.6883786225732615,0.9071987106630457,1
4,74.64201272523587,27.493069554613548,4.480579825910476,0.2864931611976166,1
8,71.84743898706681,31.41316928129946,4.183218521739446,0.7841700090561199,1
20,64.92437339154166,27.77650260127527,4.358332453753097,0.3098028293209395,1
10,62.898300418707116,31.458635835336853,7.524970396806646,0.295635457338841,1
4,47.84062182024098,28.838190615718474,4.697420095325971,0.19263834070482777,0
34,57.54180873288942,32.152897423132615,4.118749055827852,0.6784890282824177,1
26,53.16139796653563,25.11587937062343,7.02178749079965,0.2616854790267693,1
48,41.744878910152906,30.964450059425406,5.888254798192396,0.4648583420229204,1
1,70.57043419165366,26.795229268243016,5.724825560585409,0.8121280874757166,1
23,53.041700536077244,22.30858528934682,4.166905705698634,0.7919128417073924,1
30,71.95941907435306,29.174229384858126,6.191483357686506,0.8554426092953898,1
32,68.81746400760012,37.68158786909024,5.816274588232838,0.16106451330422544,1
38,65.56717976633419,22.707117960770088,5.1470895818380145,0.5868927622823423,1
29,66.12884071763183,30.596961251970995,3.283696877127753,0.9148398448426976,1
45,53.84686117926292,33.98788531632112,4.980079997522172,0.04205008630204554,1
36,78.57850151290666,41.50015342572226,6.729930714165379,0.7945267729983716,1
27,60.431254309530495,27.535335087766562,5.22038281974204,0.24623721418711586,1
30,63.01931685118704,26.839996976978433,4.623533472918137,0.6696535952509742,1
10,53.509236664333606,24.166539020303667,4.771542656911331,0.7174050440290982,1
22,50.6883473922304,35.7025816742311,4.8407476931861835,0.925585158290568,1
1,64.77296008809424,25.662928353804624,4.200385786223062,0.508799422422965,1
39,62.175134959387854,28.14701784112325,4.958755170637184,0.848231108090543,1
40,52.106476340974226,20.755310613143724,6.442734529545549,0.04531801259962143,0
26,45.61573281224596,34.41985921339263,6.329454878910979,0.42054278025731817,1
34,47.30076912672453,35.79129140389013,4.245664089675936,0.43951892866892417,1
1,71.96133717091107,34.228875317921826,6.275897384550694,0.5382784758436292,1
38,53.867461853499286,21.973373593231408,5.76114131265275,0.48134047476786,1
36,56.61091454324166,33.03575520389653,5.633338537611662,0.9679615208829548,1
20,74.50340258759061,21.636648076379995,5.431911881640134,0.07853957084807761,1
4,48.77849438513586,30.290201510321204,4.069623621220544,0.2650166619291262,1
44,52.73005174282943,31.025387899918986,4.594421815042884,0.9686287814495441,1
20,52.31233171439307,31.550916090541325,5.832918403121326,0.445302546209029,1
28,76.1806848116604,32.67318266318734,3.7931296561250525,0.5711574521373851,1
19,79.93383500582414,29.95983198220364,3.959224894604124,0.08102554430845754,1
37,67.51563225402171,20.18785243635724,5.306197424765906,0.28405087996240364,1
19,67.8338472415424,32.67560504399766,4.210467339340897,0.039651698661515855,1
49,54.19644997147269,30.48804070563874,5.823894353700767,0.13750484248778816,1
24,79.47328486904283,25.486901043143835,4.245782043743454,0.6333148177882042,1
1,62.67696254358662,22.153012894316955,5.244380144863147,0.7636224638532643,1
31,68.5311026444974,37.70011092962179,5.328071564650731,0.8700848768997611,1
25,58.944750612290456,36.15650269145341,4.517905322102523,0.25146438054622533,1
5,57.319674126723896,33.52978703653727,4.760353370345406,0.3328638416030588,1
40,76.63042259596118,26.618500443826484,4.319988519960045,0.5693983774406574,1
2,65.39723679738307,17.415022238942413,4.981395294347764,0.08368586346794527,0
32,74.51375461070381,33.823395877176175,4.038312759912073,0.8067182601888941,1
0,62.553281717450446,31.833433869275375,4.776492248502941,0.483292058708819,1
4,51.51633463576909,28.126688454639115,5.748491007795216,0.9655075526946385,1
12,54.16657067121512,35.62403153348938,3.863248920939329,0.11731600902570993,1
18,61.0296524246461,34.23998766981425,4.5129305880221064,0.1332903809418977,1
11,53.73499783956673,30.880477441154248,5.518262409984949,0.34857728411707145,1
47,48.92538591372309,30.17529208935557,2.9223552183193378,0.20676219937868856,0
24,72.01417031787025,30.254838587998407,6.855584036399337,0.6965901487942574,1
34,54.55129929176488,33.39969936417373,6.045257914030934,0.9468104575949372,1
11,61.3819274779132,25.71261826728506,3.4616644197626796,0.089904509955117,1
29,62.96133589885605,32.12991560892518,2.8958042000682482,0.24223633311247117,1
4,54.11846874679431,25.397045277652047,5.029617587334061,0.23789814803264497,1
33,74.50799466308739,36.68277585876117,3.8797558040978846,0.5090730639622123,1
21,48.82858238795387,32.66064285787617,5.961493290198412,0.4520254423987997,1
38,62.61625263580771,26.55885869180535,5.394002162131688,0.7268662062258218,1
12,62.46117706376584,30.40297912014875,5.12337901633727,0.7326312208243915,1
46,59.45745397135852,25.731068099859797,4.429743614976398,0.5727544634556142,1
2,47.03087386728018,37.52056418850398,6.600007639789353,0.5910222591920123,1
19,68.70817551863465,38.11437992235605,5.7534521007216854,0.8423163898864677,1
30,67.43510670334597,33.48111841281424,5.603165809020646,0.3969364377524418,1
4,53.244314714087835,37.78328283827289,6.200055964627442,0.012342948296077516,1
23,67.07487207205362,30.758979744362502,3.9811391365071307,0.21303028875275754,1
39,63.74907686300776,33.817562835873986,6.28473786903909,0.0353621106882247,1
32,47.193878546388916,36.123622609548775,4.7353917036373625,0.3934962227990453,1
7,51.460710854286425,29.971282022420414,5.33472969660245,0.3578356254296683,1
23,71.3828144488958,30.355519286586727,4.843536990328067,0.09862993453459523,1
49,63.0941618514205,34.66828300714449,3.122134393626415,0.7550255908674652,1
19,54.35697054189374,33.23248982797997,5.957348260972248,0.553060734005603,1
15,51.41524108827358,26.222696398994735,3.175516677092544,0.2257017056984143,0
49,54.84606201884579,19.065853143642656,4.033479399987425,0.7591260758656098,1
11,55.555204701222955,29.122359687014757,4.547175369571879,0.6679311920419954,1
12,51.54036967370748,19.515429103874105,3.046384453990721,0.191595139798879,0
44,42.58235887616698,25.044913319472258,3.8993773771962923,0.9828883306396111,1
41,71.40013286400786,25.62856521399808,5.244820090784032,0.177426065855527,1
38,69.70633672611443,27.15678844529937,4.653348808464463,0.7717002639582835,1
24,47.267445481931404,34.10219072081771,4.735847126274849,0.9682864831101112,1
45,61.36311295563668,35.188397703651304,4.0849935490114095,0.7255021802116648,1
31,50.977617972852336,32.543703599036036,5.04618132375789,0.6657770693501821,1
23,57.384327767734646,33.162534880309025,4.674751974803401,0.9033214468187379,1
47,56.552334201263434,33.28060228184323,3.359034598981633,0.2691321938856722,1
46,55.72165784282127,17.51585004389538,4.799081330429072,0.2771557504658183,0
43,80.02947084076285,30.050988410035583,3.7580881730818594,0.6411603887043883,1
8,55.596743153238094,21.017706394149975,5.8976971119425645,0.8821377796915478,1
39,51.91736174933075,32.5456973783577,4.608493265301396,0.6173741483635674,1
49,52.37418570502952,19.534459263401516,7.521524430730786,0.9770487563095125,1
22,70.43776956401756,29.097807323246503,5.966902536521452,0.2229023093667527,1
49,43.478976683070655,32.73884888009793,4.869730824712831,0.8258796028577129,1
12,52.3737708356448,24.41121025841844,5.579478833223918,0.9272636482511838,1
31,74.46822840111534,34.8085798025661,2.910200811288371,0.42700239795242423,1
49,62.43986187997647,32.533110849758735,5.962379406909756,0.9619825267323299,1
14,61.91922005036113,31.90412347918955,4.179709502842508,0.2021476204555792,1
35,81.32146460143701,33.49000793755266,5.089733037044353,0.9528339332627566,1
48,62.463479529484985,28.20399956116672,4.272377487149988,0.9028080594556858,1
4,52.91813838640417,30.759594318784043,4.378681624756638,0.06614587216275658,1
21,57.179229431236514,30.050257861170994,4.8188679100205745,0.5213316080224364,1
15,48.645676909694316,29.937255276919277,5.0768327750066184,0.528839051497057,1
40,72.55937040015696,26.639844616764613,4.973084119210708,0.05697342689982732,1
9,65.74561717536716,23.78733942638647,4.998015375861971,0.03953116010747937,1
23,71.24414149970889,28.315708253552625,3.3743172925185565,0.005096780814540902,1
17,72.1298392854937,28.040260464028666,7.332049604264109,0.5245088434188985,1
48,55.85789219072468,26.31634506241555,5.23198032906801,0.463815603969166,1
17,50.552471479911105,34.26026890905012,5.437567345637132,0.9404601935563911,1
6,59.48286888691954,24.138966910721933,4.660008889204939,0.342306315858101,1
3,51.27238929211462,29.142454205543793,4.125845305442378,0.6582273955313506,1
25,61.64956875409025,35.83169855780626,5.151035730970174,0.007563414640607391,1
4,71.32096880834689,34.54564676299776,5.289276910641028,0.6635384458002301,1
15,58.31860353950833,36.08146942548641,6.301808877454733,0.9134600240269117,1
34,61.49995089907739,27.046097113128866,7.077617683514798,0.3547679566650578,1
25,59.06154383776634,33.921440628638535,6.477022403990215,0.31405710178362556,1
17,68.02727572437698,24.68514801510934,3.2334710765800407,0.62602986487255,1
28,53.3221760571171,28.6206302209173,4.539581859190207,0.3285520654574863,1
22,38.03553738356901,29.091220946099035,5.335817119954368,0.40241837547651116,0
13,64.7086885937538,27.120798939009948,4.599714347587566,0.2731165408632873,1
14,69.87834421307994,28.190930059577376,4.956173183254264,0.3448892062789355,1
48,64.46374244758536,27.533120362513237,2.854863755906819,0.6794106124311277,1
32,53.59769504531986,25.08803094449152,5.914213000983304,0.9223751864261848,1
24,48.64987901813931,34.282067530028954,3.1245447611935413,0.5831154757159667,1
20,64.94497531780321,29.087749985628655,3.427510475852667,0.010033448928329691,1
16,61.414789529346734,31.007182719586428,3.9853292157083544,0.2638925617987634,1
22,58.7420737234167,30.818884355964272,4.902466046231201,0.9522385286524495,1
42,78.22463342993791,30.273632125550108,3.377274644821141,0.9103217638301031,1
16,50.531999058186685,30.464022730282142,3.9396077659351696,0.11564723960055212,0
13,77.75037021127466,28.472913899844894,6.148945042309545,0.9084170630673277,1
28,60.3178390487064,37.091984342574314,4.887639646974575,0.9645290230389203,1
19,41.64429523129125,33.8037238081768,5.433546978698062,0.32457189576033985,1
29,58.20797345680859,30.0919101638551,3.7637572157502555,0.7010068094032675,1
18,69.59496076599441,27.764727820169682,4.94616397544277,0.5599824155136297,1
38,56.349449671950296,29.4058957863546,4.864133393688632,0.33704965855077884,1
12,45.25221458761605,32.08810758185873,4.20472952909361,0.15333578091852007,0
17,58.3548546820383,37.49970046268156,4.948922895882141,0.3669202241054469,1
22,51.42827626108294,23.134762276674778,3.107874707177082,0.9277965714385125,1
45,64.91814401087963,33.29887379320889,5.438608744336132,0.8112483755733463,1
32,67.73399816067611,35.63361818389317,4.600507282446857,0.3306745306429044,1
38,49.43729592251894,22.566407650473842,4.742780608176522,0.54767535201082,1
39,52.941959448843505,29.094245616343628,5.851765802116783,0.40596167870958144,1
17,67.56642465106938,24.677410134584804,5.43203347745801,0.4662378479928111,1
8,51.41155721701041,32.152648058385175,4.681660810938888,0.7612106860055017,1
32,49.17841864172005,28.208245338222238,3.8834139708879665,0.5430062009508604,1
31,48.21308868203745,29.349304665599373,6.32866140478759,0.1810444634117916,1
16,63.520386129581205,27.94472096360763,3.6598779980723144,0.26903562780453905,1
18,63.091577195174644,33.60081716384134,5.629366902601151,0.5677938618776023,1
26,53.159539696209585,31.145164802990692,3.4026060557936346,0.6928195599291995,1
5,60.05085396128234,31.154633820198278,5.917873303145125,0.5081204273825791,1
34,75.27132384155131,30.803109125407268,6.010600852883568,0.620210532341195,1
36,50.25939843081778,32.86245440226069,3.087389156811532,0.7893769515754798,1
33,40.48257390989551,28.690140725718383,5.4493350526879345,0.5453919162080618,1
19,64.5507557572037,38.50387393770463,5.3665036477498544,0.9771914500522993,1
24,58.89598836098411,23.826026243907403,5.703049304686026,0.23556865180272346,1
3,52.899749131848985,21.370407759151757,5.365240275018318,0.9196882503900536,1
9,66.52080237354907,20.956597156957134,4.037684307209777,0.24765979479735778,1
9,68.3922514466879,19.602059403537822,4.7827670325301295,0.5316445764337018,1
23,37.917219801199074,33.36584907410126,6.664646536433969,0.4559067708026098,1
20,53.47402090668512,32.7568384964132,3.8921865240504268,0.37288326911940495,1
10,83.17516231196855,36.03888245887798,5.322857958351173,0.9627346686008242,1
26,65.83404915798191,24.71680892647239,6.15125387395505,0.2723015608659902,1
15,66.7610363829715,33.727307273727504,4.009247191139355,0.6748691043430617,1
25,71.72894278631479,30.28412031074653,3.5832133528841865,0.8040685720128099,1
29,60.17068825199726,30.832932495779296,3.7338976663488754,0.1970068456093681,1
48,67.9668416009162,33.12811447674804,5.3949713615764,0.973152926405532,1
15,67.18062043837203,26.218591244687783,3.725396227008306,0.5466404757057994,1
6,65.39041496752759,42.93624567702244,4.864639959367923,0.9144906616130566,1
15,56.779880293825954,36.659401521376765,6.37127139630322,0.6638810596638406,1
34,61.720589223662586,27.341470230023198,4.948691875591369,0.6494268507767725,1
15,54.116384356932215,24.54630971138326,4.222187211839197,0.3455860892401832,1
39,60.12814304566495,29.56047919097654,5.125409672713386,0.7705901434260879,1
11,48.31509107900733,30.911292217910212,4.931327145931674,0.029786317199877677,0
34,52.093760087270475,35.32807629854155,5.452657638803243,0.5558204821197654,1
48,57.17687958075071,24.15639544215837,6.6191445538188525,0.03213906320343474,1
20,50.56294568569924,31.42743471599583,5.3967688588369755,0.3068718727788222,1
49,54.949827292548235,22.354924877926052,7.033782511765904,0.09629578021148999,0
42,58.36074023244484,32.18178796705559,5.455301903477542,0.9115910283511077,1
35,64.02262344664378,29.462478897709747,4.232668707291956,0.6282603665388541,1
47,69.4925730185291,39.683398811428816,7.288302994228601,0.668510616874164,1
16,55.36215628621892,22.269987278901617,4.875181982654783,0.8511284242910621,1
31,73.35104617268624,36.853041907450525,3.945107768108995,0.7330324752624556,1
40,69.38611078625493,21.48084332416891,7.323728663629934,0.12419557614735932,1
5,65.04093831943942,23.36394862796748,4.266883113819521,0.6175383332595575,1
23,61.53649129296619,21.614527207639174,4.2276105679641045,0.9781707303929708,1
26,63.19120841868541,31.25176304225527,4.4485294919555916,0.21411589092671413,1
19,71.87051150666382,24.131505946231332,5.164626413322205,0.6197139311191505,1
24,72.23579659759274,23.25834247359731,5.930861397448887,0.5636143141213322,1
1,73.34946728383643,31.013838008116903,2.351208386311813,0.3916460457948103,1
8,60.41326831877003,32.25887692937345,5.926500485311502,0.9546353836656881,1
27,65.54967164998612,30.19924652075163,4.445465397670369,0.3564003856150063,1
37,73.43546506622052,29.188904254892236,4.587105556839867,0.09368044268622844,1
2,53.76283965083607,39.14454816218589,6.715191810921318,0.9625429837941306,1
19,56.81583146281696,30.72918133120985,5.213308159868999,0.7292202068154314,1
5,60.16036663013478,34.028457369611246,5.4477013478651015,0.3424498756182287,1
38,68.99598737979406,30.714610628449794,4.951439885180437,0.28051162508971417,1
32,69.15172150718622,24.510618558726577,5.763642583882335,0.9280266646100598,1
0,57.691358888020645,32.749438409510084,6.618010572954878,0.27354997596019504,1
36,44.9139054562029,26.72101344265104,2.5249347169269605,0.5371576726963012,0
5,62.46183944295967,29.545069309803818,6.084617990736243,0.2149550712064897,1
44,50.81683862671599,31.52701340946713,6.547033063875353,0.9952146139151824,1
33,45.100637953597776,20.292909665566786,5.501063247900593,0.7695085862716691,1
46,47.36128439266284,21.952489380541355,4.322637577295151,0.5676349401537106,0
14,63.263810078455606,34.547295862487815,3.8477275520998226,0.7458264491828112,1
44,73.61037360932806,26.68126776700528,7.361845686913262,0.9163679666008213,1
25,60.38894516236244,26.918390054455696,4.095016313377136,0.9631241944205889,1
13,62.11380654645965,30.832191986854102,6.517641571056252,0.7860188844254585,1
6,71.82894938877925,28.071637014390653,5.390511324475772,0.8490659683332263,1
45,44.555450909164456,32.08794190821395,7.045830806014822,0.39779392458639706,1
30,65.20176421600272,29.74439105633478,4.681739835690134,0.39182299517296637,1
23,59.884102156811785,30.99301475090224,3.3924190763831126,0.8082966527436922,1
30,65.66057458832067,26.490708048788736,5.002170847195942,0.7596251388630774,1
28,55.16516091596184,30.967974116404637,3.513552362099583,0.9009817036210643,1
41,51.820627095735176,35.52544543417722,7.677060531207597,0.13300969416330743,1
31,61.405089042856055,27.161258919429006,5.6294982240808755,0.6908131186921995,1
16,76.49191323334462,34.57659150136076,5.778130449354458,0.6476482338083139,1
13,68.60910104541463,29.742198408386756,5.778770283026055,0.7985198403535334,1
39,54.92307229819909,33.67240827988969,4.306410319376673,0.024552384906512126,1
35,46.590279640187205,30.643856591765555,4.867969507482945,0.8262524456657524,1
47,43.179327163022144,29.83294539951037,5.110364631359771,0.3264266532785488,1
23,73.16099451850482,31.74864841038183,6.943888463419457,0.6871221310200719,1
44,50.44917711864173,36.067987811511244,3.842908201417668,0.6165595715730035,1
26,56.74486587005064,31.180486471075376,4.271416110245201,0.4401983208295215,1
24,73.21211126077577,32.39265415454199,4.637068893773985,0.7460275338918625,1
31,43.86098544521008,28.15757543211649,4.326353340889359,0.9612189304155105,1
17,74.92264509475059,37.85443236997513,3.5410735454824493,0.3234749799218828,1
45,57.46359546107498,33.20168555464836,2.2952954795750746,0.7484358831691637,1
17,48.514166847612614,30.38854230012503,3.1731555343287665,0.3145370448435155,1
36,57.526490728510865,29.386731638726626,6.09902993258149,0.8456531403160824,1
25,52.77403218598522,34.889541346365554,4.99178109902078,0.4372731658894269,1
8,64.40819798905716,26.9689796147737,5.83553891625407,0.4492657340612043,1
34,53.518675661122224,21.085624918643333,4.417486404091638,0.7718805811364851,1
7,40.88357789080957,30.361997997122277,4.901664339740907,0.49616969947707945,1
19,57.794374655910104,35.95002286557172,6.613157500958883,0.26664461794089545,1
41,46.43454947713461,37.95654405592337,6.552722605657417,0.9955369336694249,1
21,62.043198839883196,29.4635302828306,5.941972132592274,0.6202253929150243,1
18,48.12869667716676,30.217938319708917,5.202417787290419,0.6451495567482286,1
29,55.11987196827914,32.59765216257978,5.51796942754924,0.6465819178377576,1
27,61.82587804214336,28.678252905681177,5.370638298645392,0.8833590660870644,1
34,57.87541274965731,32.58202974195574,4.833073206345882,0.1838720056518034,1
42,62.504302830010445,29.57299124465866,4.595630190559602,0.05915150517453671,1
10,66.80287165717756,35.056841285950895,6.122367945301126,0.38670051184496046,1
30,48.420663002686936,33.61490256548912,3.7043724511038647,0.5649051805084682,1
48,59.35602459375292,34.05113916151216,6.487358277248642,0.28570962117640986,1
47,26.704962024918707,28.97341177598956,4.724557193252186,0.6892070044912099,0
38,62.47333301682524,39.629636602511304,3.6859464953023173,0.07391597893728286,1
35,56.991858696251576,32.419559711897364,4.454495142303388,0.7907094710834774,1
29,50.16550236522029,31.236470267434157,4.125592112908726,0.7180860196989972,1
22,63.15719422296524,26.19528509716514,4.42432564789615,0.21394478717415777,1
18,71.72697577185068,29.51464089925723,4.406046481312835,0.29845423860613784,1
11,55.23982252401057,30.57189880351318,4.366305228624777,0.8070020448385405,1
14,50.5518550975828,26.0616135178785,4.692042931860165,0.7733378430181078,1
30,61.650252624387115,28.53841427115456,4.935226667938927,0.8137661573339263,1
42,46.643933333536395,29.17099990948495,5.7638596351809674,0.32224284489181276,1
36,53.39618629464461,30.279603304616092,4.7550473680129,0.9695711834733279,1
36,72.22402161650503,21.186465049791977,5.326020806627595,0.7153382293739712,1
14,60.62179229812288,29.32364729647868,5.007531312048537,0.06520078739675472,1
28,41.20533036053834,28.11326908460034,5.5405807704929595,0.47773485401094407,1
49,42.03008352720599,29.895579251875503,5.04667533965586,0.6645470454726025,1
42,61.62085692646775,35.17638283090128,4.35317822468303,0.16865019234702538,1
25,68.62390575917688,40.26197746060603,4.0818003473594135,0.901768926659841,1
43,43.8237854137385,33.39188599822313,5.210229598504215,0.7541087011504333,1
1,64.49712607496508,23.82788913966832,6.273378489900638,0.08143176773316896,1
19,73.30343507489718,28.27296524083733,4.7708753729902655,0.9131981082458669,1
14,78.87858987958639,32.979816544155454,4.299136346171798,0.40436968010945695,1
3,63.31222759859876,32.41645248214512,4.743829324728431,0.45246947756838307,1
21,65.06802594552474,34.936628677265375,4.438605489097511,0.7831081604266895,1
49,38.668155723718556,29.513245028547022,4.333019480888086,0.6439976834001884,1
37,80.99752547995989,28.182498778172473,3.5564054184997484,0.43752869524554583,1
22,54.24509786903879,38.762120019580195,4.755591713738111,0.2596246576546558,1
25,50.665288415749586,30.293353016848187,5.2357771538433875,0.5168957319698246,1
10,57.44793865560376,24.916628119894426,3.9180958428019483,0.5791797473803921,1
27,75.11673414185431,37.37566828516461,4.121660249732146,0.6309323476726025,1
1,82.08046047543547,22.519522543027776,4.051938005511787,0.6050632495855791,1
7,61.25408679475844,12.524773887556972,3.613322032953798,0.6173034963029923,0
28,69.98084172603654,33.84693379018787,4.044407896360733,0.4757375949605298,1
10,60.43204048685504,34.55350485512316,4.8021435711740414,0.5618878389992152,1
36,49.62204526981816,32.070064709723454,3.6579421939551615,0.2886381846956956,1
17,74.76743670788291,23.48771958003975,4.8624575325351636,0.15837491528443925,1
49,53.77872519643611,29.705650723788395,4.296533207539585,0.6069356858524266,1
13,75.35530773371883,28.609157132230642,4.071017941179705,0.04699869187696859,1
9,72.98541329769084,27.31355494553805,5.377208816373132,0.06520696355382771,1
34,66.14036263957207,37.0603471540464,4.359874394686098,0.2473159961879664,1
8,78.28974756254354,24.766669706841554,4.52998613393235,0.194327012543136,1
34,82.32346033185738,31.580522265532,6.298006810000217,0.3741131314412909,1
10,58.247566370356886,35.970234918312876,4.079944366258029,0.3712888127779721,1
43,51.912058815835685,31.907207626595188,6.565874547592363,0.11685545574928213,1
11,41.35730162743528,36.205591862476865,4.652208870947339,0.24650300950980641,1
2,82.44682255430256,32.81857361214465,3.863865367128035,0.00456916961928433,1
38,55.603179910815506,32.14674835246014,4.446051658937983,0.3509638102455189,1
13,71.3503685710174,31.834174344160736,5.068774906622371,0.7964351775631856,1
27,52.587446324905166,33.06721633325075,6.254503859840713,0.26615998849476996,1
10,75.38265640912036,28.072304512938697,5.79882480856328,0.6433481460454147,1
38,52.99882408184587,23.490630740636067,5.063906849835708,0.09825517877204226,0
24,48.08280866382657,34.77021705731654,6.259955981489124,0.012284671760954491,1
20,57.9149356904625,35.80871150252883,3.1189629521325144,0.49839652204637974,1
9,54.68224299038363,31.259894054530218,5.249441530059854,0.4614840761620804,1
42,65.96299785461213,27.258121901828147,5.3099397266256005,0.19151919841351062,1
14,59.486050728074765,22.21141441735181,5.322142467578984,0.28658495636802883,1
18,66.27702394551922,30.42903549961694,3.389848834011291,0.030671406929324463,1
47,57.08978526914706,23.255248276410143,3.983087598321527,0.7977998765947679,1
21,53.34892628981195,22.55506248681037,4.833525577842273,0.30128269633805005,0
20,54.16439452103926,29.896342359921537,6.114791504961478,0.2194564194272297,1
43,80.44938798031026,26.181152494059926,6.915264495717661,0.8046577010675906,1
31,62.251709322269356,31.726547780823854,4.335564748416577,0.0392736997745784,1
49,40.162377905469555,29.20352198719063,3.690153208028904,0.28452581707876523,0
22,54.79790986545919,26.96682716888695,5.815761436425122,0.2627524619389081,1
12,60.96866032475876,21.47542459635517,7.614370011300883,0.2629726144832014,1
4,78.45399681250379,25.73555937084821,6.106940633301185,0.011495759152212903,1
3,70.286987158899,25.919317549744548,4.251367276005974,0.9346717189875133,1
27,50.78282163518085,23.87346163242519,7.861139293217212,0.8641451990074427,1
13,84.1835575357245,28.354778523788074,5.686799620468913,0.4144930568884584,1
7,59.688396351985226,24.26374004412674,4.208986786408307,0.4454349353094035,1
8,72.46329811074945,29.181286263543925,6.9343021663377105,0.5241542451539746,1
34,48.44991502600097,31.202056068343282,4.13000818860116,0.47831587266659226,1
36,36.01836904749102,25.86915022805411,4.378911481338056,0.7791336913325394,0
20,45.915685096316395,32.12704314709293,5.726620822341125,0.48841992866977424,1
17,27.496665238042944,23.193210643761482,4.975094682110745,0.1888246705202482,0
32,81.12089327252909,24.439113008018545,5.037007132004767,0.11697188679245152,1
7,62.14532918886416,29.433913511876156,5.0386915016427976,0.9182714333449462,1
48,50.75355981551969,33.435205459443196,6.11447992587016,0.04838265918896567,1
16,64.5262402998012,34.33699770744633,2.675609360288377,0.8975605434452407,1
42,61.893340361801656,38.0619531107878,5.28451388588647,0.6904791921675877,1
30,66.20933395613991,28.11705562591245,4.709796622919482,0.404704686118738,1
33,72.09531401136269,29.36249340660848,4.247503967469384,0.18717844867837696,1
5,57.100788469749844,24.836622354910066,4.244863582066666,0.31048221134702225,1
21,51.20160693899013,23.731168340044885,2.3628903307807803,0.5298736987514415,0
13,68.27775214371917,31.142860431637626,4.201581896398806,0.6568509436885831,1
2,68.02332777884466,26.120642502768785,6.290462724939337,0.6914724249577273,1
11,61.00735808121345,36.16189600008645,5.83205487802754,0.4472937117298502,1
35,81.77554188680773,22.688071340663047,4.808618237605508,0.3739740933968698,1
11,55.621778771383475,32.43176602912348,3.5887442781593437,0.7683174909941318,1
44,51.00142028364732,24.971303805914854,5.821869772259128,0.9254134372925321,1
1,64.18091427506602,25.897757666139583,6.309848411660418,0.9144650106558354,1
1,53.25062143086502,32.69556032626016,6.034194670797665,0.5516207711949336,1
14,64.95516524144895,26.620597819460457,4.03127444501363,0.07902031758554384,1
22,51.6699174416056,27.4210796624005,4.135121319137313,0.07328981158700254,0
28,55.99757717068115,25.939208182242155,6.655911258844214,0.40275569473607553,1
16,78.90840420039166,38.92514895806721,3.7907289585030393,0.7328535148926061,1
31,55.94412643252321,26.912568444599952,5.478213365515571,0.4973440348141035,1
6,52.01148455982704,30.257761087163814,3.2222638529268055,0.6273623041683446,1
29,71.706787887065,28.99043199859463,4.699684632626084,0.8433190649535175,1
27,49.48958049713306,31.107085308621304,5.5851504007343555,0.0403355836868432,1
13,53.07056769852932,26.926315265170324,4.970034042857887,0.9238165834316617,1
43,65.76561120508994,28.995913827291748,5.523913321055107,0.3308973903725102,1
29,69.38411423873292,31.969760044969675,3.7737949243462543,0.04678735748041085,1
16,72.20476391081074,25.68496430998504,4.179998035504345,0.8354285361444854,1
31,52.527781677795154,35.44660678314077,5.481818378498869,0.9341540259571847,1
45,65.9600867298612,35.927402595208164,5.696888142052376,0.7686220118713706,1
5,55.3389180045582,33.032463130793694,5.219812853062862,0.8045154432304898,1
23,53.94344366489368,30.349381917982416,5.947057741658313,0.8713083535920365,1
5,72.03212782292286,15.04699275897732,3.3427920614287236,0.5223635314215723,1
26,54.50445604140414,32.121455663272314,4.53380204965314,0.6804628798463545,1
17,62.7820459602098,28.043347973855678,6.822683773226184,0.2864515819166673,1
23,61.555794692306385,28.768627942912303,6.28346882899372,0.2497005149310888,1
36,49.292456236614974,20.513113347385918,5.633638165007544,0.6089426466358773,1
23,69.66092855356321,32.467942429370964,4.844633026644496,0.7346077663370156,1
37,65.60280893678954,22.757094765865226,6.0348156283499685,0.397140557772233,1
33,40.13709388129579,30.592122729956973,5.429141519661607,0.40029108043096107,1
39,62.77421111237343,34.523287409549205,3.482559635392771,0.9542335679598002,1
46,52.27026565833379,27.653359093412238,5.995762447056129,0.5184603937724542,1
14,70.97075306412628,36.080258626142204,4.133956585677767,0.9862842758127018,1
10,45.546001632192414,26.2650481089641,5.759688250018177,0.8628426666660123,1
21,56.43523031370456,33.00216538365501,3.3840272112557015,0.6396576506014364,1
23,63.620245509884654,23.476071242707363,6.599019332100209,0.009135592926425185,1
0,60.543402941418755,35.155652173402615,4.7251036211978805,0.2959251616681222,1
17,67.62958256713972,34.37995191289645,3.8906636677788233,0.41764378444620265,1
43,44.815780139907105,32.34178961481865,4.311494766929226,0.6528149097351852,1
11,76.51914336867378,28.033579316930943,4.6631509026862945,0.3955230730889452,1
42,65.25144658788271,22.98999688285944,4.994230283572731,0.8278238850419037,1
27,73.59718213000896,28.04679842390271,6.318145636339665,0.6629052715368992,1
39,68.74240169233242,35.551535878740616,5.0701426164774075,0.34716008526560727,1
6,59.883898855449566,30.649809357845577,2.829083202277479,0.7844340473432209,1
22,47.158017890888395,22.23481535243775,3.770261487831089,0.3030903143698326,0
20,54.36446818751299,24.376361802900295,7.7575347924161004,0.06278660723658891,1
33,75.89563332862578,36.2657570042614,5.135388795662926,0.17255628639716847,1
10,73.85437781656383,32.43956376063943,5.950790114010485,0.0027404927727919803,1
21,53.8040001989631,23.82999939630036,4.691653860506161,0.8323502802445231,1
41,31.816957137978214,21.17084251912703,3.9953886857931376,0.6271084959095777,0
34,57.87310265694881,26.874789326999668,4.518717777618196,0.5705693107532175,1
28,57.12297111870883,20.743206460050402,5.1283260840584015,0.6620482545541633,1
41,57.50227387959617,29.220827549964998,4.539763662772933,0.6535983250015663,1
27,65.28539201831401,42.258126859181516,6.918467766529765,0.5654999408556949,1
17,68.76212579321663,22.01521962150414,4.383747205773376,0.8424100456686686,1
13,69.90299547099524,29.069871683968923,3.9451643897497393,0.4409470100363204,1
17,64.45709140135367,36.55963287665625,5.808802759702319,0.8048094470977232,1
27,41.99229298077364,33.745439291500475,5.932002503844947,0.7866336846822435,1
23,56.588002673067045,29.256296426004308,5.029977121538486,0.19950483585435608,1
7,83.0408978354919,29.268256649159014,4.397856377459273,0.4537633796148256,1
41,63.742167348024786,24.2204510878771,3.099341185826984,0.8349322239618608,1
44,63.67819568443865,28.661721149972234,6.22072152244411,0.8308551918624829,1
7,63.59485939773858,31.21720357120065,5.86856090992171,0.024006562207835036,1
3,64.15379622505989,35.52556771637045,4.5601116802509045,0.2230501224295871,1
26,36.16887818914077,26.899121882426222,5.059572478429727,0.42387439665412163,0
35,57.604756830889315,29.050824359682686,4.773322817478388,0.047154353334109333,1
4,59.621071682053106,25.253932596216586,6.628730241286339,0.2606246228946937,1
32,72.81495399253413,31.126625897702525,3.9620816970457735,0.2582998388817572,1
48,60.47672894622296,33.91889725154482,4.37993850598008,0.21456838198748696,1
33,43.53488613398059,33.14824006714947,4.283273760936021,0.3966589786818059,1
29,64.30089156171752,24.149064622788224,5.310161286442273,0.8130107739176442,1
7,51.96175351757255,30.734316047282075,5.056129453697272,0.244113641240579,1
38,47.83214358918582,26.61343735874906,5.200068163462816,0.5820673119912659,1
46,51.65840953283419,35.055250078264166,4.119392874458834,0.5575780602829632,1
25,65.42504229664516,29.19343638613231,6.484896830410395,0.8179240829041657,1
36,72.58761239760068,22.402433308794578,4.545954892778763,0.3939994055328485,1
33,64.82929945177587,28.900986471961335,6.187589949396525,0.223568618134519,1
6,66.32023223617021,32.292362845994404,8.139113997281344,0.8915206489847922,1
39,64.73045272838002,31.220030315714,4.126663946185622,0.8329470630867815,1
27,61.01327176860468,27.441019931740097,5.342384899871297,0.6215036796072451,1
38,66.96930634962757,27.07363305064427,4.868396361744081,0.09323937612344046,1
38,35.812245329305796,25.06247800891842,7.03088155492283,0.016117829213234236,0
27,61.11088351304833,28.02625189832347,4.719346072514901,0.18262462114132938,1
13,49.55074965377749,25.72160516737099,5.248691477518086,0.19663855843650446,0
49,71.6290257254414,34.85042993088658,5.226868319511326,0.13624741748808444,1
37,58.5284469478314,25.49431304634192,4.899601230052158,0.26218137130170327,1
3,60.3094808826783,30.611422311811005,5.755473767866845,0.33788856125636124,1
41,44.94928125746196,30.271519516631663,5.0933964004550445,0.7544383997061894,1
17,70.16830889012851,34.728337239424555,5.481851738045081,0.7095221386361662,1
43,66.27328120273809,35.44684144479186,5.213602704856964,0.10437932169399522,1
47,65.56947882340503,33.47984971640664,4.395462274289361,0.9771069735337753,1
24,51.869771478311776,31.76464171645065,4.73103794027479,0.7521392541702842,1
6,52.2636015506187,24.756769269529713,5.55542285274296,0.16343325942001408,0
37,62.235994544459054,24.655649561308714,5.551360301903346,0.12449657092996236,1
27,53.05501589751949,25.771545901175255,6.245009048811695,0.0875468862605161,1
4,64.34892962677338,33.75960499813958,6.859244147838669,0.7317886666589423,1
2,38.390873972332784,30.36664964125318,4.478931122758991,0.23628656047232877,0
43,55.12455443593407,34.34328620367781,5.134874158279639,0.07296799518322095,1
30,77.96753465426491,35.014013671600416,4.806594190448194,0.42182760942814,1
46,64.39485827995765,26.37024049850376,3.8926923626011236,0.7086984314004072,1
41,61.66793664530993,30.160371637785936,5.564555138804422,0.3045564158461538,1
19,79.85226535671356,29.93503160658205,5.777837164005856,0.4826455724179819,1
18,36.64046381198564,28.361061551878926,3.9230087738134847,0.19267496819004215,0
47,51.84688885211892,27.32578572737644,4.625500660824681,0.429148520871252,1
10,55.98826828252611,35.923777517055285,4.527910477570656,0.35894223142513093,1
39,68.5835123300539,30.259858633577505,3.491575296774832,0.4339184151875052,1
2,68.75656363228237,30.06572394279884,4.963622669834877,0.4657115988479106,1
22,51.33993291017374,25.98611162565702,3.854758323561431,0.09229884170892166,0
6,69.9795432214255,33.376062152067526,5.1589936912553265,0.09336835227051321,1
22,55.96685232678293,24.974462495809924,5.2691215249597905,0.2606105838549113,1
6,72.11639625649167,32.27452764422341,5.393022783304726,0.11575835411588198,1
45,49.67357301877942,32.41114680027581,5.44132217772988,0.25278431364742937,1
33,58.7668840093384,27.937424753382157,6.530940716597535,0.02454398358386034,1
41,55.0983268462344,31.5882604059159,4.191353859184409,0.35073941075227166,1
18,70.56030371565714,30.928347795222436,4.241518183982763,0.21341019954336649,1
8,54.77218783433829,29.80319687594925,5.655163897176141,0.8921463498778597,1
47,59.57551470988244,30.064719900726164,4.868018474684286,0.8581575947955506,1
17,65.06811397663049,30.308909115967605,6.125326607058277,0.30041883993371554,1
40,65.4525848302612,30.649558363360242,5.561688792366044,0.47548511451769393,1
47,68.86952607473171,30.301210156718533,6.918111328292861,0.9557921054117018,1
44,62.11124776844667,24.48067904893929,4.908671550227309,0.5240963736388385,1
41,55.81751084720169,29.238945244971976,3.5179604280134154,0.8484332703679989,1
24,56.50301254641249,31.32474300598436,5.3406614199791465,0.8263747768130218,1
13,60.25672315207612,30.486443642696457,4.928325842085921,0.9412889720977133,1
43,62.49592476074383,34.768751296975694,5.53448748651457,0.3057006431589967,1
24,58.52828352151564,33.100432947497275,5.662607186675204,0.04344567624703444,1
18,60.192034209655475,25.64795232473432,4.465451484904077,0.10395373374655481,1
38,44.82746139427895,29.166864459728025,3.9909943414748446,0.5712975189119431,1
14,66.67355284454678,28.44331673276406,4.854056649987614,0.5302779721607528,1
15,61.811122888894296,29.97825756686408,2.618808464225544,0.29845303317404537,1
26,70.01870413541089,29.9850930008065,5.080667258786218,0.24871329739932568,1
39,60.00160507407085,33.057608346199245,4.592561924863836,0.7093814296129476,1
9,42.616024214782136,30.88664181570572,5.861675044492681,0.340502872002593,1
3,56.41553810693325,36.15272502604275,3.0141514664568847,0.6039517859328047,1
18,58.00070076881583,31.2050156883118,5.006345309800637,0.7122935865082771,1
27,67.42903305433599,25.847047398313617,6.5762242847171395,0.43046537729981105,1
20,39.29726455486605,27.6635968991589,5.675401327951018,0.19340626547656103,0
46,60.41179516948935,33.01894535365879,5.980671995687863,0.8607801610538007,1
13,65.13675215793306,21.929158677471573,5.339733522629948,0.09353094924879801,1
32,53.385121147184805,23.270597926199773,3.3384659300993405,0.8294706829237664,1
47,60.74628009816848,30.053486035626154,5.166529173102478,0.8366795761476022,1
9,53.72963490850155,34.75461059260583,5.408489360064005,0.570999265218749,1
18,52.704270667796095,36.53517715977439,3.921775455809226,0.6294760514236286,1
29,55.91580149868683,28.91447126489114,4.873446156640666,0.3580170610844092,1
21,52.89308007532989,35.30414343492942,2.0989293709560837,0.8415842221264224,1
2,66.83618311936333,30.36133954884449,4.665901824058192,0.263703685561389,1
36,52.650481231646225,22.342925088783847,4.563624057183698,0.5597760636781146,1
40,50.970899929520726,29.959617317608153,6.402239355613348,0.0017948354600553218,1
17,77.67928666839533,26.905459376892246,4.396776897371307,0.9398431059218522,1
10,69.60740011824035,34.5911544023887,4.733642941404521,0.9482965242100742,1
47,41.384866393408,29.871623698227566,4.920771222723191,0.7104166851470645,1
1,52.35231710147467,23.610434467217647,4.40967997606962,0.42323983185658176,1
11,62.424629717227106,22.501425945457203,5.719791421832159,0.17861110137164293,1
5,63.23755067231493,29.895100212927744,3.0076079861431197,0.4924628860403375,1
42,45.095071342631066,17.89891264270147,6.1365767041441295,0.7914104723472372,1
39,71.58565492822322,27.409173550860494,4.988121881684131,0.605273621844026,1
43,68.25224419181626,31.155151628714208,6.301647134795426,0.5274965714507587,1
28,64.81901632040339,24.71491747972321,2.2527678578857286,0.8494442133266805,1
29,73.5672849071212,34.96993578452665,2.5637706793888926,0.313133935909371,1
1,64.52289992570918,35.95503274875346,4.7080214404145,0.8599639702413139,1
8,64.48580879251847,24.91649523624024,5.5059153880005605,0.43945340273828093,1
46,75.57679271822242,28.509779129017566,4.445067283996826,0.002413831340989603,1
1,71.0121958072771,34.973465756607354,5.583845830082516,0.7319420077000686,1
28,51.584925410884686,29.993462328724554,5.981309757442963,0.8778433846451944,1
32,66.33195178671916,23.0276071095049,5.665999547021368,0.4843608390192714,1
9,53.35732135041418,29.283394657178235,5.103268504380081,0.45474786915510546,1
33,65.04154550950278,25.735358388520805,5.095602849654056,0.8054484255309857,1
43,64.76613507019815,35.540989482129426,4.3852049136116165,0.8847747469561343,1
7,46.165326875440144,33.02966047162295,4.944625675796223,0.9744201057897798,1
36,58.78154388688965,28.43121527367186,3.9757691127652732,0.34565029112059154,1
32,62.65257023580402,30.710740062650203,4.215270532638942,0.5946887667349846,1
46,55.63709809005843,23.459392115137568,5.514364199546755,0.8229183448713002,1
5,63.1470994239076,26.231112707211942,4.537118868468651,0.53185192352354,1
43,68.05897777001069,37.766395938462466,4.262438105830667,0.46185333319268296,1
39,59.69406935769244,30.267573262898335,5.449231013184993,0.5719320811917366,1
44,62.24599476708259,34.650429023956825,5.379899656930417,0.3568669992673016,1
18,73.83424078555976,31.160065442040143,4.784700414551389,0.19207609409662119,1
31,64.73196583225226,36.571409215147625,4.851064569278362,0.06663111340988515,1
26,62.00824289674474,20.005812337003903,5.415947889879907,0.6099807644471934,1
0,50.41920620358639,29.058912079904967,5.968957116383891,0.3791343614819943,1
42,66.7102601138885,38.22390823108195,5.201085659153762,0.8829530032527695,1
32,63.30149949391939,34.78086717780322,3.8079660896228873,0.22295917910234397,1
39,72.83739433701408,36.62686129395095,4.778572507236548,0.3107116500089122,1
31,60.46878543303311,29.966177031717546,4.592850162206583,0.9705062362269096,1
4,41.83733499866004,27.314467922933083,3.947013893625554,0.5562912047150244,0
16,42.99879131171738,24.864177701560358,5.4979327656021,0.3467530428493175,0
7,67.35680763759733,24.515359541692447,5.574852579395333,0.860894323808494,1
41,54.29806402301847,34.0353028110426,5.72620842170596,0.7433750895352864,1
33,64.36767751110497,32.56605525210426,4.00908704591791,0.5731429339159299,1
8,61.14232644502356,29.6671327533482,5.157450937079173,0.8890996909054295,1
22,58.33160332306079,32.540953274258406,4.993724767155873,0.09396152440761396,1
34,59.03638714411777,30.712258795260304,5.307403093341886,0.3944939435299085,1
49,51.34610494954773,34.811088506997415,5.129726491498193,0.8105501038257232,1
6,59.84222311100329,34.76343377454085,4.9874540550836945,0.3859429939896616,1
14,54.15506567205601,24.67062949757579,4.867276240525452,0.9267365267617482,1
19,56.27743479874295,31.36822993734895,6.10684061002552,0.1525211280478448,1
49,56.76350955290839,21.65566624902959,4.138185992480714,0.33663730623327204,0
24,57.73306730101281,30.66510369045298,4.826829129234952,0.42574256214931316,1
2,69.22173456507086,33.02152139850793,6.08137066680596,0.6869620862699648,1
45,58.702091707953066,23.431403276034196,4.188944075968591,0.19534948209218383,0
23,70.23702336590098,27.91768632269584,4.239912072256013,0.009863835379888775,1
33,75.37854951326482,30.047631886099012,5.73394094445181,0.9765093141872261,1
45,68.5494465105615,31.169574581866947,3.5760861593529576,0.8987570988958506,1
21,65.34468535068511,28.606981483875824,5.660631123026494,0.3002220853877581,1
10,63.268322094835206,24.13855923797664,4.510365420753036,0.48348083988009993,1
47,68.65358709050071,29.729963990403707,5.410000615520422,0.4889202103870368,1
7,60.8936073859624,21.73878216529511,3.7792654329443733,0.8692255556262621,1
38,69.84569845957199,28.836792816589277,6.185076266558369,0.5970601411466547,1
42,66.14105805289684,27.79313193151535,3.782761350110457,0.82643102275787,1
34,56.40159539219612,29.328671632802894,5.724950353546654,0.9119941513450491,1
48,68.95850880102806,27.203390112621584,3.824537616224015,0.5659531317125978,1
45,60.914800059775686,22.461595809219,6.808300871089063,0.2854824677387058,1
37,58.93867992387684,28.168283397052438,4.928618218144871,0.498707805842979,1
7,55.23800839601013,34.654100625186594,6.950857094996984,0.8508696087241842,1
36,61.660188478745724,36.30730401994403,4.1811125125893405,0.5836191743982556,1
26,69.96462615412983,42.19667139359633,4.557349303951204,0.8957219067341607,1
27,68.88940005593037,38.45825204198832,6.210719203732169,0.8954360092819813,1
39,63.53393797458957,24.015310366659477,3.573803978224884,0.37335962004633805,1
33,65.99643640725036,27.957811993636703,4.300733344130058,0.44811389559607817,1
31,72.71696791522558,29.886071825811115,5.495068429689332,0.6779137602409696,1
14,58.50033708829139,29.5722008288315,3.981219423303667,0.11106445521298991,1
43,48.84579996469794,30.34766664948113,5.521817422019045,0.465557217438756,1
16,73.01129852178573,42.037957107737796,5.170404385021718,0.14938544514313934,1
32,54.70221747969282,24.589742271038013,3.4863543762578155,0.8479561841263664,1
46,53.09661876656095,26.432344318928507,5.967768787983466,0.9427844307676558,1
45,42.03802244665449,38.21912965044547,3.737566906805431,0.14154887553145856,1
15,65.71283053164296,26.92009328457574,5.771279096972937,0.6673414253958895,1
28,43.785473754477785,31.967903251678578,5.128475398244281,0.6365432290985148,1
8,52.49741192308263,35.17328684934104,4.544987535294258,0.760074801034662,1
32,65.88236794515059,32.43249508366015,3.894597475039116,0.6957796528720664,1
48,67.21921252408372,30.95882816551246,5.329269325408149,0.2171290353153965,1
28,53.482958517817664,34.69305384846992,4.1274752065224725,0.2912126542453216,1
12,58.65846673007594,25.53465721747515,6.207953476052577,0.16523221566810598,1
20,51.27405473593847,27.518184352519995,6.244450609303399,0.9211439990616742,1
20,54.51603212188817,32.67818794232582,6.642034020985997,0.5218234651189846,1
4,62.66215260152907,19.652803703928747,5.280897437075309,0.9761611520809252,1
9,54.983533212035425,37.08291911672346,4.595690194501624,0.4493218514328423,1
5,57.55784959824331,31.516961875988905,4.703097419329343,0.5527231712427954,1
12,45.352933183824334,30.765158763905752,4.629912417197746,0.7892939219964747,1
0,71.32956164806137,21.847435611794715,5.248005538329107,0.7972236598219671,1
19,65.10066593171065,23.56695437300131,5.436607255588602,0.2311495922989334,1
46,67.92905371837202,28.00708167849569,6.231564366016897,0.2882828661297713,1
45,72.90425324616862,34.03714925147799,5.020123415596031,0.09780683754753894,1
7,51.747871244542836,19.616919939007076,3.5967726694664415,0.8054645015753154,1
9,56.41605516971976,33.94182400388678,4.592579073538098,0.7938615216933422,1
8,41.05165632417789,28.199843379458166,6.555851780056523,0.08125880815860365,0
48,91.40422910102237,28.88288263629174,3.4434214295279864,0.2574325906850736,1
40,58.50414684682624,31.26796470845403,5.739149960401382,0.4498670100961716,1
2,70.38727899914912,31.346586189232056,4.60942688641656,0.5417789435829136,1
10,47.618388556645414,26.437857050317014,4.11653568960048,0.5225442190636438,1
11,69.96388425643009,33.124550442344216,5.395611049112125,0.9830752876941358,1
9,78.57590876649665,18.40300930051781,6.560953025622766,0.7641254498058956,1
24,59.397192509720185,27.747905567161727,5.340444176783171,0.1131878222218562,1
48,49.891185034103984,30.76840881588452,4.737455789958761,0.2935023779410909,1
48,58.61203599054464,28.275253423927627,3.703950760393631,0.3454272366468094,1
24,37.73238475042774,20.86544848017009,4.901150838897263,0.31514806745077173,0
10,59.62113298978158,33.790136893802355,3.667850179710559,0.7859456564753263,1
35,68.20967139312995,23.75806093936474,4.69007577857977,0.36056126538904687,1
38,59.64242355626486,29.66242996235855,4.936942351608396,0.49242671908850977,1
25,57.15860445311033,30.765172985338115,2.639458509289525,0.5334541678426853,1
13,65.27568116112033,30.099135768826837,6.388322204587887,0.2704236732883081,1
38,66.04024846949552,35.84505462931908,3.7614785268795616,0.3226957967803069,1
39,43.400944374948175,29.733687200031564,4.814040798829305,0.7799975688207331,1
0,60.88822962278788,32.1372770234847,5.533833245812517,0.8666829639064455,1
3,84.35985124229244,29.720479834243793,6.308549718179179,0.03708010270671114,1
29,46.64983754351976,33.064780420831376,4.207846993627168,0.60515456037533,1
11,59.145811671669335,36.96747648523762,2.4908147390271047,0.6334355117742867,1
34,79.41746122051703,30.68770914736097,6.078663716011286,0.7373092015475299,1
12,71.04175156543675,33.909251787915,3.7505051135737904,0.6938467732119267,1
30,54.866033192239385,37.27664467441099,5.359443243583728,0.8774244911633217,1
37,62.06135379622604,36.78592123487136,5.421589700135646,0.07847231225161566,1
42,59.97888320015176,28.073552981943948,1.7479705673284132,0.38837223852970215,1
22,52.519281956783324,35.182161778725835,3.3851632284555606,0.7820894481401731,1
3,59.25747892506918,31.243855800235963,4.5391887932828645,0.8465800119277591,1
15,57.20033867193471,35.58614998866957,2.4158720810607655,0.2647684382806582,1
6,61.1274893807675,32.84317291781475,3.6619487237425874,0.585284044040142,1
21,52.51616819308967,31.37834038018094,5.122878560126667,0.1807650154843048,1
28,47.23381799755339,32.169860401731775,4.911516347908731,0.8508943498492497,1
10,59.58719226607629,31.276189780194656,5.302654430644272,0.7304301490510385,1
32,77.1511821817878,31.47166522568255,5.449220978728852,0.22206507899913808,1
28,60.822029262627964,29.205838197090454,3.3181704330203865,0.6237731528155892,1
38,56.684062210684544,28.741378296962413,3.7151517365873605,0.5093203759985385,1
11,67.54085805038498,38.81587464686335,5.76136618951205,0.25882673121629507,1
6,58.41680387404622,32.38763955555592,6.52433024100268,0.8931226014794093,1
38,78.6803292495911,27.133475388843003,4.032591951137787,0.14783929769483395,1
41,59.96087490704922,28.61291284285178,5.258905594096957,0.4674598026486827,1
47,67.00497063158163,35.281292267239756,5.807082893313895,0.5827982846510048,1
25,52.45395617606727,26.319066449556903,5.237555617189285,0.823545646327056,1
39,65.03089253336663,22.589861590944945,4.751233694579019,0.15017991236758355,1
8,62.75093476943754,22.957754296989776,4.359350005551007,0.6091746081984598,1
40,59.43493875340792,21.35512199897606,6.985269204765541,0.006559743894852255,0
33,54.982422388302794,23.505925708677708,5.096209041526975,0.8225813142344313,1
44,53.61969834347626,24.09567030099595,5.388942031217275,0.23473244914228142,1
12,62.823526639796526,36.9261868980407,5.3243200807469115,0.7209153139510438,1
35,66.28939109696474,29.769103936703658,4.187581592999188,0.6018777892948117,1
24,58.72837203705868,28.183682304316413,5.050821023314305,0.05012738295770758,1
23,62.87267929120792,22.782934684907133,4.677757312121898,0.1832300160713881,1
43,59.6208532186723,29.2843680126433,4.6598524088311155,0.267740695887719,1
16,60.98526024905388,21.313359687179037,5.3169591410187635,0.886727687989377,1
1,57.99555017322775,28.152914143568175,4.08435702676466,0.4808033886726205,1
12,60.17972579368308,40.322471949218375,3.795211579196252,0.9135032181053065,1
30,86.98040456817427,33.31901789353182,5.50272506040542,0.04744990054147413,1
28,63.11634298807425,28.951009198227347,4.46838940737133,0.006563873716117552,1
49,66.45296958431042,33.49061802703178,4.654984279723264,0.9482466207053251,1
27,64.38023605328097,27.39228410936216,3.0712034473233385,0.7239169067007852,1
26,57.371831767029406,25.99661128560406,5.963082782176634,0.7833167982136529,1
14,72.93989213291668,38.52064814766421,5.5240162119156935,0.9158056141016784,1
30,57.08836229573659,24.288626730398633,5.70806878531183,0.9845386922984959,1
39,70.55054548942552,28.229393821613247,5.387325620397744,0.0977121679119698,1
14,56.65793001933551,31.53016641181755,3.4840430463097354,0.158291344122106,1
32,50.40027480855959,25.31882897121276,5.2289989646791515,0.18857344895381145,0
19,63.65396208236193,33.25302476815705,4.39086649765505,0.8184176587855336,1
41,48.95331643897893,28.46702737678874,4.037142894766461,0.35554991319924756,1
11,65.3564022501661,33.31955163783428,5.500048241445721,0.5932714472329357,1
36,48.058413439086834,32.92992089875259,6.658508916752679,0.8552219120014807,1
8,56.80991969527147,28.78493934687085,6.493339418956341,0.6831598397545032,1
22,45.682703034752585,38.553293362954925,5.622145018510616,0.06541539397349905,1
7,88.24167009402728,26.67332098283279,4.969771840540804,0.4456738567248234,1
31,43.46040440383686,36.74435235274369,4.784457679081087,0.06750005160728823,1
47,60.098137403964046,35.8746662131402,4.095496413556773,0.4788435446855591,1
13,71.43304274330013,38.8544110383022,4.730266816293323,0.2193027153930006,1
26,70.36385908587025,30.870280196715104,5.908523959588145,0.0013081995250968648,1
24,68.51342122173138,26.05707144036005,6.823139132024937,0.813151791792045,1
12,56.82771611778524,40.38398292664773,4.183518693035961,0.9693828444028596,1
20,73.51088946337002,28.32649266011818,3.004986515328301,0.9641326817709155,1
44,69.13391090802183,25.932287136472322,4.469126003887695,0.29918519376332375,1
30,62.122996176604765,29.051066270475935,5.903954112871135,0.8287736100628432,1
36,62.40580757726592,25.091546419214612,7.07227729065907,0.6787769014149175,1
47,56.96077352384627,32.63074412561673,6.310041206656804,0.8000763902993364,1
42,50.903479741669614,26.971658091207438,6.285285212378378,0.8462380482625269,1
4,72.37150975478717,28.56257915047564,4.1504396463252595,0.9802787390513322,1
12,73.12207993601533,34.83889430832481,4.1786106264509915,0.1517296376670445,1
27,51.158908589700786,33.118466050880954,3.6761903627337924,0.7697460239843019,1
42,58.46214834853808,30.077922862848293,4.33452026387457,0.7341536040820043,1
24,58.56576783541071,30.85436764373491,5.914097783411165,0.2877358376885174,1
34,59.6734409625969,30.061277153157707,6.6244871869349256,0.3925875558034485,1
46,60.64294878587582,27.844224667913178,5.345517271282863,0.176758047674493,1
38,69.46861461646179,29.987366695761065,4.7448790399900815,0.913273193085767,1
6,52.527826915132565,32.45420812746472,3.933275182326578,0.8793357247992715,1
37,51.536530084873405,29.369189355105803,4.887484843986708,0.6140350146014218,1
31,72.36619742142975,32.09883815115137,5.203126327650555,0.5116299998847065,1
2,55.37355258118702,25.816656107884764,3.536927927226804,0.23288836038344873,0
44,47.369646464229334,26.980531744271477,5.921472928506788,0.7896035570299674,1
38,55.1487005790013,26.328397483630123,4.576086003691341,0.00820491232039211,0
36,56.69947264755999,27.17434314103797,5.8614158411012,0.4627866915720481,1
49,75.54962727725766,36.435905233530455,4.989080037949016,0.8605511771263569,1
21,69.24826212376738,33.630193965551804,5.297216692887307,0.618485334432753,1
7,71.47520616632242,24.615384406578272,4.298050789918692,0.6351228415716288,1
16,68.19973642346787,32.187491482042276,4.65538471418455,0.07070742561944421,1
26,69.46243671615314,28.04708843675715,5.642042123361957,0.2867047294459052,1
32,53.11917873419682,26.58807707264217,4.868501765261626,0.6738622055961819,1
45,58.01397844646516,22.571302671387464,3.8950259843028308,0.049617301253082724,0
16,50.10084686976451,34.85959346910122,5.11157405505228,0.33093575348563453,1
41,57.89511969462966,23.180684251664307,5.385675016838401,0.35394456355986936,1
11,66.8410499093474,29.74018410995063,6.372888525672031,0.4987183890342435,1
47,61.34583284812247,25.268443771375658,6.152553268659472,0.3623752523846637,1
45,73.11480818960295,33.87921973534962,4.935364453646132,0.45411753746390315,1
26,48.585842077727804,28.328240868430246,4.452664835335755,0.5469973464456027,1
47,65.0023835069824,29.327686722398276,4.7716986006383095,0.1283478415365371,1
7,47.51697198130682,29.496328685349837,4.476266492622076,0.18047541467399708,0
22,60.941764691736424,31.512851674678917,5.506161225703947,0.8325109943556779,1
41,67.40333422556479,30.065023819916547,6.04166512261565,0.4597679424697976,1
48,57.85497433175781,29.78363405519442,6.239834359294089,0.35515207384644354,1
28,65.51126604086956,27.40799012372611,4.587793547502335,0.4338815141816792,1
49,50.40267665167066,22.126353133289534,4.487973600585882,0.174818552811996,0
19,43.363100218036166,24.407245202290724,4.579605575441369,0.23984725475259894,0
15,65.57029622487804,33.592398693403226,3.067963049913841,0.5155235425665344,1
16,77.44010234075733,28.47090268336851,3.797187641453082,0.35892649630146445,1
15,50.039550598301076,26.679951111387602,4.965446994061317,0.47545610300521124,1
18,72.22194180106796,22.971359277909777,5.379271740443969,0.14970467282153932,1
7,60.43423408816411,21.40176429954824,5.491173057882546,0.1564683323230318,1
37,46.64308478306924,26.483965599359006,4.219505578129465,0.38394301963262945,0
37,48.68494698647837,34.44026427022629,4.508889852180646,0.37885763269539674,1
28,60.1578477336065,27.214649031888406,4.730496193360539,0.8833323435247868,1
40,55.95537712075896,32.002427626207236,4.61887410116444,0.03345138073881737,1
35,46.87087023241761,26.98470085301021,5.688017720664664,0.9928554416525434,1
25,43.059607187745954,33.194333480144245,3.6918258900380714,0.9565230592265019,1
30,51.53280672073494,28.241245990956656,3.850704394957058,0.5422509506579966,1
43,61.93809008331118,23.840578772247518,4.7015647043525535,0.7187577619550273,1
11,59.93599247396862,28.65523466050278,3.6343962966623256,0.9352546574817452,1
16,54.98762042499922,39.17000209140204,3.099529721043339,0.25119390585358714,1
14,62.01887194291483,38.94942157775427,3.5065228403802453,0.3156306080641085,1
8,70.40026719862688,32.43266651389682,4.7572854115512335,0.11092468339811579,1
38,63.941265104341475,29.314705922931488,5.630530816325475,0.5638461173250545,1
41,58.786913286104195,31.519509010475417,5.651366534392826,0.15944837567052272,1
47,69.28072006660689,31.58426169366645,6.587915432539091,0.9308706163973545,1
11,50.40149697783705,29.800566238164492,5.10166511757086,0.43156684710594906,1
31,57.750804604446486,32.204720099613084,5.236200512328828,0.9196867262006758,1
24,57.989120643996316,31.041134310767816,4.749592962971656,0.205099901634074,1
38,47.630467415571545,28.420138073178432,4.798173534263991,0.6940364744863313,1
17,55.80125837715642,24.023716003081788,7.0805453315952125,0.6475920780536306,1
14,39.25040319104697,27.69970378889917,5.261351437255032,0.39967568045082846,0
31,79.12178047662954,33.997594245367985,5.348274269094121,0.8983431271059261,1
5,50.62586211563687,29.842688877523177,3.8548856970830334,0.4348020509222563,1
43,75.86114131421311,31.501434457937528,5.410422274905068,0.19843053046451742,1
42,60.380845057194925,28.584922361477936,5.6583319793234645,0.976985381146296,1
34,65.6486413215596,24.702012474946876,6.110310127937866,0.44148140299855876,1
33,55.112002016490685,28.806851425640886,5.630084524901502,0.2080729776777348,1
37,62.079296919616745,24.887720496253245,4.873261771916017,0.3636326604814286,1
4,66.50489639988436,24.568554131982243,4.830576687136791,0.6135094565371869,1
17,66.64552414394183,36.028183044347045,4.927919321231097,0.5120275356113725,1
15,67.74773390074357,27.899569975328916,5.107187043560903,0.6351170228302669,1
7,56.316672899608236,26.29257637269983,6.267650440806179,0.6618572785184771,1
24,55.196403275086446,38.089798421904526,6.072639549201208,0.12338103171283787,1
31,44.05823674732396,34.07492517702121,5.75291095372578,0.3148849639735294,1
25,65.23219011176937,28.142453872490808,7.0292099804702985,0.7487009907882679,1
21,70.82378711323443,32.13818162776184,2.3437616247231743,0.6503672491534601,1
30,76.1598167991793,28.821058408696487,4.53994142567397,0.08834833682608156,1
42,63.05172634580508,26.536601603602,4.988727380885617,0.31514758549784183,1
9,52.33520227091431,32.373456122425026,4.327770526039027,0.9313221493698136,1
